build_id,timestamp,hour,day_of_week,repo_size_mb,num_files,test_count,dependencies,cpu_cores,memory_gb,cache_hit_rate,branch_type,build_time_minutes,status,cost_usd
build_00000,2025-08-29T09:35:17.543926,9,4,2479.01,218,35,73,4,4,0.884,release,336.17,failed,0.6723
build_00001,2025-11-22T13:35:17.543926,13,5,11026.67,912,23,39,4,16,0.298,feature,876.59,success,2.6298
build_00002,2025-11-03T00:35:17.543926,0,0,1264.82,784,125,43,2,8,0.775,main,191.63,success,0.2875
build_00003,2025-12-31T16:35:17.543926,16,2,10789.86,502,427,33,8,8,0.773,main,993.61,success,3.9745
build_00004,2025-10-17T00:35:17.543926,0,4,2848.24,162,262,60,4,32,0.54,feature,203.08,success,0.88
build_00005,2025-09-27T23:35:17.543926,23,5,14614.58,142,135,56,8,8,0.846,main,785.86,success,3.1434
build_00006,2025-08-17T00:35:17.543926,0,6,16178.22,721,212,33,2,32,0.754,feature,791.72,success,2.771
build_00007,2025-09-19T08:35:17.543926,8,4,261.64,444,474,36,4,16,0.705,feature,192.13,success,0.5764
build_00008,2025-08-21T04:35:17.543926,4,3,860.98,604,1427,46,16,32,0.938,main,165.37,success,1.5435
build_00009,2025-12-16T07:35:17.543926,7,1,44128.59,565,1586,70,2,8,0.518,feature,4505.22,success,6.7578
build_00010,2025-08-18T21:35:17.543926,21,0,1143.84,121,382,49,2,16,0.506,feature,304.23,success,0.6592
build_00011,2026-01-09T18:35:17.543926,18,4,1210.12,144,361,45,4,16,0.814,hotfix,158.52,success,0.4755
build_00012,2025-10-01T05:35:17.543926,5,2,780.49,540,62,69,2,16,0.612,hotfix,74.8,success,0.1621
build_00013,2025-11-30T21:35:17.543926,21,6,2839.44,8613,30,52,16,8,0.588,feature,252.44,success,1.8513
build_00014,2025-12-01T13:35:17.543926,13,0,2334.13,67,110,47,2,8,0.891,feature,231.85,success,0.3478
build_00015,2025-08-17T06:35:17.543926,6,6,2843.15,136,30,35,2,16,0.863,feature,174.76,success,0.3786
build_00016,2025-11-24T11:35:17.543926,11,0,127.25,1698,149,61,8,4,0.791,feature,146.98,success,0.5389
build_00017,2025-09-10T09:35:17.543926,9,2,1373.0,464,227,25,8,4,0.653,feature,238.57,failed,0.8747
build_00018,2025-08-20T00:35:17.543926,0,2,2066.21,109,13,34,2,8,0.949,main,145.44,success,0.2182
build_00019,2025-12-10T20:35:17.543926,20,2,26956.02,506,1081,38,4,4,0.829,feature,1976.07,success,3.9521
build_00020,2025-10-18T19:35:17.543926,19,5,5682.77,291,278,91,4,32,0.693,feature,298.9,success,1.2952
build_00021,2025-09-27T21:35:17.543926,21,5,26891.08,57,123,51,16,4,0.655,main,1461.8,failed,10.2326
build_00022,2025-09-25T17:35:17.543926,17,3,3922.18,631,135,23,4,16,0.778,feature,255.43,success,0.7663
build_00023,2025-12-28T11:35:17.543926,11,6,3782.44,910,710,44,8,8,0.805,feature,508.27,success,2.0331
build_00024,2025-11-23T23:35:17.543926,23,6,25300.54,286,200,47,16,8,0.842,feature,824.2,success,6.0441
build_00025,2025-11-13T06:35:17.543926,6,3,1172.07,124,253,29,8,4,0.631,feature,220.86,failed,0.8098
build_00026,2025-12-21T15:35:17.543926,15,6,293.18,395,44,43,2,4,0.626,feature,101.58,success,0.1185
build_00027,2025-08-27T20:35:17.543926,20,2,23.42,1264,15,51,16,32,0.914,feature,9.24,success,0.0863
build_00028,2025-09-18T22:35:17.543926,22,3,10815.6,3604,56,35,2,8,0.619,hotfix,818.75,success,1.2281
build_00029,2025-09-01T01:35:17.543926,1,0,912.16,771,378,45,8,8,0.877,release,267.39,success,1.0696
build_00030,2026-01-07T05:35:17.543926,5,2,396.76,34,50,42,8,32,0.503,hotfix,18.21,success,0.1093
build_00031,2025-10-17T21:35:17.543926,21,4,1313.49,674,348,32,2,4,0.467,hotfix,330.72,success,0.3858
build_00032,2025-10-09T13:35:17.543926,13,3,15260.32,229,3124,62,8,32,0.69,feature,1149.34,success,6.896
build_00033,2025-10-16T14:35:17.543926,14,3,1480.6,46,82,61,8,32,0.539,feature,78.13,success,0.4688
build_00034,2025-10-11T23:35:17.543926,23,5,126.24,45,1700,26,2,8,0.835,feature,886.8,success,1.3302
build_00035,2026-01-03T01:35:17.543926,1,5,1183.54,247,11,50,2,4,0.72,feature,98.45,failed,0.1149
build_00036,2025-10-18T04:35:17.543926,4,5,223.77,193,297,38,4,8,0.451,feature,159.68,success,0.3726
build_00037,2025-12-10T22:35:17.543926,22,2,10782.51,34,56,34,2,4,0.845,feature,772.63,success,0.9014
build_00038,2025-10-22T11:35:17.543926,11,2,2923.25,1925,289,72,2,4,0.952,feature,509.01,success,0.5938
build_00039,2025-09-23T09:35:17.543926,9,1,413.24,247,72,34,8,4,0.739,hotfix,67.86,success,0.2488
build_00040,2025-11-07T20:35:17.543926,20,4,3728.56,711,209,67,8,4,0.883,feature,296.77,success,1.0882
build_00041,2025-10-16T23:35:17.543926,23,3,294.85,71,658,72,2,8,0.504,feature,362.13,failed,0.5432
build_00042,2025-09-29T09:35:17.543926,9,0,1913.56,220,164,42,8,4,0.579,hotfix,219.01,success,0.803
build_00043,2025-09-06T22:35:17.543926,22,5,24664.03,1341,90,24,2,16,0.569,feature,1518.01,success,3.289
build_00044,2026-01-07T23:35:17.543926,23,2,35.39,1689,637,34,2,16,0.853,feature,337.95,failed,0.7322
build_00045,2025-10-26T00:35:17.543926,0,6,3232.98,1825,240,40,2,16,0.63,feature,340.17,success,0.737
build_00046,2026-01-16T14:35:17.543926,14,4,1142.41,352,1149,50,8,32,0.733,feature,280.43,success,1.6826
build_00047,2025-11-15T07:35:17.543926,7,5,566.91,450,354,49,2,8,0.524,release,319.63,success,0.4795
build_00048,2025-11-20T18:35:17.543926,18,3,427.89,245,245,39,2,4,0.322,feature,193.45,success,0.2257
build_00049,2025-09-30T06:35:17.543926,6,1,1586.29,320,315,60,2,8,0.652,release,322.45,success,0.4837
build_00050,2026-01-13T19:35:17.543926,19,1,281.36,196,163,29,4,8,0.577,feature,90.46,success,0.2111
build_00051,2025-12-12T18:35:17.543926,18,4,62.37,227,76,43,2,16,0.986,feature,47.18,success,0.1022
build_00052,2025-12-10T12:35:17.543926,12,2,132.79,185,39,67,2,16,0.724,feature,49.69,success,0.1077
build_00053,2025-11-28T19:35:17.543926,19,4,2284.86,955,313,44,16,32,0.942,feature,52.79,success,0.4927
build_00054,2025-12-03T01:35:17.543926,1,2,89.6,2355,33,35,4,4,0.32,feature,136.09,success,0.2722
build_00055,2025-11-16T21:35:17.543926,21,6,1046.87,3938,5,54,2,8,0.675,feature,227.78,success,0.3417
build_00056,2025-07-26T05:35:17.543926,5,5,2023.09,73,510,49,2,4,0.663,release,455.72,success,0.5317
build_00057,2026-01-16T14:35:17.543926,14,4,160.88,676,62,46,2,4,0.822,feature,101.65,success,0.1186
build_00058,2025-10-06T22:35:17.543926,22,0,462.45,455,3203,42,8,4,0.799,feature,1481.35,success,5.4316
build_00059,2025-07-31T16:35:17.543926,16,3,471.68,296,67,52,2,32,0.647,feature,84.45,success,0.2956
build_00060,2025-12-26T19:35:17.543926,19,4,716.97,455,102,45,16,8,0.545,main,79.28,success,0.5814
build_00061,2025-12-08T19:35:17.543926,19,0,258.34,415,153,55,4,4,0.649,feature,113.72,success,0.2274
build_00062,2026-01-05T12:35:17.543926,12,0,9609.11,491,511,29,4,4,0.787,feature,1030.51,success,2.061
build_00063,2025-08-04T20:35:17.543926,20,0,9081.74,258,849,64,2,8,0.843,main,1034.32,success,1.5515
build_00064,2025-11-11T05:35:17.543926,5,1,759.3,166,68,53,16,16,0.775,main,41.92,success,0.3354
build_00065,2025-12-20T01:35:17.543926,1,5,666.89,266,130,50,4,8,0.811,release,111.49,success,0.2601
build_00066,2026-01-10T02:35:17.543926,2,5,8668.16,799,126,58,2,8,0.759,feature,606.12,success,0.9092
build_00067,2025-07-26T01:35:17.543926,1,5,1278.18,808,41,14,8,4,0.905,feature,105.41,success,0.3865
build_00068,2025-10-03T13:35:17.543926,13,4,189.93,191,48,51,16,8,0.577,feature,34.35,success,0.2519
build_00069,2025-12-01T10:35:17.543926,10,0,3997.38,774,15,40,8,4,0.652,feature,330.59,failed,1.2122
build_00070,2025-10-19T09:35:17.543926,9,6,561.35,489,538,33,4,4,0.668,release,529.45,success,1.0589
build_00071,2025-07-25T17:35:17.543926,17,4,1931.05,1930,137,37,16,8,0.813,feature,155.37,success,1.1394
build_00072,2025-12-03T00:35:17.543926,0,2,160.7,965,323,42,4,8,0.83,main,180.92,success,0.4222
build_00073,2025-10-26T12:35:17.543926,12,6,9562.91,119,178,42,2,16,0.634,feature,721.94,success,1.5642
build_00074,2025-10-10T16:35:17.543926,16,4,142.96,294,61,43,2,16,0.944,feature,70.41,success,0.1526
build_00075,2025-08-23T21:35:17.543926,21,5,521.23,585,263,43,2,32,0.333,feature,164.69,failed,0.5764
build_00076,2025-07-24T14:35:17.543926,14,3,5088.36,442,28,32,2,8,0.748,feature,511.83,success,0.7677
build_00077,2025-08-23T08:35:17.543926,8,5,10780.85,597,336,37,2,16,0.839,feature,802.58,success,1.7389
build_00078,2025-10-21T11:35:17.543926,11,1,701.03,3511,22,57,8,16,0.694,feature,125.7,success,0.5866
build_00079,2025-11-25T08:35:17.543926,8,1,54.81,745,43,41,8,16,0.827,hotfix,18.37,success,0.0857
build_00080,2025-12-30T08:35:17.543926,8,1,22083.93,78,74,53,4,8,0.693,main,1421.3,success,3.3164
build_00081,2025-07-24T14:35:17.543926,14,3,1782.37,301,20,43,4,8,0.965,release,191.7,success,0.4473
build_00082,2026-01-08T04:35:17.543926,4,3,169.25,98,76,49,2,8,0.734,release,68.8,success,0.1032
build_00083,2025-09-17T00:35:17.543926,0,2,676.92,3218,234,49,8,4,0.792,release,315.73,success,1.1577
build_00084,2025-09-04T13:35:17.543926,13,3,971.58,2243,374,38,2,4,0.462,feature,475.06,success,0.5542
build_00085,2025-09-04T19:35:17.543926,19,3,2340.55,216,1475,41,8,32,0.421,feature,349.53,failed,2.0972
build_00086,2025-10-10T04:35:17.543926,4,4,2771.22,464,272,56,2,4,0.383,feature,410.12,failed,0.4785
build_00087,2025-12-24T22:35:17.543926,22,2,512.08,74,48,57,8,8,0.767,feature,42.92,success,0.1717
build_00088,2025-10-23T19:35:17.543926,19,3,290.69,1905,23,40,2,4,0.733,feature,102.3,success,0.1194
build_00089,2025-09-11T14:35:17.543926,14,3,5938.28,78,182,21,8,16,0.729,main,424.08,success,1.979
build_00090,2025-08-23T07:35:17.543926,7,5,176.63,249,27,42,4,8,0.751,main,38.55,success,0.0899
build_00091,2025-10-21T14:35:17.543926,14,1,11361.89,352,122,33,8,4,0.587,main,1149.66,success,4.2154
build_00092,2025-11-23T23:35:17.543926,23,6,49964.72,609,297,58,2,32,0.546,feature,2692.33,success,9.4232
build_00093,2025-11-28T05:35:17.543926,5,4,4181.38,128,109,50,4,4,0.811,feature,289.56,success,0.5791
build_00094,2025-08-11T21:35:17.543926,21,0,1757.37,402,244,35,4,16,0.557,main,208.29,success,0.6249
build_00095,2025-08-23T00:35:17.543926,0,5,377.3,1392,114,38,2,8,0.789,main,126.84,success,0.1903
build_00096,2025-11-12T10:35:17.543926,10,2,13478.6,613,63,43,16,4,0.52,feature,859.55,success,6.0168
build_00097,2025-11-08T07:35:17.543926,7,5,7003.32,135,101,59,4,4,0.73,feature,488.49,failed,0.977
build_00098,2025-09-29T06:35:17.543926,6,0,109.43,122,159,27,2,32,0.566,feature,80.17,success,0.2806
build_00099,2025-12-06T02:35:17.543926,2,5,35.13,712,304,38,2,8,0.707,main,223.6,success,0.3354
build_00100,2026-01-18T00:35:17.543926,0,6,236.25,545,209,42,4,4,0.855,release,176.71,success,0.3534
build_00101,2025-11-28T01:35:17.543926,1,4,1677.31,182,283,30,2,4,0.693,feature,267.77,failed,0.3124
build_00102,2025-09-11T16:35:17.543926,16,3,436.98,298,93,45,16,16,0.398,feature,40.67,success,0.3253
build_00103,2025-10-21T16:35:17.543926,16,1,782.78,108,135,48,2,8,0.466,feature,204.58,success,0.3069
build_00104,2025-10-16T06:35:17.543926,6,3,246.86,391,14,72,2,8,0.831,feature,40.8,success,0.0612
build_00105,2025-11-03T09:35:17.543926,9,0,36.07,642,181,47,8,16,0.857,hotfix,47.38,success,0.2211
build_00106,2025-10-22T01:35:17.543926,1,2,3603.23,1377,128,45,4,8,0.76,feature,260.45,success,0.6077
build_00107,2025-10-17T10:35:17.543926,10,4,76.1,184,426,51,2,4,0.754,main,424.12,success,0.4948
build_00108,2025-10-24T01:35:17.543926,1,4,982.79,138,142,33,4,8,0.874,feature,101.66,success,0.2372
build_00109,2025-12-06T16:35:17.543926,16,5,630.51,497,121,30,8,16,0.698,hotfix,60.63,success,0.283
build_00110,2025-08-20T11:35:17.543926,11,2,5926.55,181,211,27,2,8,0.61,feature,709.22,success,1.0638
build_00111,2025-07-25T11:35:17.543926,11,4,9441.5,856,234,60,4,4,0.816,feature,830.34,success,1.6607
build_00112,2026-01-05T20:35:17.543926,20,0,2099.98,1322,45,63,4,16,0.718,feature,164.09,success,0.4923
build_00113,2026-01-02T20:35:17.543926,20,4,3554.78,138,149,64,2,4,0.674,hotfix,240.02,success,0.28
build_00114,2025-12-20T23:35:17.543926,23,5,1325.67,202,1385,69,4,16,0.862,main,694.54,success,2.0836
build_00115,2025-11-25T11:35:17.543926,11,1,414.1,437,711,34,2,8,0.609,feature,587.6,failed,0.8814
build_00116,2026-01-19T10:35:17.543926,10,0,6846.89,722,113,33,2,8,0.532,main,889.37,success,1.3341
build_00117,2026-01-06T15:35:17.543926,15,1,77.27,253,21,50,4,4,0.689,feature,50.31,success,0.1006
build_00118,2025-08-22T02:35:17.543926,2,4,245.29,545,372,59,2,4,0.79,feature,254.89,success,0.2974
build_00119,2025-08-02T01:35:17.543926,1,5,328.73,196,82,57,2,16,0.785,main,72.33,success,0.1567
build_00120,2025-09-22T22:35:17.543926,22,0,2277.97,703,130,76,2,16,0.849,release,241.82,success,0.5239
build_00121,2025-08-18T10:35:17.543926,10,0,12631.96,1115,3625,40,4,4,0.908,hotfix,2422.71,success,4.8454
build_00122,2025-07-28T14:35:17.543926,14,0,911.63,1235,53,56,2,8,0.465,feature,202.14,success,0.3032
build_00123,2025-08-26T02:35:17.543926,2,1,312.32,301,22,54,4,4,0.793,release,68.91,success,0.1378
build_00124,2025-12-23T22:35:17.543926,22,1,745.23,194,56,55,4,4,0.596,main,97.53,success,0.1951
build_00125,2025-10-11T15:35:17.543926,15,5,7681.98,233,79,47,4,8,0.772,release,788.92,success,1.8408
build_00126,2025-10-12T03:35:17.543926,3,6,1903.18,217,236,35,2,16,0.876,feature,205.66,success,0.4456
build_00127,2025-09-10T15:35:17.543926,15,2,3288.58,432,518,38,8,8,0.827,feature,447.74,success,1.7909
build_00128,2025-10-02T07:35:17.543926,7,3,536.19,785,101,36,4,4,0.847,main,120.84,success,0.2417
build_00129,2025-08-12T16:35:17.543926,16,1,9566.24,799,72,54,2,8,0.841,feature,696.89,success,1.0453
build_00130,2025-08-18T08:35:17.543926,8,0,1018.35,297,236,36,8,8,0.546,feature,131.78,success,0.5271
build_00131,2025-11-15T00:35:17.543926,0,5,740.07,322,97,43,4,4,0.557,main,171.56,success,0.3431
build_00132,2025-11-06T17:35:17.543926,17,3,514.27,893,21,38,4,8,0.776,feature,76.1,success,0.1776
build_00133,2025-08-10T10:35:17.543926,10,6,929.92,2022,719,65,4,4,0.817,feature,737.92,success,1.4758
build_00134,2025-12-27T05:35:17.543926,5,5,1287.64,903,190,41,4,8,0.802,feature,130.24,success,0.3039
build_00135,2025-09-13T02:35:17.543926,2,5,1714.51,538,102,26,2,8,0.538,hotfix,150.29,success,0.2254
build_00136,2025-09-25T18:35:17.543926,18,3,1216.75,198,24,26,8,8,0.643,main,89.64,success,0.3586
build_00137,2026-01-08T14:35:17.543926,14,3,5511.31,729,66,47,4,32,0.716,feature,298.38,success,1.293
build_00138,2025-08-31T10:35:17.543926,10,6,1733.64,819,196,55,2,32,0.901,feature,203.61,success,0.7126
build_00139,2025-10-09T21:35:17.543926,21,3,829.49,187,120,29,2,8,0.537,hotfix,92.42,success,0.1386
build_00140,2025-10-25T23:35:17.543926,23,5,2202.77,65,64,26,8,8,0.85,hotfix,81.93,success,0.3277
build_00141,2025-12-05T16:35:17.543926,16,4,1542.99,48,684,38,2,16,0.812,main,514.96,failed,1.1157
build_00142,2025-09-14T22:35:17.543926,22,6,1269.67,80,50,43,8,8,0.827,main,82.37,failed,0.3295
build_00143,2025-12-30T04:35:17.543926,4,1,1798.59,684,12,46,8,16,0.801,main,80.36,success,0.375
build_00144,2025-09-27T09:35:17.543926,9,5,1201.92,661,470,26,4,8,0.536,feature,504.56,success,1.1773
build_00145,2025-09-17T00:35:17.543926,0,2,2170.24,863,1093,64,4,4,0.531,feature,791.69,failed,1.5834
build_00146,2025-09-29T15:35:17.543926,15,0,2923.59,764,62,46,4,16,0.859,release,267.69,success,0.8031
build_00147,2025-10-31T21:35:17.543926,21,4,874.01,730,4,51,4,8,0.856,feature,74.94,success,0.1749
build_00148,2025-12-27T04:35:17.543926,4,5,1506.38,2266,127,40,2,4,0.731,feature,224.61,success,0.262
build_00149,2025-10-16T11:35:17.543926,11,3,4734.24,333,76,45,2,32,0.794,feature,306.06,success,1.0712
build_00150,2025-09-24T22:35:17.543926,22,2,98.36,188,58,34,16,8,0.609,feature,26.23,success,0.1923
build_00151,2025-09-16T21:35:17.543926,21,1,1662.48,19,185,68,4,4,0.77,feature,212.19,failed,0.4244
build_00152,2025-09-05T16:35:17.543926,16,4,70.1,392,221,33,8,4,0.738,feature,137.42,success,0.5039
build_00153,2025-11-10T21:35:17.543926,21,0,5933.57,485,41,46,16,8,0.793,main,258.74,success,1.8974
build_00154,2026-01-03T00:35:17.543926,0,5,9266.14,1018,472,59,8,32,0.443,feature,327.57,success,1.9654
build_00155,2025-11-09T08:35:17.543926,8,6,558.2,375,563,47,2,16,0.956,feature,290.43,success,0.6293
build_00156,2026-01-02T18:35:17.543926,18,4,728.12,581,475,65,2,8,0.458,feature,362.93,success,0.5444
build_00157,2025-09-27T01:35:17.543926,1,5,878.02,70,171,28,2,8,0.476,main,151.67,success,0.2275
build_00158,2025-08-24T08:35:17.543926,8,6,931.07,247,107,64,2,4,0.595,feature,145.12,success,0.1693
build_00159,2025-07-25T21:35:17.543926,21,4,158.91,173,356,55,4,8,0.807,feature,202.74,success,0.4731
build_00160,2025-12-01T09:35:17.543926,9,0,99.35,176,131,27,4,4,0.774,feature,98.9,success,0.1978
build_00161,2025-08-12T17:35:17.543926,17,1,680.91,663,582,64,2,32,0.459,main,462.84,failed,1.62
build_00162,2025-10-18T01:35:17.543926,1,5,103.91,397,131,38,8,8,0.765,main,93.69,success,0.3747
build_00163,2025-11-08T12:35:17.543926,12,5,106.15,631,231,44,4,8,0.742,feature,169.59,success,0.3957
build_00164,2025-12-14T06:35:17.543926,6,6,312.64,1964,523,40,2,4,0.861,hotfix,304.2,success,0.3549
build_00165,2025-12-20T20:35:17.543926,20,5,1852.69,1582,196,44,2,4,0.17,feature,321.47,failed,0.375
build_00166,2025-09-30T10:35:17.543926,10,1,66.7,1104,65,53,2,8,0.766,feature,97.62,success,0.1464
build_00167,2025-11-21T04:35:17.543926,4,4,3070.14,698,3501,35,8,32,0.625,feature,667.33,success,4.004
build_00168,2026-01-20T09:35:17.543926,9,1,301.87,144,88,44,2,4,0.567,main,147.98,success,0.1726
build_00169,2025-11-29T16:35:17.543926,16,5,3350.54,68,217,38,8,4,0.827,feature,351.42,success,1.2885
build_00170,2025-12-12T17:35:17.543926,17,4,4877.91,342,560,34,4,16,0.773,feature,521.29,success,1.5639
build_00171,2025-12-30T08:35:17.543926,8,1,318.59,1736,18,37,8,4,0.673,feature,81.88,success,0.3002
build_00172,2025-07-30T21:35:17.543926,21,2,1419.45,139,349,55,16,8,0.763,main,165.04,success,1.2103
build_00173,2025-10-20T21:35:17.543926,21,0,990.47,110,34,57,16,8,0.751,feature,44.81,failed,0.3286
build_00174,2025-10-12T00:35:17.543926,0,6,1610.15,292,539,48,4,8,0.5,feature,342.61,success,0.7994
build_00175,2025-08-20T23:35:17.543926,23,2,1020.14,148,106,32,4,16,0.441,release,162.77,failed,0.4883
build_00176,2025-07-29T05:35:17.543926,5,1,1010.38,317,95,30,4,16,0.463,feature,97.58,success,0.2927
build_00177,2025-08-12T08:35:17.543926,8,1,1506.62,230,223,52,16,4,0.736,feature,156.44,success,1.0951
build_00178,2025-10-15T09:35:17.543926,9,2,1829.3,111,166,29,4,8,0.611,main,263.78,success,0.6155
build_00179,2025-11-09T21:35:17.543926,21,6,1839.68,491,55,63,2,32,0.68,feature,136.01,success,0.476
build_00180,2025-11-08T00:35:17.543926,0,5,897.1,147,31,50,2,16,0.339,feature,91.65,success,0.1986
build_00181,2025-12-17T00:35:17.543926,0,2,3241.8,860,854,35,4,16,0.746,feature,479.1,success,1.4373
build_00182,2025-11-24T23:35:17.543926,23,0,15129.11,1605,31,52,2,4,0.686,feature,1001.66,failed,1.1686
build_00183,2025-07-27T01:35:17.543926,1,6,314.9,98,94,64,2,16,0.974,feature,61.08,success,0.1323
build_00184,2025-09-04T19:35:17.543926,19,3,1382.3,2234,118,37,4,8,0.877,feature,215.5,success,0.5028
build_00185,2025-08-24T10:35:17.543926,10,6,355.7,80,12,50,8,4,0.846,release,55.22,success,0.2025
build_00186,2025-08-27T19:35:17.543926,19,2,3314.09,344,156,33,16,16,0.728,main,119.62,success,0.957
build_00187,2025-08-05T01:35:17.543926,1,1,3532.05,307,178,45,8,16,0.92,feature,138.88,success,0.6481
build_00188,2025-09-05T10:35:17.543926,10,4,1426.27,7984,230,40,8,16,0.453,feature,376.82,success,1.7585
build_00189,2025-12-09T19:35:17.543926,19,1,276.43,451,1204,40,2,4,0.93,feature,634.93,success,0.7408
build_00190,2026-01-06T11:35:17.543926,11,1,2149.59,1912,141,46,8,8,0.889,feature,220.67,success,0.8827
build_00191,2025-11-10T04:35:17.543926,4,0,1193.85,159,201,34,2,8,0.691,main,192.63,success,0.2889
build_00192,2025-08-03T23:35:17.543926,23,6,55892.73,132,860,56,2,16,0.811,feature,3633.6,success,7.8728
build_00193,2025-08-20T23:35:17.543926,23,2,429.01,181,137,59,2,4,0.554,main,120.77,success,0.1409
build_00194,2026-01-14T14:35:17.543926,14,2,6635.03,246,15,51,2,8,0.812,feature,571.62,success,0.8574
build_00195,2025-08-21T11:35:17.543926,11,3,199.03,734,330,36,4,16,0.732,feature,217.32,success,0.652
build_00196,2025-12-22T01:35:17.543926,1,0,11696.63,134,37,27,2,8,0.874,feature,635.37,success,0.9531
build_00197,2025-11-08T20:35:17.543926,20,5,85.6,214,44,35,16,8,0.629,hotfix,16.84,success,0.1235
build_00198,2025-08-09T12:35:17.543926,12,5,12657.46,4535,723,52,4,16,0.578,main,1660.44,success,4.9813
build_00199,2025-11-23T19:35:17.543926,19,6,2422.58,156,830,38,2,16,0.81,feature,484.57,success,1.0499
build_00200,2025-12-20T12:35:17.543926,12,5,2999.23,301,84,51,2,4,0.715,feature,339.83,failed,0.3965
build_00201,2025-11-05T23:35:17.543926,23,2,515.08,1359,72,26,2,4,0.604,hotfix,110.88,success,0.1294
build_00202,2025-12-14T07:35:17.543926,7,6,904.81,780,20,29,4,16,0.578,hotfix,50.47,success,0.1514
build_00203,2025-12-07T11:35:17.543926,11,6,134.59,754,429,37,4,8,0.464,feature,330.3,success,0.7707
build_00204,2025-10-10T15:35:17.543926,15,4,3379.32,734,29,39,4,8,0.894,release,356.95,success,0.8329
build_00205,2025-10-09T22:35:17.543926,22,3,1341.72,77,283,45,2,4,0.888,hotfix,178.7,success,0.2085
build_00206,2025-11-08T11:35:17.543926,11,5,2127.42,404,44,63,8,4,0.782,feature,190.31,success,0.6978
build_00207,2026-01-01T05:35:17.543926,5,3,300.13,328,60,42,2,4,0.564,feature,80.77,success,0.0942
build_00208,2025-08-31T04:35:17.543926,4,6,559.43,1200,29,33,2,16,0.603,feature,77.61,failed,0.1681
build_00209,2025-12-05T13:35:17.543926,13,4,202.52,551,141,64,2,4,0.622,main,196.45,failed,0.2292
build_00210,2025-09-26T03:35:17.543926,3,4,721.75,939,139,29,4,8,0.529,feature,167.63,success,0.3911
build_00211,2025-10-13T01:35:17.543926,1,0,727.06,2273,162,57,16,32,0.834,main,44.07,success,0.4113
build_00212,2025-10-01T23:35:17.543926,23,2,2128.09,262,234,41,4,4,0.878,feature,249.66,failed,0.4993
build_00213,2025-12-13T21:35:17.543926,21,5,2213.82,4814,2254,63,4,4,0.873,main,1415.3,success,2.8306
build_00214,2026-01-15T17:35:17.543926,17,3,1357.14,716,361,56,8,8,0.743,feature,303.19,failed,1.2127
build_00215,2025-11-25T20:35:17.543926,20,1,3379.28,813,38,64,4,4,0.618,feature,301.51,success,0.603
build_00216,2025-12-09T09:35:17.543926,9,1,1593.63,165,55,38,8,8,0.624,feature,146.09,success,0.5844
build_00217,2025-08-14T01:35:17.543926,1,3,1300.89,444,702,36,2,32,0.81,feature,312.83,success,1.0949
build_00218,2026-01-08T14:35:17.543926,14,3,8725.13,2121,10,45,2,8,0.504,feature,838.79,success,1.2582
build_00219,2025-10-14T06:35:17.543926,6,1,569.13,1092,84,51,2,4,0.706,feature,90.78,success,0.1059
build_00220,2025-09-16T22:35:17.543926,22,1,152.87,947,76,34,16,16,0.831,hotfix,23.66,success,0.1893
build_00221,2025-10-03T20:35:17.543926,20,4,379.68,133,449,38,4,16,0.65,feature,224.91,success,0.6747
build_00222,2025-09-03T03:35:17.543926,3,2,178.83,317,171,33,2,16,0.754,feature,94.83,success,0.2055
build_00223,2025-09-04T13:35:17.543926,13,3,3979.74,336,102,41,2,4,0.704,feature,432.05,success,0.5041
build_00224,2025-10-16T08:35:17.543926,8,3,2105.37,292,334,53,2,8,0.538,main,353.58,success,0.5304
build_00225,2025-11-02T21:35:17.543926,21,6,1324.75,655,23,57,4,8,0.785,main,140.33,success,0.3274
build_00226,2025-08-18T02:35:17.543926,2,0,1338.6,930,103,41,8,16,0.761,main,123.54,success,0.5765
build_00227,2025-09-03T14:35:17.543926,14,2,128.13,128,102,45,8,4,0.701,feature,74.78,success,0.2742
build_00228,2025-10-13T07:35:17.543926,7,0,3313.89,135,69,25,16,8,0.516,feature,151.34,failed,1.1098
build_00229,2025-09-17T00:35:17.543926,0,2,78.9,2568,180,40,2,4,0.682,feature,185.12,success,0.216
build_00230,2025-11-20T02:35:17.543926,2,3,1485.48,2062,61,68,8,4,0.564,feature,187.58,success,0.6878
build_00231,2025-09-22T20:35:17.543926,20,0,1745.85,72,229,42,4,16,0.89,feature,168.52,success,0.5056
build_00232,2025-11-05T18:35:17.543926,18,2,219.69,339,885,29,8,32,0.905,main,168.41,success,1.0105
build_00233,2025-11-25T08:35:17.543926,8,1,19.01,486,41,61,4,4,0.8,hotfix,35.74,success,0.0715
build_00234,2025-11-24T11:35:17.543926,11,0,626.1,242,72,42,4,8,0.802,feature,99.36,success,0.2319
build_00235,2025-10-29T15:35:17.543926,15,2,515.03,1928,243,44,2,8,0.744,main,302.58,success,0.4539
build_00236,2025-11-20T08:35:17.543926,8,3,55.8,219,334,35,4,8,0.895,feature,154.12,success,0.3596
build_00237,2025-09-12T00:35:17.543926,0,4,3201.83,149,110,48,2,16,0.884,main,228.55,success,0.4952
build_00238,2025-12-13T11:35:17.543926,11,5,2379.81,1067,94,59,8,8,0.449,main,325.98,success,1.3039
build_00239,2025-11-04T03:35:17.543926,3,1,5843.88,304,16,30,2,8,0.752,feature,398.35,failed,0.5975
build_00240,2025-08-06T06:35:17.543926,6,2,817.29,76,27,43,8,16,0.417,main,49.06,failed,0.2289
build_00241,2025-08-12T00:35:17.543926,0,1,654.61,343,241,59,4,4,0.895,main,203.11,success,0.4062
build_00242,2025-10-10T22:35:17.543926,22,4,220.02,2728,31,46,4,32,0.617,main,67.44,success,0.2922
build_00243,2026-01-12T16:35:17.543926,16,0,5367.37,82,423,48,2,16,0.843,feature,624.6,failed,1.3533
build_00244,2025-11-03T08:35:17.543926,8,0,6295.23,116,13,52,2,16,0.662,feature,359.9,failed,0.7798
build_00245,2025-08-26T05:35:17.543926,5,1,1660.85,127,183,45,2,8,0.868,main,195.96,success,0.2939
build_00246,2026-01-10T11:35:17.543926,11,5,993.99,559,133,56,4,4,0.824,feature,205.84,success,0.4117
build_00247,2025-10-01T01:35:17.543926,1,2,6699.04,880,70,45,8,4,0.816,feature,434.62,success,1.5936
build_00248,2025-09-06T06:35:17.543926,6,5,224.62,154,332,59,16,8,0.793,feature,113.73,success,0.834
build_00249,2025-09-23T15:35:17.543926,15,1,5620.26,200,598,44,16,32,0.708,feature,174.06,success,1.6246
build_00250,2025-11-04T17:35:17.543926,17,1,1520.87,151,133,48,2,8,0.892,feature,185.01,success,0.2775
build_00251,2025-09-01T23:35:17.543926,23,0,765.81,179,2126,33,8,4,0.558,main,1189.38,success,4.361
build_00252,2025-08-21T13:35:17.543926,13,3,720.74,153,272,36,2,8,0.78,hotfix,176.04,success,0.2641
build_00253,2025-10-10T10:35:17.543926,10,4,1233.01,308,104,45,2,8,0.85,feature,140.93,success,0.2114
build_00254,2025-10-22T08:35:17.543926,8,2,775.57,800,46,37,2,32,0.897,feature,68.97,success,0.2414
build_00255,2025-12-17T03:35:17.543926,3,2,526.44,223,408,42,2,4,0.663,feature,297.6,failed,0.3472
build_00256,2025-08-30T15:35:17.543926,15,5,76.4,1169,200,61,4,16,0.291,feature,185.51,success,0.5565
build_00257,2025-12-27T02:35:17.543926,2,5,161.67,466,71,45,4,4,0.881,feature,59.25,success,0.1185
build_00258,2025-11-12T19:35:17.543926,19,2,654.7,716,129,29,2,8,0.753,main,114.26,success,0.1714
build_00259,2025-09-13T20:35:17.543926,20,5,8326.97,247,397,27,16,8,0.795,main,391.45,failed,2.8706
build_00260,2025-10-25T07:35:17.543926,7,5,6132.2,194,1258,33,2,32,0.772,main,861.37,success,3.0148
build_00261,2026-01-08T22:35:17.543926,22,3,496.9,99,3547,34,16,4,0.682,feature,1397.89,success,9.7852
build_00262,2025-12-27T03:35:17.543926,3,5,442.75,921,58,62,2,4,0.372,feature,125.05,success,0.1459
build_00263,2025-08-22T01:35:17.543926,1,4,480.49,225,36,41,2,8,0.875,feature,49.73,success,0.0746
build_00264,2025-08-21T22:35:17.543926,22,3,449.08,389,42,59,4,4,0.609,release,100.52,success,0.201
build_00265,2026-01-13T14:35:17.543926,14,1,630.16,402,112,56,4,32,0.796,feature,75.86,success,0.3287
build_00266,2025-09-06T15:35:17.543926,15,5,1035.66,424,456,46,8,8,0.737,feature,270.34,success,1.0814
build_00267,2025-07-26T09:35:17.543926,9,5,356.44,85,1387,36,2,8,0.85,main,876.29,success,1.3144
build_00268,2025-11-12T17:35:17.543926,17,2,933.53,1095,1456,53,16,32,0.462,feature,236.07,success,2.2033
build_00269,2025-12-20T17:35:17.543926,17,5,2156.71,65,41,71,4,16,0.932,main,143.71,success,0.4311
build_00270,2025-08-26T08:35:17.543926,8,1,249.96,303,622,55,2,8,0.927,feature,256.49,failed,0.3847
build_00271,2026-01-17T04:35:17.543926,4,5,424.48,642,253,37,2,8,0.845,main,208.21,success,0.3123
build_00272,2025-09-28T06:35:17.543926,6,6,3534.01,438,215,48,16,4,0.552,feature,251.65,failed,1.7615
build_00273,2025-09-12T02:35:17.543926,2,4,223.65,397,126,46,16,16,0.575,feature,37.61,success,0.3009
build_00274,2025-11-30T23:35:17.543926,23,6,995.22,433,162,42,8,8,0.81,feature,138.89,success,0.5556
build_00275,2025-09-21T09:35:17.543926,9,6,1631.35,347,330,68,2,4,0.919,main,464.83,success,0.5423
build_00276,2025-10-28T03:35:17.543926,3,1,277.42,174,125,47,2,4,0.778,feature,99.18,success,0.1157
build_00277,2026-01-07T03:35:17.543926,3,2,44.75,323,45,42,4,16,0.815,hotfix,21.37,success,0.0641
build_00278,2025-11-07T19:35:17.543926,19,4,2007.78,438,1076,55,4,32,0.816,release,419.88,success,1.8195
build_00279,2025-11-14T22:35:17.543926,22,4,1372.14,302,128,53,4,4,0.955,main,172.61,success,0.3452
build_00280,2025-11-27T09:35:17.543926,9,3,555.19,962,565,46,4,4,0.655,feature,386.71,success,0.7734
build_00281,2026-01-02T13:35:17.543926,13,4,253.9,1485,329,37,8,4,0.764,main,256.38,success,0.9401
build_00282,2025-12-21T18:35:17.543926,18,6,2224.56,525,1129,38,16,4,0.911,main,609.51,success,4.2666
build_00283,2025-12-19T09:35:17.543926,9,4,14253.28,340,119,32,2,4,0.547,release,1916.37,success,2.2358
build_00284,2025-09-04T09:35:17.543926,9,3,45898.68,1025,10,49,2,8,0.51,feature,4741.78,success,7.1127
build_00285,2025-08-31T02:35:17.543926,2,6,515.3,367,126,48,2,8,0.654,feature,133.06,success,0.1996
build_00286,2025-08-16T06:35:17.543926,6,5,119.81,1906,7,52,16,16,0.707,hotfix,22.16,success,0.1772
build_00287,2025-12-03T13:35:17.543926,13,2,436.38,198,480,30,4,8,0.601,main,459.89,failed,1.0731
build_00288,2025-11-05T11:35:17.543926,11,2,208.36,1227,197,35,2,8,0.958,feature,178.95,success,0.2684
build_00289,2025-12-26T13:35:17.543926,13,4,340.9,294,1409,65,2,8,0.731,feature,832.61,success,1.2489
build_00290,2025-07-31T01:35:17.543926,1,3,2088.13,590,126,51,2,4,0.756,feature,210.84,success,0.246
build_00291,2026-01-15T00:35:17.543926,0,3,5783.04,612,16,49,2,16,0.716,feature,368.89,failed,0.7993
build_00292,2025-09-10T13:35:17.543926,13,2,53.06,356,74,37,2,8,0.831,feature,81.91,success,0.1229
build_00293,2025-08-06T01:35:17.543926,1,2,309.15,312,8,52,8,4,0.657,feature,28.16,success,0.1033
build_00294,2025-11-17T22:35:17.543926,22,0,2070.43,1053,258,31,4,16,0.743,feature,216.91,success,0.6507
build_00295,2025-12-14T08:35:17.543926,8,6,649.27,186,233,59,4,16,0.846,hotfix,89.51,success,0.2685
build_00296,2025-08-15T19:35:17.543926,19,4,161.01,288,201,39,8,16,0.639,feature,70.35,success,0.3283
build_00297,2025-08-08T16:35:17.543926,16,4,1219.67,164,297,50,2,4,0.685,main,418.0,failed,0.4877
build_00298,2025-10-30T15:35:17.543926,15,3,428.8,257,146,38,2,16,0.416,feature,141.97,success,0.3076
build_00299,2025-08-29T02:35:17.543926,2,4,56.64,854,12,44,2,8,0.814,feature,38.12,success,0.0572
build_00300,2025-07-27T10:35:17.543926,10,6,1046.49,102,302,19,2,16,0.669,main,269.64,success,0.5842
build_00301,2025-11-19T19:35:17.543926,19,2,973.99,226,83,52,2,8,0.635,main,136.84,success,0.2053
build_00302,2025-07-30T07:35:17.543926,7,2,742.71,485,529,26,8,8,0.838,main,242.25,success,0.969
build_00303,2025-10-12T20:35:17.543926,20,6,1443.16,113,41,36,2,16,0.699,feature,102.8,failed,0.2227
build_00304,2025-08-04T02:35:17.543926,2,0,4518.83,244,822,47,4,4,0.702,main,948.62,success,1.8972
build_00305,2025-11-10T21:35:17.543926,21,0,2973.32,150,21,40,8,4,0.663,hotfix,128.05,failed,0.4695
build_00306,2025-11-08T16:35:17.543926,16,5,284.56,2218,33,34,2,8,0.486,feature,142.99,success,0.2145
build_00307,2025-12-23T22:35:17.543926,22,1,300.5,79,60,37,16,4,0.906,feature,38.78,success,0.2715
build_00308,2026-01-10T19:35:17.543926,19,5,2965.05,768,22,32,2,32,0.857,main,153.08,success,0.5358
build_00309,2025-12-28T02:35:17.543926,2,6,13718.8,1096,1137,36,4,4,0.654,release,1972.28,success,3.9446
build_00310,2025-12-02T20:35:17.543926,20,1,18.73,2406,211,52,4,16,0.862,feature,123.29,success,0.3699
build_00311,2026-01-04T03:35:17.543926,3,6,484.66,1023,161,20,4,8,0.909,feature,127.89,failed,0.2984
build_00312,2025-11-28T04:35:17.543926,4,4,564.97,106,137,42,16,4,0.91,main,96.37,failed,0.6746
build_00313,2026-01-14T01:35:17.543926,1,2,3020.31,353,17,39,2,8,0.798,feature,205.57,success,0.3084
build_00314,2025-07-28T08:35:17.543926,8,0,1254.87,19,294,46,2,8,0.833,feature,180.54,success,0.2708
build_00315,2026-01-04T14:35:17.543926,14,6,1225.25,343,248,54,8,32,0.795,feature,92.61,success,0.5556
build_00316,2025-09-27T05:35:17.543926,5,5,2054.66,290,135,42,2,4,0.581,main,297.0,success,0.3465
build_00317,2025-09-08T08:35:17.543926,8,0,47.0,163,302,35,2,4,0.668,feature,204.2,success,0.2382
build_00318,2025-09-25T03:35:17.543926,3,3,312.91,1676,132,34,8,4,0.861,feature,119.81,success,0.4393
build_00319,2025-12-11T03:35:17.543926,3,3,54.97,297,88,48,16,16,0.662,feature,26.36,success,0.2109
build_00320,2025-10-18T13:35:17.543926,13,5,3528.21,132,369,64,4,4,0.772,main,622.87,failed,1.2457
build_00321,2025-10-26T18:35:17.543926,18,6,6685.15,189,226,43,2,16,0.823,feature,491.67,failed,1.0653
build_00322,2025-11-16T23:35:17.543926,23,6,783.23,1120,16,38,2,4,0.672,feature,101.83,success,0.1188
build_00323,2025-11-18T22:35:17.543926,22,1,407.46,395,130,59,2,16,0.353,release,150.2,success,0.3254
build_00324,2025-11-15T17:35:17.543926,17,5,6066.09,4909,9,34,4,4,0.945,feature,583.94,failed,1.1679
build_00325,2026-01-10T09:35:17.543926,9,5,15079.09,157,75,24,4,4,0.68,feature,1395.97,success,2.7919
build_00326,2025-10-10T16:35:17.543926,16,4,1739.07,176,206,59,4,8,0.792,feature,222.28,success,0.5187
build_00327,2025-07-27T22:35:17.543926,22,6,1343.47,304,117,40,4,4,0.953,feature,134.83,success,0.2697
build_00328,2025-08-31T23:35:17.543926,23,6,710.63,92,603,39,4,8,0.778,feature,345.97,success,0.8073
build_00329,2025-10-11T10:35:17.543926,10,5,835.09,1188,460,49,2,8,0.83,feature,430.45,success,0.6457
build_00330,2025-12-20T17:35:17.543926,17,5,402.41,379,41,21,4,4,0.652,feature,93.37,success,0.1867
build_00331,2025-10-28T11:35:17.543926,11,1,215.06,163,38,48,4,16,0.921,feature,29.68,success,0.089
build_00332,2026-01-03T02:35:17.543926,2,5,6375.15,307,98,49,2,4,0.533,main,686.65,failed,0.8011
build_00333,2025-11-23T18:35:17.543926,18,6,10353.35,716,127,33,2,4,0.657,feature,868.22,success,1.0129
build_00334,2025-09-14T09:35:17.543926,9,6,517.97,140,316,34,4,16,0.872,hotfix,142.55,success,0.4276
build_00335,2025-12-13T02:35:17.543926,2,5,5437.78,701,142,72,2,4,0.702,feature,444.33,success,0.5184
build_00336,2025-10-09T01:35:17.543926,1,3,3047.89,614,74,54,4,4,0.606,feature,316.08,success,0.6322
build_00337,2025-11-03T06:35:17.543926,6,0,864.36,1411,288,40,16,4,0.487,main,176.76,success,1.2373
build_00338,2025-10-19T08:35:17.543926,8,6,16379.2,1569,97,32,2,32,0.593,feature,751.52,success,2.6303
build_00339,2025-09-28T11:35:17.543926,11,6,4716.99,361,639,46,2,8,0.869,release,1120.91,success,1.6814
build_00340,2025-12-15T17:35:17.543926,17,0,141.22,584,299,42,16,8,0.597,feature,119.92,success,0.8794
build_00341,2026-01-07T21:35:17.543926,21,2,489.57,776,41,66,2,4,0.645,feature,105.16,success,0.1227
build_00342,2026-01-02T01:35:17.543926,1,4,173.51,444,123,38,4,4,0.818,feature,80.29,success,0.1606
build_00343,2025-09-27T13:35:17.543926,13,5,2447.33,531,675,54,2,4,0.666,feature,733.97,failed,0.8563
build_00344,2025-08-30T10:35:17.543926,10,5,13058.24,465,150,61,8,8,0.468,feature,825.98,success,3.3039
build_00345,2025-08-19T04:35:17.543926,4,1,1220.06,319,92,26,2,8,0.887,main,152.51,success,0.2288
build_00346,2025-08-22T18:35:17.543926,18,4,1353.49,97,171,54,8,4,0.921,feature,136.44,failed,0.5003
build_00347,2026-01-16T17:35:17.543926,17,4,2697.76,271,72,70,2,8,0.523,feature,368.54,success,0.5528
build_00348,2025-10-06T19:35:17.543926,19,0,381.11,181,125,60,16,8,0.583,feature,54.31,success,0.3983
build_00349,2025-12-01T16:35:17.543926,16,0,278.94,827,122,37,2,32,0.777,release,108.4,success,0.3794
build_00350,2026-01-16T17:35:17.543926,17,4,2213.58,395,152,33,4,4,0.749,feature,289.07,failed,0.5781
build_00351,2025-10-20T12:35:17.543926,12,0,2894.73,139,49,47,8,4,0.61,main,325.61,failed,1.1939
build_00352,2026-01-19T10:35:17.543926,10,0,479.53,413,197,37,2,4,0.581,main,212.13,success,0.2475
build_00353,2025-12-24T18:35:17.543926,18,2,5575.85,507,140,46,8,4,0.82,feature,385.86,failed,1.4148
build_00354,2025-10-01T13:35:17.543926,13,2,5040.35,369,998,48,8,8,0.63,feature,856.85,success,3.4274
build_00355,2025-11-02T23:35:17.543926,23,6,2763.74,479,330,35,4,8,0.55,release,453.47,success,1.0581
build_00356,2025-12-06T16:35:17.543926,16,5,1438.22,596,67,46,8,4,0.519,main,207.01,success,0.7591
build_00357,2025-12-03T06:35:17.543926,6,2,241.5,354,593,42,2,4,0.527,feature,365.18,success,0.426
build_00358,2025-10-06T10:35:17.543926,10,0,5781.39,437,67,52,16,32,0.563,main,131.26,success,1.225
build_00359,2026-01-05T05:35:17.543926,5,0,2308.0,383,126,73,4,32,0.926,feature,97.98,success,0.4246
build_00360,2025-12-24T16:35:17.543926,16,2,188.3,840,16,42,16,32,0.28,main,20.02,success,0.1869
build_00361,2025-11-12T14:35:17.543926,14,2,7309.5,465,18,38,4,16,0.708,main,592.42,success,1.7773
build_00362,2025-12-18T23:35:17.543926,23,3,791.22,341,554,39,4,16,0.878,hotfix,168.0,success,0.504
build_00363,2025-10-28T00:35:17.543926,0,1,249.07,800,125,58,2,4,0.85,feature,117.28,success,0.1368
build_00364,2025-12-19T15:35:17.543926,15,4,2388.91,151,285,35,4,4,0.423,feature,391.04,success,0.7821
build_00365,2025-08-03T15:35:17.543926,15,6,766.52,175,27,26,4,8,0.938,feature,67.47,success,0.1574
build_00366,2025-11-22T06:35:17.543926,6,5,1188.34,1065,419,35,4,4,0.646,feature,338.92,success,0.6778
build_00367,2025-09-16T22:35:17.543926,22,1,80.47,590,87,34,2,8,0.601,feature,63.08,success,0.0946
build_00368,2025-09-29T23:35:17.543926,23,0,8322.11,1469,1092,47,4,4,0.669,main,1521.16,success,3.0423
build_00369,2025-08-02T09:35:17.543926,9,5,40.98,375,508,29,16,4,0.636,feature,257.71,success,1.8039
build_00370,2025-08-02T21:35:17.543926,21,5,2608.08,1484,536,47,8,8,0.813,main,360.2,success,1.4408
build_00371,2025-10-21T11:35:17.543926,11,1,1223.32,680,127,53,2,4,0.533,feature,242.59,success,0.283
build_00372,2026-01-12T18:35:17.543926,18,0,1414.38,6932,547,47,4,16,0.843,feature,398.95,success,1.1968
build_00373,2025-07-27T05:35:17.543926,5,6,472.38,352,59,69,4,16,0.68,feature,61.87,success,0.1856
build_00374,2025-08-27T20:35:17.543926,20,2,580.77,256,17,40,4,8,0.514,release,88.89,failed,0.2074
build_00375,2025-08-10T00:35:17.543926,0,6,3295.53,302,888,51,2,4,0.717,feature,773.94,success,0.9029
build_00376,2025-10-02T11:35:17.543926,11,3,1119.88,114,267,56,16,32,0.723,feature,52.85,success,0.4933
build_00377,2026-01-10T03:35:17.543926,3,5,1146.88,429,1206,41,8,8,0.578,feature,437.63,success,1.7505
build_00378,2025-11-13T07:35:17.543926,7,3,1928.05,1543,168,47,2,8,0.901,main,268.66,success,0.403
build_00379,2025-12-03T19:35:17.543926,19,2,356.75,416,1021,43,2,8,0.673,release,618.2,success,0.9273
build_00380,2025-08-28T16:35:17.543926,16,3,1459.19,203,39,63,8,16,0.485,main,97.71,success,0.456
build_00381,2025-10-27T22:35:17.543926,22,0,475.56,755,106,49,2,4,0.544,hotfix,109.0,success,0.1272
build_00382,2025-12-04T00:35:17.543926,0,3,153.27,183,107,29,4,8,0.602,feature,59.39,success,0.1386
build_00383,2025-10-30T11:35:17.543926,11,3,8096.83,387,27,42,8,8,0.93,main,505.58,success,2.0223
build_00384,2025-08-15T21:35:17.543926,21,4,1236.14,125,167,49,8,4,0.429,feature,201.15,failed,0.7376
build_00385,2025-12-12T13:35:17.543926,13,4,3190.87,258,75,51,2,32,0.746,feature,256.8,success,0.8988
build_00386,2026-01-08T18:35:17.543926,18,3,3630.37,124,131,56,2,16,0.647,main,270.98,success,0.5871
build_00387,2025-09-07T08:35:17.543926,8,6,398.84,626,18,46,4,8,0.819,feature,51.77,success,0.1208
build_00388,2025-10-24T13:35:17.543926,13,4,1522.32,258,116,48,4,16,0.842,main,185.93,success,0.5578
build_00389,2025-12-12T19:35:17.543926,19,4,451.72,35,94,47,4,32,0.988,hotfix,36.13,success,0.1566
build_00390,2025-11-09T23:35:17.543926,23,6,448.86,464,227,71,4,8,0.831,feature,134.07,success,0.3128
build_00391,2025-11-28T22:35:17.543926,22,4,832.97,193,1097,48,4,4,0.784,feature,597.82,success,1.1956
build_00392,2025-11-04T03:35:17.543926,3,1,476.49,527,18,43,2,16,0.641,feature,61.62,success,0.1335
build_00393,2025-11-12T02:35:17.543926,2,2,50848.02,267,61,27,8,16,0.739,main,1818.67,success,8.4871
build_00394,2025-12-11T16:35:17.543926,16,3,147.85,832,698,80,2,16,0.924,feature,371.41,success,0.8047
build_00395,2026-01-04T10:35:17.543926,10,6,1234.53,347,16,34,2,4,0.702,feature,138.35,failed,0.1614
build_00396,2025-10-12T08:35:17.543926,8,6,3452.03,151,208,47,2,8,0.822,hotfix,296.48,success,0.4447
build_00397,2025-11-10T18:35:17.543926,18,0,127.21,417,98,43,2,8,0.664,hotfix,70.07,success,0.1051
build_00398,2025-12-06T20:35:17.543926,20,5,5576.39,497,188,43,2,32,0.683,main,416.89,success,1.4591
build_00399,2025-10-20T08:35:17.543926,8,0,6568.01,466,68,36,4,8,0.926,feature,385.84,success,0.9003
build_00400,2025-12-08T04:35:17.543926,4,0,751.48,121,492,34,16,4,0.968,feature,193.29,success,1.353
build_00401,2025-10-31T01:35:17.543926,1,4,1867.84,179,96,47,2,32,0.384,feature,169.19,success,0.5922
build_00402,2025-09-29T21:35:17.543926,21,0,526.72,1976,33,32,2,4,0.507,release,188.53,success,0.22
build_00403,2025-12-18T14:35:17.543926,14,3,3325.96,176,373,44,16,4,0.904,feature,304.77,success,2.1334
build_00404,2025-09-10T23:35:17.543926,23,2,149.0,45,64,45,16,32,0.95,feature,7.1,success,0.0662
build_00405,2025-10-04T14:35:17.543926,14,5,1749.76,688,165,34,2,16,0.813,feature,224.8,success,0.4871
build_00406,2025-10-16T21:35:17.543926,21,3,1212.14,182,137,59,4,8,0.686,main,174.88,success,0.408
build_00407,2025-08-04T01:35:17.543926,1,0,9075.94,108,384,48,4,32,0.857,feature,333.7,success,1.446
build_00408,2026-01-07T12:35:17.543926,12,2,842.13,491,1664,51,2,16,0.64,main,1219.17,success,2.6415
build_00409,2025-11-10T22:35:17.543926,22,0,980.81,56,144,47,2,8,0.81,main,154.29,success,0.2314
build_00410,2025-07-26T07:35:17.543926,7,5,833.01,395,83,57,4,16,0.65,feature,80.15,success,0.2405
build_00411,2025-12-30T05:35:17.543926,5,1,616.04,307,562,69,2,4,0.905,feature,313.12,success,0.3653
build_00412,2025-12-13T19:35:17.543926,19,5,513.58,1308,224,48,4,4,0.578,hotfix,177.96,success,0.3559
build_00413,2026-01-16T17:35:17.543926,17,4,185.95,203,644,51,2,4,0.567,feature,567.88,success,0.6625
build_00414,2025-07-25T01:35:17.543926,1,4,788.82,211,220,65,16,16,0.871,feature,52.68,success,0.4214
build_00415,2025-11-28T13:35:17.543926,13,4,5769.24,350,305,28,2,32,0.827,main,622.07,success,2.1773
build_00416,2025-07-30T15:35:17.543926,15,2,812.42,64,3,46,8,32,0.413,main,39.44,success,0.2367
build_00417,2026-01-14T04:35:17.543926,4,2,176.58,399,83,32,4,4,0.579,feature,69.54,success,0.1391
build_00418,2025-08-26T01:35:17.543926,1,1,6805.27,3599,112,28,2,32,0.847,hotfix,288.77,failed,1.0107
build_00419,2025-12-23T18:35:17.543926,18,1,1299.96,638,118,42,2,16,0.902,main,172.91,success,0.3746
build_00420,2025-12-30T11:35:17.543926,11,1,1160.43,780,1236,57,4,4,0.687,feature,937.28,success,1.8746
build_00421,2025-09-14T22:35:17.543926,22,6,3002.19,1311,3140,33,4,8,0.587,feature,1563.9,success,3.6491
build_00422,2025-11-11T10:35:17.543926,10,1,264.83,54,166,34,2,16,0.547,main,143.1,success,0.31
build_00423,2025-10-10T20:35:17.543926,20,4,5659.98,233,59,40,4,8,0.732,feature,247.19,success,0.5768
build_00424,2025-11-18T22:35:17.543926,22,1,64.55,419,8,58,4,4,0.945,release,36.44,success,0.0729
build_00425,2026-01-07T19:35:17.543926,19,2,1193.77,131,74,36,2,16,0.625,main,151.66,success,0.3286
build_00426,2025-10-28T00:35:17.543926,0,1,22115.28,414,107,43,16,4,0.465,feature,1361.99,failed,9.5339
build_00427,2025-12-25T03:35:17.543926,3,3,1196.98,220,98,24,8,8,0.856,feature,96.51,success,0.3861
build_00428,2025-09-11T17:35:17.543926,17,3,1992.35,1379,113,46,2,32,0.651,feature,211.54,success,0.7404
build_00429,2025-08-30T06:35:17.543926,6,5,55.59,60,56,69,16,8,0.587,release,33.73,success,0.2474
build_00430,2025-10-05T12:35:17.543926,12,6,2790.55,116,143,22,2,8,0.565,release,430.35,success,0.6455
build_00431,2025-08-03T19:35:17.543926,19,6,1232.97,569,96,35,2,8,0.67,feature,147.14,success,0.2207
build_00432,2025-12-30T07:35:17.543926,7,1,792.44,45,206,54,16,8,0.22,feature,82.81,success,0.6072
build_00433,2025-09-28T07:35:17.543926,7,6,1725.23,1768,194,38,8,16,0.808,main,146.61,success,0.6842
build_00434,2025-08-12T15:35:17.543926,15,1,2241.12,1215,837,46,2,8,0.789,main,914.61,success,1.3719
build_00435,2025-11-11T19:35:17.543926,19,1,17782.57,1401,292,40,2,16,0.582,main,1620.75,success,3.5116
build_00436,2025-08-17T02:35:17.543926,2,6,121.51,72,35,52,2,8,0.89,feature,32.06,success,0.0481
build_00437,2026-01-08T00:35:17.543926,0,3,271.71,219,205,34,2,8,0.898,main,146.8,success,0.2202
build_00438,2025-10-09T20:35:17.543926,20,3,2889.85,228,72,36,2,8,0.604,feature,221.09,success,0.3316
build_00439,2025-08-12T08:35:17.543926,8,1,321.79,556,8,62,4,16,0.669,feature,38.01,success,0.114
build_00440,2025-09-21T16:35:17.543926,16,6,3207.48,1326,979,56,8,8,0.372,hotfix,654.43,success,2.6177
build_00441,2025-10-11T22:35:17.543926,22,5,1141.21,382,193,39,8,16,0.551,feature,117.88,success,0.5501
build_00442,2025-09-24T11:35:17.543926,11,2,1114.82,1411,180,51,2,8,0.567,feature,310.4,success,0.4656
build_00443,2025-11-13T15:35:17.543926,15,3,6485.78,157,219,45,8,16,0.851,feature,321.35,success,1.4996
build_00444,2025-09-23T20:35:17.543926,20,1,1552.89,1065,334,32,2,4,0.403,release,466.4,success,0.5441
build_00445,2025-09-03T05:35:17.543926,5,2,324.14,3311,154,30,8,16,0.601,hotfix,97.47,success,0.4549
build_00446,2025-11-29T22:35:17.543926,22,5,43.35,195,20,76,2,16,0.733,feature,34.17,success,0.074
build_00447,2026-01-19T16:35:17.543926,16,0,2105.72,272,282,47,16,4,0.929,release,343.35,failed,2.4034
build_00448,2025-12-17T05:35:17.543926,5,2,176.6,207,43,29,2,16,0.5,main,51.53,success,0.1116
build_00449,2025-12-08T10:35:17.543926,10,0,3590.62,547,439,42,4,8,0.688,main,649.74,success,1.5161
build_00450,2025-08-22T11:35:17.543926,11,4,588.72,195,80,45,2,8,0.802,feature,120.36,success,0.1805
build_00451,2025-09-10T09:35:17.543926,9,2,1477.28,331,362,49,2,8,0.523,feature,450.16,success,0.6752
build_00452,2025-09-16T01:35:17.543926,1,1,1133.0,423,353,39,8,16,0.796,hotfix,100.91,success,0.4709
build_00453,2026-01-17T03:35:17.543926,3,5,931.44,138,439,33,2,8,0.729,feature,264.72,success,0.3971
build_00454,2025-08-19T12:35:17.543926,12,1,65.54,182,249,38,2,4,0.504,hotfix,163.6,success,0.1909
build_00455,2025-09-10T21:35:17.543926,21,2,3163.22,506,314,32,4,4,0.464,main,467.44,success,0.9349
build_00456,2025-12-24T00:35:17.543926,0,2,5408.14,188,235,28,2,16,0.616,feature,379.4,success,0.822
build_00457,2025-11-16T11:35:17.543926,11,6,126.16,922,55,41,4,16,0.844,feature,62.08,success,0.1863
build_00458,2025-08-17T14:35:17.543926,14,6,1132.97,98,428,29,2,16,0.907,release,450.89,success,0.9769
build_00459,2026-01-04T07:35:17.543926,7,6,343.94,168,354,49,2,4,0.636,release,311.64,success,0.3636
build_00460,2025-10-03T11:35:17.543926,11,4,4053.3,638,1197,41,4,4,0.582,feature,1154.63,success,2.3093
build_00461,2025-10-31T04:35:17.543926,4,4,4657.5,297,18,70,4,16,0.773,main,296.36,success,0.8891
build_00462,2025-12-09T07:35:17.543926,7,1,218.2,496,41,66,4,4,0.926,main,74.57,success,0.1491
build_00463,2025-08-28T08:35:17.543926,8,3,34127.78,2610,36,64,2,4,0.979,hotfix,1548.18,success,1.8062
build_00464,2026-01-17T23:35:17.543926,23,5,154.95,253,4,49,2,16,0.88,main,25.12,success,0.0544
build_00465,2025-09-22T05:35:17.543926,5,0,2617.04,1150,83,65,4,16,0.975,feature,136.76,success,0.4103
build_00466,2025-10-02T23:35:17.543926,23,3,200.57,186,198,47,16,4,0.742,hotfix,65.24,failed,0.4567
build_00467,2025-10-27T20:35:17.543926,20,0,3423.49,526,93,32,4,16,0.674,feature,248.7,success,0.7461
build_00468,2025-08-13T10:35:17.543926,10,2,1876.77,895,58,28,8,4,0.659,feature,245.51,failed,0.9002
build_00469,2026-01-08T01:35:17.543926,1,3,178.79,426,170,46,8,4,0.904,feature,90.57,success,0.3321
build_00470,2025-11-20T01:35:17.543926,1,3,9898.85,609,56,46,16,8,0.659,feature,323.57,success,2.3728
build_00471,2025-08-04T21:35:17.543926,21,0,1324.9,878,707,36,4,4,0.531,feature,507.62,success,1.0152
build_00472,2025-10-02T06:35:17.543926,6,3,11143.37,167,330,35,4,16,0.876,hotfix,518.06,success,1.5542
build_00473,2025-07-27T22:35:17.543926,22,6,3690.81,221,67,44,16,16,0.821,feature,83.84,success,0.6707
build_00474,2025-09-06T12:35:17.543926,12,5,14975.87,518,334,37,4,4,0.845,release,1574.89,failed,3.1498
build_00475,2025-12-17T23:35:17.543926,23,2,3012.83,232,66,35,8,4,0.776,feature,224.16,success,0.8219
build_00476,2025-09-24T12:35:17.543926,12,2,434.86,1753,7,58,2,8,0.868,release,150.53,success,0.2258
build_00477,2025-08-27T16:35:17.543926,16,2,506.36,355,251,60,4,16,0.502,feature,156.82,success,0.4704
build_00478,2025-08-10T07:35:17.543926,7,6,404.65,453,31,54,4,4,0.64,feature,70.74,success,0.1415
build_00479,2025-08-07T18:35:17.543926,18,3,872.67,212,156,50,2,16,0.354,feature,153.28,success,0.3321
build_00480,2025-11-20T23:35:17.543926,23,3,2495.36,142,302,43,2,8,0.959,release,240.35,success,0.3605
build_00481,2025-07-26T18:35:17.543926,18,5,1343.17,291,29,40,8,8,0.942,feature,66.21,success,0.2648
build_00482,2025-12-10T01:35:17.543926,1,2,549.0,116,34,36,2,16,0.676,main,78.45,success,0.17
build_00483,2025-09-12T01:35:17.543926,1,4,10601.98,130,75,39,2,4,0.862,feature,892.52,success,1.0413
build_00484,2025-08-04T16:35:17.543926,16,0,1715.41,549,180,38,2,4,0.732,main,292.53,success,0.3413
build_00485,2025-12-12T09:35:17.543926,9,4,4614.65,783,43,48,4,4,0.712,feature,491.57,success,0.9831
build_00486,2025-10-02T03:35:17.543926,3,3,744.66,1434,267,31,4,4,0.82,feature,200.51,success,0.401
build_00487,2025-10-21T19:35:17.543926,19,1,1748.96,144,78,37,8,16,0.659,hotfix,54.34,success,0.2536
build_00488,2025-07-26T01:35:17.543926,1,5,82.37,719,257,64,8,16,0.917,feature,82.79,success,0.3864
build_00489,2025-10-07T23:35:17.543926,23,1,3349.4,776,157,44,8,32,0.617,main,143.81,success,0.8629
build_00490,2025-10-31T23:35:17.543926,23,4,52.01,1351,505,55,2,8,0.963,main,357.6,success,0.5364
build_00491,2025-10-26T22:35:17.543926,22,6,1521.7,1463,126,30,8,16,0.808,main,125.67,success,0.5865
build_00492,2025-08-28T10:35:17.543926,10,3,6210.58,876,103,22,2,4,0.733,hotfix,478.89,success,0.5587
build_00493,2025-11-28T03:35:17.543926,3,4,968.2,1754,70,26,2,8,0.943,hotfix,108.22,success,0.1623
build_00494,2025-07-28T08:35:17.543926,8,0,6817.33,1123,108,26,8,32,0.569,feature,204.95,success,1.2297
build_00495,2025-11-02T11:35:17.543926,11,6,434.82,1199,2536,29,2,8,0.658,feature,1776.51,failed,2.6648
build_00496,2025-10-17T19:35:17.543926,19,4,1920.42,1729,73,49,2,4,0.725,main,289.33,failed,0.3375
build_00497,2025-10-19T04:35:17.543926,4,6,153.2,271,141,32,2,8,0.796,hotfix,65.0,success,0.0975
build_00498,2025-07-27T22:35:17.543926,22,6,356.34,565,77,68,2,8,0.791,release,122.1,success,0.1832
build_00499,2025-09-25T02:35:17.543926,2,3,426.08,298,69,49,2,4,0.707,feature,89.09,success,0.1039
build_00500,2025-11-28T11:35:17.543926,11,4,1360.55,370,179,47,2,8,0.763,feature,214.29,success,0.3214
build_00501,2026-01-10T08:35:17.543926,8,5,1504.51,3394,529,46,8,4,0.798,main,523.58,failed,1.9198
build_00502,2025-11-02T17:35:17.543926,17,6,6546.17,348,10,29,4,8,0.791,feature,538.4,success,1.2563
build_00503,2025-09-28T17:35:17.543926,17,6,1680.98,1151,134,67,4,8,0.86,main,311.06,success,0.7258
build_00504,2025-10-17T01:35:17.543926,1,4,466.05,334,13,54,2,8,0.786,feature,53.46,success,0.0802
build_00505,2025-10-16T21:35:17.543926,21,3,316.19,374,305,38,16,4,0.879,main,163.33,success,1.1433
build_00506,2025-11-12T08:35:17.543926,8,2,815.89,89,536,43,4,8,0.824,feature,280.08,success,0.6535
build_00507,2025-12-10T14:35:17.543926,14,2,43.38,389,522,36,2,8,0.507,feature,333.1,success,0.4997
build_00508,2025-11-03T22:35:17.543926,22,0,1114.27,106,23,52,2,8,0.496,feature,110.74,success,0.1661
build_00509,2025-08-20T19:35:17.543926,19,2,2513.68,298,399,31,4,8,0.479,feature,396.62,success,0.9254
build_00510,2025-10-04T06:35:17.543926,6,5,2127.06,96,54,23,2,4,0.564,feature,231.17,success,0.2697
build_00511,2025-08-02T06:35:17.543926,6,5,17168.73,400,38,34,4,4,0.774,feature,1116.65,success,2.2333
build_00512,2025-12-10T08:35:17.543926,8,2,145.78,1151,283,77,8,4,0.705,feature,199.78,success,0.7325
build_00513,2025-07-29T00:35:17.543926,0,1,120.66,2193,153,35,8,4,0.593,feature,146.76,success,0.5381
build_00514,2025-12-14T20:35:17.543926,20,6,55.92,385,57,52,8,16,0.669,main,31.41,success,0.1466
build_00515,2026-01-03T12:35:17.543926,12,5,3897.49,343,16,33,2,4,0.603,feature,359.49,success,0.4194
build_00516,2025-11-18T13:35:17.543926,13,1,1550.06,174,70,35,16,16,0.846,main,71.79,success,0.5743
build_00517,2025-08-31T22:35:17.543926,22,6,23467.85,199,177,55,4,4,0.877,feature,1600.34,success,3.2007
build_00518,2025-09-14T10:35:17.543926,10,6,574.8,903,386,69,4,16,0.843,main,265.42,success,0.7962
build_00519,2025-12-25T11:35:17.543926,11,3,14346.29,118,138,43,2,8,0.925,main,1241.31,success,1.862
build_00520,2025-12-07T19:35:17.543926,19,6,5759.3,294,699,30,4,8,0.355,main,1010.47,success,2.3578
build_00521,2025-09-14T04:35:17.543926,4,6,148.8,176,33,65,16,4,0.542,feature,34.58,success,0.242
build_00522,2025-07-29T17:35:17.543926,17,1,1548.56,456,60,70,16,8,0.63,feature,110.26,success,0.8086
build_00523,2026-01-05T10:35:17.543926,10,0,38461.21,702,389,39,4,8,0.812,feature,2786.35,success,6.5015
build_00524,2025-10-27T19:35:17.543926,19,0,202.52,91,242,29,2,4,0.651,feature,151.8,success,0.1771
build_00525,2025-08-18T19:35:17.543926,19,0,518.83,253,389,44,16,8,0.917,feature,101.27,success,0.7426
build_00526,2025-07-27T18:35:17.543926,18,6,8265.6,1709,210,44,8,16,0.996,feature,282.26,success,1.3172
build_00527,2025-09-16T12:35:17.543926,12,1,1151.66,2451,151,39,4,16,0.861,main,227.74,success,0.6832
build_00528,2025-10-27T16:35:17.543926,16,0,35.56,184,372,39,16,4,0.44,feature,188.22,success,1.3175
build_00529,2025-08-20T09:35:17.543926,9,2,194.49,214,37,37,4,32,0.763,feature,33.14,success,0.1436
build_00530,2025-08-17T16:35:17.543926,16,6,106.71,785,126,35,2,16,0.382,feature,133.05,success,0.2883
build_00531,2025-09-29T18:35:17.543926,18,0,1144.41,665,433,17,4,8,0.867,main,338.34,failed,0.7895
build_00532,2025-11-02T05:35:17.543926,5,6,21936.8,151,31,33,4,8,0.875,feature,977.21,success,2.2802
build_00533,2025-08-18T08:35:17.543926,8,0,4099.86,1622,154,34,2,4,0.704,feature,400.01,success,0.4667
build_00534,2025-10-09T21:35:17.543926,21,3,570.39,173,83,43,4,32,0.823,feature,46.82,success,0.2029
build_00535,2025-08-29T18:35:17.543926,18,4,1272.8,146,521,51,8,16,0.824,feature,186.52,success,0.8704
build_00536,2025-08-02T05:35:17.543926,5,5,542.35,1866,9,47,8,16,0.53,feature,55.76,success,0.2602
build_00537,2025-09-03T01:35:17.543926,1,2,6262.99,570,241,42,2,8,0.715,hotfix,383.53,success,0.5753
build_00538,2026-01-16T04:35:17.543926,4,4,174.15,437,116,41,16,16,0.804,feature,30.86,success,0.2469
build_00539,2025-12-25T08:35:17.543926,8,3,448.29,94,489,41,8,16,0.767,feature,158.59,success,0.7401
build_00540,2025-11-04T00:35:17.543926,0,1,6362.2,2922,320,41,4,4,0.843,feature,672.7,success,1.3454
build_00541,2025-10-24T14:35:17.543926,14,4,36.16,398,38,43,4,8,0.695,feature,51.76,success,0.1208
build_00542,2025-07-28T09:35:17.543926,9,0,1658.58,69,51,39,4,4,0.602,feature,182.83,success,0.3657
build_00543,2026-01-07T13:35:17.543926,13,2,590.51,828,1317,43,4,32,0.519,feature,547.11,success,2.3708
build_00544,2025-11-24T04:35:17.543926,4,0,673.61,377,249,24,8,4,0.863,hotfix,116.0,success,0.4253
build_00545,2025-08-23T23:35:17.543926,23,5,3169.45,338,1160,66,2,4,0.865,feature,876.92,success,1.0231
build_00546,2025-11-03T17:35:17.543926,17,0,692.61,85,72,35,8,8,0.739,feature,73.86,success,0.2954
build_00547,2025-10-28T15:35:17.543926,15,1,302.02,148,78,52,16,4,0.637,main,90.5,success,0.6335
build_00548,2025-10-23T08:35:17.543926,8,3,1868.72,66,318,42,2,16,0.592,feature,347.36,success,0.7526
build_00549,2025-12-11T01:35:17.543926,1,3,3251.06,2794,69,43,2,4,0.852,main,343.79,success,0.4011
build_00550,2025-10-31T06:35:17.543926,6,4,359.4,674,31,35,8,8,0.617,feature,45.07,success,0.1803
build_00551,2025-09-05T09:35:17.543926,9,4,3042.74,112,105,37,4,16,0.759,feature,263.51,success,0.7905
build_00552,2025-11-24T06:35:17.543926,6,0,230.51,1480,340,48,2,4,0.776,feature,209.22,success,0.2441
build_00553,2025-12-06T00:35:17.543926,0,5,1811.17,455,1417,31,2,4,0.786,hotfix,691.98,success,0.8073
build_00554,2025-11-10T09:35:17.543926,9,0,1943.08,1580,69,50,8,4,0.912,feature,177.24,success,0.6499
build_00555,2025-07-27T07:35:17.543926,7,6,6438.06,117,673,45,2,8,0.622,feature,907.7,success,1.3615
build_00556,2025-12-31T15:35:17.543926,15,2,2369.54,68,52,38,2,8,0.918,feature,208.07,success,0.3121
build_00557,2025-07-25T04:35:17.543926,4,4,248.86,489,115,28,2,32,0.9,release,78.55,success,0.2749
build_00558,2025-11-02T04:35:17.543926,4,6,5277.7,156,55,50,2,8,0.681,feature,355.81,success,0.5337
build_00559,2025-10-18T12:35:17.543926,12,5,63.39,566,104,36,4,4,0.353,release,161.46,success,0.3229
build_00560,2025-09-15T01:35:17.543926,1,0,487.15,46,345,48,16,16,0.733,feature,71.12,failed,0.569
build_00561,2025-12-08T16:35:17.543926,16,0,36.0,240,1899,41,4,16,0.783,main,877.34,success,2.632
build_00562,2025-10-08T11:35:17.543926,11,2,3576.65,1001,76,36,2,4,0.566,feature,447.89,success,0.5225
build_00563,2025-09-29T17:35:17.543926,17,0,5033.68,269,24,24,8,4,0.528,feature,396.97,failed,1.4555
build_00564,2025-09-08T18:35:17.543926,18,0,687.87,1439,118,47,2,32,0.884,feature,109.28,success,0.3825
build_00565,2025-09-26T20:35:17.543926,20,4,112.54,662,677,56,4,16,0.507,feature,268.35,success,0.8051
build_00566,2025-09-01T19:35:17.543926,19,0,8331.15,195,50,32,16,16,0.947,feature,144.76,success,1.1581
build_00567,2025-08-03T09:35:17.543926,9,6,10080.89,447,138,28,8,4,0.751,feature,840.46,success,3.0817
build_00568,2025-07-27T02:35:17.543926,2,6,1019.55,177,79,42,4,32,0.615,feature,65.76,success,0.285
build_00569,2025-07-27T04:35:17.543926,4,6,419.5,554,33,55,16,4,0.709,feature,48.79,success,0.3415
build_00570,2026-01-12T15:35:17.543926,15,0,261.99,4623,404,37,2,4,0.529,feature,569.36,success,0.6643
build_00571,2025-11-21T22:35:17.543926,22,4,655.8,993,48,46,4,8,0.973,feature,64.92,success,0.1515
build_00572,2025-11-04T02:35:17.543926,2,1,77.46,204,3076,59,16,4,0.968,main,1030.67,success,7.2147
build_00573,2025-08-16T07:35:17.543926,7,5,50.44,123,110,58,2,16,0.817,feature,56.91,success,0.1233
build_00574,2025-07-26T10:35:17.543926,10,5,5856.47,127,148,51,2,8,0.658,feature,614.01,success,0.921
build_00575,2025-08-07T06:35:17.543926,6,3,4873.3,994,81,50,2,4,0.467,feature,514.71,failed,0.6005
build_00576,2025-12-13T00:35:17.543926,0,5,132.51,1319,4,49,4,8,0.758,feature,57.24,success,0.1336
build_00577,2025-10-11T10:35:17.543926,10,5,281.82,179,366,45,16,32,0.66,release,77.68,success,0.725
build_00578,2025-08-19T17:35:17.543926,17,1,407.47,1575,95,24,4,8,0.92,feature,122.94,success,0.2869
build_00579,2025-10-30T09:35:17.543926,9,3,1099.59,246,165,68,16,4,0.61,feature,156.59,success,1.0961
build_00580,2026-01-01T13:35:17.543926,13,3,3045.92,921,44,45,2,16,0.723,feature,320.78,success,0.695
build_00581,2025-11-24T02:35:17.543926,2,0,133.98,492,146,25,2,4,0.746,main,129.55,success,0.1511
build_00582,2025-10-16T21:35:17.543926,21,3,3728.02,736,517,33,4,16,0.966,release,419.69,success,1.2591
build_00583,2025-09-22T18:35:17.543926,18,0,421.28,383,554,34,2,8,0.894,feature,321.95,success,0.4829
build_00584,2025-11-08T22:35:17.543926,22,5,2804.61,2132,77,36,4,16,0.554,release,311.14,success,0.9334
build_00585,2025-08-30T08:35:17.543926,8,5,270.06,499,31,37,8,16,0.664,hotfix,24.51,success,0.1144
build_00586,2025-09-12T11:35:17.543926,11,4,26.21,192,116,50,16,8,0.319,feature,54.54,success,0.4
build_00587,2026-01-15T16:35:17.543926,16,3,949.2,75,81,47,4,4,0.836,feature,129.32,success,0.2586
build_00588,2025-08-13T05:35:17.543926,5,2,3554.91,584,32,56,2,4,0.249,feature,333.14,success,0.3887
build_00589,2025-10-12T06:35:17.543926,6,6,509.09,954,318,52,2,8,0.921,feature,209.98,success,0.315
build_00590,2025-07-26T23:35:17.543926,23,5,151.39,317,694,43,4,8,0.39,feature,342.48,failed,0.7991
build_00591,2025-08-22T02:35:17.543926,2,4,240.09,470,58,43,8,4,0.947,feature,48.95,success,0.1795
build_00592,2025-11-28T20:35:17.543926,20,4,499.43,4474,669,52,8,16,0.631,main,323.77,success,1.5109
build_00593,2025-12-30T11:35:17.543926,11,1,764.75,202,260,60,16,16,0.937,feature,84.34,success,0.6747
build_00594,2025-11-20T10:35:17.543926,10,3,1755.63,91,307,61,2,16,0.817,feature,343.68,success,0.7446
build_00595,2025-12-15T17:35:17.543926,17,0,715.56,95,253,48,8,8,0.471,feature,180.45,success,0.7218
build_00596,2025-12-13T12:35:17.543926,12,5,962.87,2901,352,38,8,8,0.837,feature,268.64,success,1.0746
build_00597,2025-11-23T10:35:17.543926,10,6,967.43,641,50,32,4,8,0.441,feature,175.82,success,0.4103
build_00598,2025-08-16T18:35:17.543926,18,5,2209.18,375,1432,46,8,4,0.592,hotfix,695.33,success,2.5495
build_00599,2025-09-24T10:35:17.543926,10,2,140.86,299,124,33,4,8,0.646,feature,95.94,success,0.2239
build_00600,2025-11-15T14:35:17.543926,14,5,822.3,1276,159,55,2,4,0.91,release,276.98,success,0.3231
build_00601,2026-01-09T17:35:17.543926,17,4,504.6,4189,367,41,4,4,0.3,feature,523.47,success,1.0469
build_00602,2025-10-08T18:35:17.543926,18,2,464.88,1006,597,22,4,8,0.685,feature,326.67,success,0.7622
build_00603,2025-12-09T00:35:17.543926,0,1,456.05,520,1087,41,4,4,0.579,feature,721.43,success,1.4429
build_00604,2025-09-23T08:35:17.543926,8,1,3860.79,484,45,45,2,8,0.577,feature,336.02,failed,0.504
build_00605,2025-10-17T22:35:17.543926,22,4,4542.66,792,70,35,2,16,0.848,feature,269.71,success,0.5844
build_00606,2025-11-25T09:35:17.543926,9,1,3520.63,48,162,44,8,4,0.872,feature,339.63,success,1.2453
build_00607,2025-12-21T05:35:17.543926,5,6,1149.57,338,542,44,4,8,0.75,feature,261.24,success,0.6096
build_00608,2025-12-08T16:35:17.543926,16,0,298.0,1517,280,43,4,4,0.817,feature,295.15,success,0.5903
build_00609,2025-12-02T17:35:17.543926,17,1,556.16,479,388,47,2,16,0.541,feature,296.94,success,0.6434
build_00610,2025-12-31T06:35:17.543926,6,2,3986.7,971,47,41,2,32,0.72,feature,261.69,success,0.9159
build_00611,2025-09-06T03:35:17.543926,3,5,8159.91,286,82,28,16,4,0.526,feature,385.82,failed,2.7008
build_00612,2025-08-26T13:35:17.543926,13,1,183.68,243,23,55,4,4,0.723,release,74.35,success,0.1487
build_00613,2025-07-27T06:35:17.543926,6,6,130.36,468,468,35,2,8,0.741,feature,217.75,success,0.3266
build_00614,2025-12-22T00:35:17.543926,0,0,220.69,1426,20,27,4,8,0.59,feature,73.76,success,0.1721
build_00615,2025-11-17T21:35:17.543926,21,0,4536.29,306,200,51,4,16,0.722,feature,238.59,success,0.7158
build_00616,2025-10-19T16:35:17.543926,16,6,115.83,2036,35,65,4,4,0.787,main,135.83,success,0.2717
build_00617,2025-09-01T08:35:17.543926,8,0,436.85,107,200,73,8,16,0.662,feature,79.11,success,0.3692
build_00618,2025-09-11T22:35:17.543926,22,3,7094.0,946,35,24,8,32,0.362,feature,210.44,failed,1.2626
build_00619,2025-09-27T00:35:17.543926,0,5,1361.17,78,107,42,4,8,0.882,feature,96.2,success,0.2245
build_00620,2025-08-16T22:35:17.543926,22,5,5444.52,593,42,51,16,4,0.784,feature,246.29,success,1.7241
build_00621,2026-01-05T12:35:17.543926,12,0,862.85,92,528,38,2,8,0.832,feature,440.6,success,0.6609
build_00622,2025-09-28T19:35:17.543926,19,6,455.13,487,369,37,4,16,0.814,feature,160.73,success,0.4822
build_00623,2025-12-07T16:35:17.543926,16,6,2771.95,57,24,49,8,4,0.824,feature,198.01,failed,0.7261
build_00624,2025-08-30T11:35:17.543926,11,5,258.1,383,843,52,16,8,0.737,feature,352.81,success,2.5872
build_00625,2025-10-18T23:35:17.543926,23,5,2344.16,62,382,44,4,8,0.911,feature,249.32,success,0.5818
build_00626,2025-11-07T00:35:17.543926,0,4,1370.83,339,164,43,4,8,0.721,main,207.22,success,0.4835
build_00627,2025-10-14T21:35:17.543926,21,1,7526.29,275,147,33,2,8,0.708,release,753.24,success,1.1299
build_00628,2025-09-19T19:35:17.543926,19,4,1921.12,705,168,57,2,4,0.784,feature,236.93,success,0.2764
build_00629,2025-09-16T03:35:17.543926,3,1,4862.54,633,25,45,4,16,0.872,feature,242.66,success,0.728
build_00630,2025-12-12T21:35:17.543926,21,4,3781.12,246,6,46,4,8,0.541,feature,251.14,success,0.586
build_00631,2025-11-18T16:35:17.543926,16,1,2801.69,340,752,22,4,8,0.958,feature,526.04,success,1.2274
build_00632,2025-11-27T20:35:17.543926,20,3,1707.37,232,80,47,2,8,0.702,feature,148.16,success,0.2222
build_00633,2025-09-23T01:35:17.543926,1,1,421.88,846,105,45,2,16,0.868,feature,93.08,success,0.2017
build_00634,2025-09-01T21:35:17.543926,21,0,305.89,528,65,58,8,4,0.633,release,99.96,success,0.3665
build_00635,2025-12-07T09:35:17.543926,9,6,764.49,519,185,67,4,4,0.566,feature,225.05,success,0.4501
build_00636,2025-10-18T09:35:17.543926,9,5,1960.62,650,74,45,4,16,0.615,feature,183.95,success,0.5519
build_00637,2025-08-12T05:35:17.543926,5,1,1077.83,64,51,54,4,4,0.729,hotfix,90.11,success,0.1802
build_00638,2025-12-12T00:35:17.543926,0,4,178.08,945,149,56,2,4,0.66,hotfix,103.23,success,0.1204
build_00639,2025-12-31T01:35:17.543926,1,2,2656.01,141,486,61,4,32,0.736,feature,250.98,success,1.0876
build_00640,2025-08-05T05:35:17.543926,5,1,1514.14,763,1138,47,4,8,0.78,release,913.91,success,2.1325
build_00641,2025-09-10T01:35:17.543926,1,2,9053.8,508,163,37,8,4,0.873,main,669.54,success,2.455
build_00642,2025-09-17T19:35:17.543926,19,2,324.25,404,66,62,2,8,0.523,release,107.66,success,0.1615
build_00643,2026-01-11T21:35:17.543926,21,6,7580.6,306,75,37,8,8,0.503,release,541.2,success,2.1648
build_00644,2025-09-11T08:35:17.543926,8,3,327.43,2795,174,42,2,16,0.785,main,226.88,success,0.4916
build_00645,2025-08-28T22:35:17.543926,22,3,616.3,188,3304,48,4,8,0.846,hotfix,1174.91,success,2.7415
build_00646,2025-09-19T06:35:17.543926,6,4,499.71,3458,146,40,2,32,0.563,feature,142.15,success,0.4975
build_00647,2025-09-15T22:35:17.543926,22,0,15508.99,1836,587,32,4,4,0.516,main,1649.12,success,3.2982
build_00648,2025-09-02T07:35:17.543926,7,1,683.25,127,265,56,8,16,0.614,main,116.17,success,0.5421
build_00649,2026-01-09T12:35:17.543926,12,4,2094.04,1279,42,54,2,8,0.9,main,293.37,success,0.44
build_00650,2025-08-26T03:35:17.543926,3,1,5636.1,380,312,41,2,8,0.594,main,681.89,success,1.0228
build_00651,2025-08-09T15:35:17.543926,15,5,2222.34,658,99,35,4,4,0.395,feature,315.44,failed,0.6309
build_00652,2026-01-03T08:35:17.543926,8,5,938.5,123,1002,37,16,8,0.778,feature,291.62,success,2.1386
build_00653,2025-09-06T21:35:17.543926,21,5,2025.78,364,13,37,8,8,0.741,feature,95.71,success,0.3829
build_00654,2025-09-11T05:35:17.543926,5,3,689.34,488,207,47,2,4,0.969,release,193.14,success,0.2253
build_00655,2025-11-03T16:35:17.543926,16,0,901.26,415,104,35,2,8,0.907,feature,117.14,success,0.1757
build_00656,2026-01-12T03:35:17.543926,3,0,2066.14,462,96,24,8,16,0.833,feature,96.63,success,0.4509
build_00657,2025-10-10T06:35:17.543926,6,4,782.38,422,465,58,4,4,0.625,main,376.95,success,0.7539
build_00658,2025-12-21T17:35:17.543926,17,6,3512.09,674,38,23,8,4,0.931,feature,272.86,success,1.0005
build_00659,2025-12-31T06:35:17.543926,6,2,2843.75,144,225,51,8,8,0.911,main,242.09,success,0.9684
build_00660,2025-11-15T00:35:17.543926,0,5,322.51,127,269,51,4,4,0.919,feature,150.15,success,0.3003
build_00661,2025-10-28T00:35:17.543926,0,1,1801.14,97,55,35,2,8,0.908,feature,118.8,success,0.1782
build_00662,2025-11-05T10:35:17.543926,10,2,600.5,251,47,47,8,4,0.795,feature,87.95,success,0.3225
build_00663,2025-08-18T15:35:17.543926,15,0,1567.73,235,98,53,2,4,0.714,main,281.82,success,0.3288
build_00664,2025-10-24T08:35:17.543926,8,4,99.01,65,211,45,4,16,0.599,feature,102.72,success,0.3081
build_00665,2025-11-06T23:35:17.543926,23,3,1239.88,404,92,26,2,4,0.936,release,148.64,success,0.1734
build_00666,2025-11-18T12:35:17.543926,12,1,60.03,1113,96,58,8,8,0.748,feature,96.38,success,0.3855
build_00667,2025-11-30T01:35:17.543926,1,6,1742.95,460,53,32,8,16,0.764,feature,63.35,success,0.2956
build_00668,2025-10-12T01:35:17.543926,1,6,1058.56,306,233,34,4,4,0.605,release,284.13,failed,0.5683
build_00669,2025-09-22T12:35:17.543926,12,0,355.73,164,519,50,2,8,0.671,feature,446.96,failed,0.6704
build_00670,2025-11-20T07:35:17.543926,7,3,4087.41,133,113,51,4,4,0.778,feature,339.57,success,0.6791
build_00671,2025-10-29T15:35:17.543926,15,2,2864.0,521,112,52,2,4,0.456,feature,474.49,success,0.5536
build_00672,2025-08-09T15:35:17.543926,15,5,3737.61,161,214,43,16,32,0.869,feature,80.89,success,0.755
build_00673,2025-12-31T14:35:17.543926,14,2,13359.66,152,23,30,4,32,0.459,feature,686.47,success,2.9747
build_00674,2025-08-16T12:35:17.543926,12,5,441.63,345,37,41,4,4,0.99,feature,71.58,success,0.1432
build_00675,2025-12-17T05:35:17.543926,5,2,439.05,523,374,67,2,4,0.512,main,400.74,success,0.4675
build_00676,2025-12-09T01:35:17.543926,1,1,13760.37,57,73,40,4,16,0.657,main,778.02,success,2.3341
build_00677,2026-01-12T19:35:17.543926,19,0,333.01,23,105,43,2,8,0.78,feature,83.23,success,0.1248
build_00678,2025-12-28T20:35:17.543926,20,6,717.31,91,591,42,4,4,0.863,feature,338.24,success,0.6765
build_00679,2025-08-12T21:35:17.543926,21,1,99.84,1790,1746,64,4,4,0.889,feature,966.14,success,1.9323
build_00680,2025-10-31T16:35:17.543926,16,4,598.16,398,282,42,16,4,0.689,release,263.95,success,1.8477
build_00681,2025-12-31T07:35:17.543926,7,2,689.84,360,533,47,8,8,0.692,feature,241.24,success,0.965
build_00682,2025-11-17T20:35:17.543926,20,0,367.4,651,23,37,2,8,0.903,main,73.9,success,0.1108
build_00683,2025-12-26T05:35:17.543926,5,4,4076.9,86,187,57,8,8,0.515,feature,254.82,success,1.0193
build_00684,2026-01-20T09:35:17.543926,9,1,167.51,332,523,37,4,4,0.849,feature,286.57,success,0.5731
build_00685,2025-09-22T09:35:17.543926,9,0,1582.2,711,141,44,8,16,0.692,feature,132.48,success,0.6182
build_00686,2026-01-03T12:35:17.543926,12,5,21840.41,1585,133,35,8,4,0.849,feature,1448.06,success,5.3095
build_00687,2025-12-02T13:35:17.543926,13,1,235.11,255,132,39,2,4,0.494,main,148.26,success,0.173
build_00688,2025-12-17T22:35:17.543926,22,2,1973.47,369,1024,34,16,16,0.722,feature,185.21,success,1.4817
build_00689,2025-08-28T21:35:17.543926,21,3,1296.97,353,504,44,2,8,0.834,feature,347.6,success,0.5214
build_00690,2026-01-20T11:35:17.543926,11,1,1098.83,341,32,39,8,32,0.83,release,53.65,success,0.3219
build_00691,2025-08-01T05:35:17.543926,5,4,382.96,143,329,75,2,4,0.515,main,267.31,success,0.3119
build_00692,2025-11-09T17:35:17.543926,17,6,6608.83,1751,234,42,4,32,0.882,main,434.56,success,1.8831
build_00693,2025-08-14T16:35:17.543926,16,3,386.27,469,58,37,4,8,0.71,feature,80.42,success,0.1876
build_00694,2025-12-19T08:35:17.543926,8,4,2273.85,6427,109,25,8,4,0.923,feature,333.32,success,1.2222
build_00695,2025-09-10T00:35:17.543926,0,2,8281.56,1001,44,31,2,32,0.63,feature,435.07,success,1.5228
build_00696,2025-11-03T00:35:17.543926,0,0,241.85,659,900,37,4,4,0.658,feature,551.01,success,1.102
build_00697,2026-01-06T11:35:17.543926,11,1,1128.4,739,107,47,2,8,0.831,feature,193.12,success,0.2897
build_00698,2025-12-06T20:35:17.543926,20,5,555.81,2761,47,57,4,4,0.798,release,170.15,success,0.3403
build_00699,2025-08-17T11:35:17.543926,11,6,172.1,445,488,57,2,16,0.98,feature,282.05,success,0.6111
build_00700,2025-10-30T16:35:17.543926,16,3,9865.2,184,1502,50,2,32,0.787,feature,1161.0,success,4.0635
build_00701,2026-01-04T10:35:17.543926,10,6,1465.51,168,116,45,2,8,0.657,release,266.92,success,0.4004
build_00702,2025-11-06T19:35:17.543926,19,3,4671.6,679,10,39,8,4,0.769,feature,300.98,success,1.1036
build_00703,2025-09-17T01:35:17.543926,1,2,9282.91,1658,143,45,4,16,0.939,feature,418.22,success,1.2546
build_00704,2026-01-03T05:35:17.543926,5,5,1801.83,51,643,39,4,4,0.848,release,548.79,success,1.0976
build_00705,2025-10-03T16:35:17.543926,16,4,2340.41,362,102,41,8,16,0.629,main,155.42,success,0.7253
build_00706,2025-10-21T11:35:17.543926,11,1,2002.5,155,77,47,2,16,0.429,feature,237.93,success,0.5155
build_00707,2026-01-14T22:35:17.543926,22,2,308.87,338,50,43,2,16,0.766,release,75.99,success,0.1646
build_00708,2025-11-03T01:35:17.543926,1,0,2379.95,521,79,39,2,8,0.689,feature,243.91,success,0.3659
build_00709,2025-11-23T13:35:17.543926,13,6,3549.96,587,525,39,4,4,0.732,main,633.52,success,1.267
build_00710,2025-08-13T03:35:17.543926,3,2,9099.61,181,76,39,2,8,0.691,release,751.63,success,1.1274
build_00711,2025-09-25T06:35:17.543926,6,3,9764.87,459,78,51,2,4,0.802,feature,749.94,success,0.8749
build_00712,2026-01-16T18:35:17.543926,18,4,2641.35,75,1822,44,8,8,0.819,feature,749.94,success,2.9998
build_00713,2025-10-19T11:35:17.543926,11,6,859.98,1332,83,47,16,16,0.81,feature,60.66,success,0.4853
build_00714,2025-08-26T14:35:17.543926,14,1,13329.22,422,103,37,2,4,0.467,release,1471.17,failed,1.7164
build_00715,2025-10-10T18:35:17.543926,18,4,4764.22,314,190,30,8,8,0.662,feature,331.03,success,1.3241
build_00716,2025-10-16T18:35:17.543926,18,3,21454.84,229,92,48,2,16,0.916,release,1668.01,success,3.614
build_00717,2025-10-09T07:35:17.543926,7,3,200.37,1102,115,58,16,16,0.698,feature,37.34,success,0.2987
build_00718,2025-11-30T09:35:17.543926,9,6,10914.81,578,161,50,16,8,0.914,main,610.6,success,4.4777
build_00719,2025-09-04T07:35:17.543926,7,3,2200.74,1372,186,34,8,4,0.633,feature,239.0,success,0.8763
build_00720,2026-01-15T19:35:17.543926,19,3,15165.99,1025,1117,41,2,8,0.781,hotfix,1042.48,success,1.5637
build_00721,2025-07-26T02:35:17.543926,2,5,793.04,220,556,48,4,8,0.827,feature,248.12,success,0.5789
build_00722,2026-01-16T13:35:17.543926,13,4,23337.39,950,924,19,2,32,0.837,main,1647.43,success,5.766
build_00723,2025-10-02T04:35:17.543926,4,3,152.43,407,358,55,4,8,0.561,feature,162.38,success,0.3789
build_00724,2025-10-15T10:35:17.543926,10,2,2610.89,376,27,43,2,8,0.811,feature,241.67,success,0.3625
build_00725,2025-12-12T02:35:17.543926,2,4,703.78,819,122,41,4,16,0.531,feature,123.58,success,0.3707
build_00726,2025-09-24T11:35:17.543926,11,2,44026.3,285,194,37,2,8,0.806,feature,3646.2,success,5.4693
build_00727,2025-08-21T04:35:17.543926,4,3,2524.43,467,35,51,4,32,0.925,feature,89.31,success,0.387
build_00728,2025-08-17T15:35:17.543926,15,6,4355.55,24,122,32,4,32,0.764,main,219.62,success,0.9517
build_00729,2025-10-13T10:35:17.543926,10,0,650.13,1092,104,43,4,32,0.645,feature,90.66,success,0.3928
build_00730,2026-01-18T11:35:17.543926,11,6,1356.27,190,103,44,2,8,0.369,hotfix,162.46,success,0.2437
build_00731,2025-12-08T16:35:17.543926,16,0,1617.46,89,147,51,4,16,0.852,feature,160.14,success,0.4804
build_00732,2025-11-22T21:35:17.543926,21,5,319.3,105,51,27,16,16,0.545,feature,23.39,success,0.1871
build_00733,2025-11-03T11:35:17.543926,11,0,11.86,196,325,35,16,4,0.747,hotfix,143.71,success,1.006
build_00734,2025-11-19T10:35:17.543926,10,2,88.25,860,54,21,16,4,0.83,main,68.34,success,0.4784
build_00735,2025-09-17T15:35:17.543926,15,2,2164.91,849,257,69,16,8,0.946,feature,185.15,success,1.3578
build_00736,2025-12-05T16:35:17.543926,16,4,4360.09,305,140,32,16,4,0.561,feature,321.5,failed,2.2505
build_00737,2025-08-08T19:35:17.543926,19,4,3279.27,278,74,55,2,8,0.653,release,323.61,success,0.4854
build_00738,2025-09-05T05:35:17.543926,5,4,4791.39,471,39,64,2,4,0.921,feature,305.16,failed,0.356
build_00739,2025-08-15T18:35:17.543926,18,4,915.14,391,87,43,4,16,0.378,main,132.12,success,0.3964
build_00740,2025-07-30T21:35:17.543926,21,2,1503.19,1912,199,48,2,8,0.826,main,317.24,success,0.4759
build_00741,2025-10-21T02:35:17.543926,2,1,1788.99,1003,102,53,8,4,0.849,feature,138.59,failed,0.5082
build_00742,2025-11-23T04:35:17.543926,4,6,110.79,154,418,51,2,4,0.558,feature,303.04,success,0.3535
build_00743,2025-10-12T11:35:17.543926,11,6,5712.5,1958,1565,47,8,8,0.529,feature,1329.31,success,5.3173
build_00744,2025-09-22T18:35:17.543926,18,0,4223.23,380,157,46,2,8,0.603,feature,393.24,success,0.5899
build_00745,2026-01-06T04:35:17.543926,4,1,1873.04,2831,37,52,2,4,0.393,feature,309.62,success,0.3612
build_00746,2025-10-19T14:35:17.543926,14,6,5945.09,746,9,51,2,4,0.617,feature,657.22,success,0.7668
build_00747,2026-01-12T01:35:17.543926,1,0,1974.01,143,324,49,2,4,0.868,feature,276.34,failed,0.3224
build_00748,2025-12-11T23:35:17.543926,23,3,1079.97,161,344,54,8,8,0.901,feature,134.23,success,0.5369
build_00749,2025-10-13T14:35:17.543926,14,0,183.19,272,95,26,2,16,0.771,feature,89.56,success,0.1941
build_00750,2025-10-15T10:35:17.543926,10,2,7720.64,662,321,36,2,8,0.519,feature,886.77,success,1.3302
build_00751,2025-10-06T22:35:17.543926,22,0,567.59,290,477,42,2,16,0.759,feature,250.18,success,0.5421
build_00752,2025-11-20T17:35:17.543926,17,3,1638.86,388,38,54,2,16,0.687,main,228.31,success,0.4947
build_00753,2025-10-26T06:35:17.543926,6,6,298.76,352,155,36,8,8,0.811,feature,68.52,success,0.2741
build_00754,2025-12-19T03:35:17.543926,3,4,400.22,133,249,41,4,32,0.38,main,140.69,success,0.6097
build_00755,2025-12-22T14:35:17.543926,14,0,278.25,418,159,43,8,16,0.639,feature,94.34,success,0.4403
build_00756,2025-08-17T17:35:17.543926,17,6,326.87,1596,303,73,2,8,0.92,feature,280.04,success,0.4201
build_00757,2025-11-18T10:35:17.543926,10,1,3201.19,1729,87,39,4,4,0.764,feature,391.17,success,0.7823
build_00758,2025-09-24T01:35:17.543926,1,2,20239.17,99,141,35,2,4,0.588,main,1803.59,success,2.1042
build_00759,2026-01-15T10:35:17.543926,10,3,990.16,150,316,62,2,8,0.716,feature,283.85,success,0.4258
build_00760,2025-12-06T16:35:17.543926,16,5,264.26,170,86,49,16,4,0.64,feature,56.77,success,0.3974
build_00761,2025-09-26T09:35:17.543926,9,4,3098.57,257,27,75,4,4,0.857,hotfix,173.06,failed,0.3461
build_00762,2025-09-13T11:35:17.543926,11,5,1831.49,226,2229,36,4,8,0.735,feature,1565.63,success,3.6531
build_00763,2026-01-10T10:35:17.543926,10,5,1255.92,200,3367,60,4,4,0.955,release,2545.8,failed,5.0916
build_00764,2025-12-12T18:35:17.543926,18,4,712.01,767,583,30,2,4,0.526,feature,510.47,success,0.5955
build_00765,2025-09-20T12:35:17.543926,12,5,28.09,401,74,45,8,4,0.804,feature,79.56,success,0.2917
build_00766,2025-12-23T12:35:17.543926,12,1,1813.05,523,820,41,4,4,0.651,feature,773.88,failed,1.5478
build_00767,2025-11-18T00:35:17.543926,0,1,1680.05,58,223,41,4,16,0.413,release,237.86,success,0.7136
build_00768,2025-12-25T12:35:17.543926,12,3,3409.87,663,40,47,16,16,0.564,main,135.59,success,1.0847
build_00769,2025-12-10T08:35:17.543926,8,2,2421.29,187,157,30,16,4,0.765,feature,177.38,success,1.2417
build_00770,2025-09-16T00:35:17.543926,0,1,867.3,399,208,70,8,4,0.807,release,202.43,success,0.7422
build_00771,2025-10-25T09:35:17.543926,9,5,723.47,1245,138,42,16,4,0.94,feature,113.38,success,0.7936
build_00772,2025-09-08T14:35:17.543926,14,0,3001.55,233,79,34,4,4,0.544,feature,408.51,success,0.817
build_00773,2025-10-21T11:35:17.543926,11,1,2072.38,419,34,37,2,16,0.886,feature,157.22,success,0.3406
build_00774,2025-09-20T11:35:17.543926,11,5,593.48,100,69,26,2,16,0.767,feature,81.87,success,0.1774
build_00775,2025-11-27T13:35:17.543926,13,3,5108.14,436,447,32,2,4,0.867,feature,600.61,success,0.7007
build_00776,2025-09-12T09:35:17.543926,9,4,2965.83,579,78,42,8,16,0.498,hotfix,155.17,success,0.7241
build_00777,2025-08-08T21:35:17.543926,21,4,1355.16,87,126,34,4,4,0.776,main,182.11,failed,0.3642
build_00778,2025-09-14T19:35:17.543926,19,6,366.42,482,122,52,2,8,0.58,feature,104.44,success,0.1567
build_00779,2025-07-28T23:35:17.543926,23,0,332.05,92,164,44,8,16,0.744,feature,64.38,success,0.3004
build_00780,2025-09-15T09:35:17.543926,9,0,33488.9,477,785,62,8,16,0.927,feature,1267.56,success,5.9153
build_00781,2025-08-23T10:35:17.543926,10,5,997.29,372,625,44,16,32,0.707,hotfix,81.22,success,0.7581
build_00782,2025-08-05T17:35:17.543926,17,1,1432.05,1142,16,40,2,8,0.554,feature,203.35,success,0.305
build_00783,2025-09-16T08:35:17.543926,8,1,1053.48,176,71,37,8,8,0.743,feature,84.16,success,0.3366
build_00784,2025-10-13T06:35:17.543926,6,0,90.24,1397,109,57,2,4,0.578,feature,129.38,success,0.1509
build_00785,2025-11-20T10:35:17.543926,10,3,156.18,280,73,34,4,4,0.759,release,98.12,success,0.1962
build_00786,2025-11-25T16:35:17.543926,16,1,222.26,250,41,34,8,16,0.235,release,56.33,success,0.2629
build_00787,2025-08-09T03:35:17.543926,3,5,301.95,1479,155,34,4,16,0.686,release,113.27,success,0.3398
build_00788,2025-08-19T12:35:17.543926,12,1,1326.7,304,92,42,4,16,0.482,feature,135.19,success,0.4056
build_00789,2025-12-17T02:35:17.543926,2,2,64.2,379,195,43,2,8,0.548,feature,110.52,success,0.1658
build_00790,2025-09-12T04:35:17.543926,4,4,177.65,1208,36,26,2,8,0.881,feature,67.52,failed,0.1013
build_00791,2026-01-16T05:35:17.543926,5,4,207.19,834,245,61,4,8,0.651,feature,173.07,success,0.4038
build_00792,2025-10-29T06:35:17.543926,6,2,38281.52,269,283,38,16,4,0.853,feature,1718.24,success,12.0277
build_00793,2025-11-04T14:35:17.543926,14,1,206.52,622,118,38,8,4,0.911,main,114.28,success,0.419
build_00794,2025-09-26T05:35:17.543926,5,4,39.39,1142,367,40,4,16,0.786,feature,185.0,success,0.555
build_00795,2026-01-01T01:35:17.543926,1,3,2545.71,252,371,48,2,16,0.846,feature,223.34,success,0.4839
build_00796,2025-10-21T15:35:17.543926,15,1,2179.88,61,135,38,2,8,0.758,feature,304.02,success,0.456
build_00797,2025-10-19T04:35:17.543926,4,6,39784.6,356,182,39,4,4,0.688,feature,2317.85,success,4.6357
build_00798,2025-09-30T08:35:17.543926,8,1,445.5,34,1510,44,8,8,0.611,feature,610.18,success,2.4407
build_00799,2025-10-15T23:35:17.543926,23,2,968.93,778,681,57,2,8,0.711,feature,411.63,success,0.6174
build_00800,2025-11-12T18:35:17.543926,18,2,1106.98,441,366,37,4,32,0.957,feature,152.23,success,0.6596
build_00801,2025-07-27T20:35:17.543926,20,6,496.41,279,184,58,8,4,0.633,feature,126.21,success,0.4628
build_00802,2025-10-22T07:35:17.543926,7,2,66.18,657,250,40,2,16,0.359,hotfix,155.79,success,0.3376
build_00803,2025-12-26T21:35:17.543926,21,4,5247.87,1025,209,32,2,8,0.782,hotfix,415.28,success,0.6229
build_00804,2025-09-28T15:35:17.543926,15,6,365.02,5007,1257,36,16,8,0.849,feature,489.25,failed,3.5878
build_00805,2025-10-29T22:35:17.543926,22,2,1756.25,205,20,59,4,8,0.88,feature,117.06,success,0.2731
build_00806,2025-08-04T01:35:17.543926,1,0,655.17,250,213,40,4,4,0.871,feature,180.46,failed,0.3609
build_00807,2025-12-13T08:35:17.543926,8,5,7202.02,1410,256,51,4,8,0.133,feature,846.35,success,1.9748
build_00808,2025-08-16T21:35:17.543926,21,5,3479.8,237,1454,72,2,8,0.761,feature,801.16,success,1.2017
build_00809,2025-11-06T22:35:17.543926,22,3,809.03,359,410,53,16,32,0.601,main,69.26,success,0.6465
build_00810,2025-10-02T15:35:17.543926,15,3,5046.58,61,218,35,4,8,0.713,feature,563.86,success,1.3157
build_00811,2025-09-17T09:35:17.543926,9,2,1067.06,1096,424,15,4,4,0.788,feature,443.25,failed,0.8865
build_00812,2025-12-12T21:35:17.543926,21,4,369.25,137,173,42,2,4,0.547,feature,151.72,success,0.177
build_00813,2025-12-04T13:35:17.543926,13,3,279.3,112,38,35,8,4,0.832,feature,48.62,success,0.1783
build_00814,2025-09-22T22:35:17.543926,22,0,342.51,50,385,26,8,4,0.833,main,185.65,success,0.6807
build_00815,2025-12-30T12:35:17.543926,12,1,319.05,1732,277,47,8,16,0.612,feature,168.3,success,0.7854
build_00816,2025-11-06T23:35:17.543926,23,3,384.01,178,494,35,8,16,0.881,feature,134.2,success,0.6263
build_00817,2025-11-21T02:35:17.543926,2,4,1768.16,443,85,54,4,8,0.725,hotfix,134.67,success,0.3142
build_00818,2025-10-25T14:35:17.543926,14,5,968.97,73,54,47,2,32,0.964,main,94.22,success,0.3298
build_00819,2025-08-23T19:35:17.543926,19,5,497.4,2049,28,66,4,4,0.864,feature,108.29,success,0.2166
build_00820,2025-09-12T21:35:17.543926,21,4,611.55,108,38,47,2,8,0.827,hotfix,47.5,success,0.0712
build_00821,2025-09-26T06:35:17.543926,6,4,185.33,801,27,63,4,16,0.713,feature,40.93,success,0.1228
build_00822,2025-08-15T02:35:17.543926,2,4,357.05,540,210,42,2,4,0.724,release,247.34,success,0.2886
build_00823,2025-09-09T20:35:17.543926,20,1,2298.0,192,25,68,4,8,0.787,feature,149.03,success,0.3477
build_00824,2025-11-13T00:35:17.543926,0,3,1203.55,150,60,58,16,4,0.822,feature,81.27,failed,0.5689
build_00825,2025-10-31T06:35:17.543926,6,4,973.61,424,190,50,4,16,0.719,feature,123.74,success,0.3712
build_00826,2025-08-17T19:35:17.543926,19,6,5757.29,33,85,46,4,8,0.948,feature,269.34,success,0.6285
build_00827,2025-09-23T19:35:17.543926,19,1,1273.26,475,194,48,2,4,0.685,release,300.85,success,0.351
build_00828,2025-08-09T19:35:17.543926,19,5,423.69,281,32,48,8,8,0.605,main,56.2,success,0.2248
build_00829,2025-10-12T06:35:17.543926,6,6,393.12,454,192,32,4,8,0.598,main,149.39,success,0.3486
build_00830,2025-11-10T17:35:17.543926,17,0,166.01,424,2383,35,4,4,0.839,hotfix,924.12,success,1.8482
build_00831,2025-09-23T10:35:17.543926,10,1,100.18,223,112,64,2,16,0.688,feature,105.62,success,0.2288
build_00832,2025-10-01T17:35:17.543926,17,2,20840.99,55,102,51,4,4,0.478,main,2257.13,success,4.5143
build_00833,2025-10-13T08:35:17.543926,8,0,5267.09,795,15,50,2,4,0.819,feature,406.98,success,0.4748
build_00834,2025-09-24T13:35:17.543926,13,2,2123.33,374,550,56,16,8,0.673,feature,276.14,success,2.025
build_00835,2025-12-15T15:35:17.543926,15,0,4741.97,132,270,42,2,32,0.524,main,551.56,success,1.9305
build_00836,2025-10-01T04:35:17.543926,4,2,4539.71,22,105,27,4,16,0.475,main,298.52,success,0.8956
build_00837,2025-12-09T00:35:17.543926,0,1,619.98,561,287,29,4,8,0.769,main,219.49,success,0.5121
build_00838,2025-12-02T13:35:17.543926,13,1,366.41,1206,215,47,4,16,0.376,feature,178.12,success,0.5344
build_00839,2025-08-11T00:35:17.543926,0,0,635.95,430,37,43,8,16,0.794,feature,34.24,success,0.1598
build_00840,2026-01-06T11:35:17.543926,11,1,2655.66,508,38,30,4,16,0.843,feature,179.28,success,0.5378
build_00841,2025-07-27T01:35:17.543926,1,6,1041.94,535,3368,73,4,4,0.84,release,2152.76,failed,4.3055
build_00842,2025-08-09T19:35:17.543926,19,5,77.2,292,264,42,2,8,0.673,release,222.54,success,0.3338
build_00843,2026-01-03T16:35:17.543926,16,5,1512.77,366,655,41,8,16,0.957,feature,243.14,success,1.1346
build_00844,2025-11-26T14:35:17.543926,14,2,463.8,1027,180,62,4,8,0.767,feature,189.31,failed,0.4417
build_00845,2025-12-13T19:35:17.543926,19,5,3192.32,721,148,41,2,8,0.896,feature,250.38,success,0.3756
build_00846,2025-08-16T20:35:17.543926,20,5,366.86,2376,188,45,2,16,0.612,main,213.77,success,0.4632
build_00847,2025-11-14T12:35:17.543926,12,4,328.46,252,103,39,16,8,0.584,release,80.13,success,0.5876
build_00848,2025-09-04T00:35:17.543926,0,3,201.44,1125,361,50,2,4,0.455,main,430.51,success,0.5023
build_00849,2025-10-07T03:35:17.543926,3,1,2041.71,549,493,53,16,16,0.646,release,151.67,success,1.2133
build_00850,2025-08-07T20:35:17.543926,20,3,3191.61,831,180,41,8,16,0.746,feature,165.61,success,0.7728
build_00851,2025-11-10T18:35:17.543926,18,0,533.66,415,169,38,4,8,0.597,feature,138.71,success,0.3237
build_00852,2025-12-05T03:35:17.543926,3,4,9261.62,425,315,36,8,16,0.872,hotfix,289.41,failed,1.3506
build_00853,2025-09-13T18:35:17.543926,18,5,780.56,772,86,66,2,4,0.658,feature,140.55,success,0.164
build_00854,2026-01-07T18:35:17.543926,18,2,4739.82,407,36,32,4,8,0.757,main,354.79,success,0.8278
build_00855,2025-10-11T09:35:17.543926,9,5,1756.19,101,243,50,16,4,0.392,feature,245.8,failed,1.7206
build_00856,2025-07-28T23:35:17.543926,23,0,1593.57,646,108,39,2,4,0.933,release,248.31,success,0.2897
build_00857,2026-01-11T22:35:17.543926,22,6,3218.82,240,153,56,16,8,0.789,feature,151.01,success,1.1074
build_00858,2025-10-05T21:35:17.543926,21,6,272.56,1219,76,22,4,8,0.885,main,104.28,success,0.2433
build_00859,2025-08-12T05:35:17.543926,5,1,2862.52,100,302,39,4,4,0.964,feature,260.92,success,0.5218
build_00860,2025-11-29T16:35:17.543926,16,5,93.08,3061,44,45,4,16,0.583,feature,116.37,success,0.3491
build_00861,2025-08-30T02:35:17.543926,2,5,4051.49,621,212,33,2,4,0.849,main,443.62,success,0.5176
build_00862,2025-08-13T16:35:17.543926,16,2,1856.24,117,197,39,8,8,0.833,feature,188.53,success,0.7541
build_00863,2025-12-23T07:35:17.543926,7,1,797.97,588,5,52,4,16,0.908,feature,54.6,success,0.1638
build_00864,2025-08-01T10:35:17.543926,10,4,151.73,1196,293,33,2,8,0.833,feature,262.06,success,0.3931
build_00865,2026-01-11T11:35:17.543926,11,6,710.38,1286,243,29,2,8,0.686,feature,303.21,success,0.4548
build_00866,2025-10-05T14:35:17.543926,14,6,976.58,68,36,40,16,16,0.796,main,50.89,success,0.4071
build_00867,2025-09-14T03:35:17.543926,3,6,1691.63,265,152,37,2,4,0.783,main,252.79,success,0.2949
build_00868,2025-10-15T07:35:17.543926,7,2,2264.48,1324,48,33,16,4,0.678,feature,133.04,success,0.9313
build_00869,2025-12-07T15:35:17.543926,15,6,411.67,443,219,46,16,8,0.814,feature,100.05,success,0.7337
build_00870,2025-08-07T04:35:17.543926,4,3,1599.55,1225,373,44,16,4,0.886,main,278.68,success,1.9507
build_00871,2025-07-30T00:35:17.543926,0,2,706.05,341,46,74,16,4,0.188,feature,100.07,success,0.7005
build_00872,2025-07-27T20:35:17.543926,20,6,1073.04,2018,449,31,4,8,0.673,feature,330.92,success,0.7721
build_00873,2025-12-12T19:35:17.543926,19,4,112.38,1421,158,34,4,16,0.945,feature,103.02,success,0.3091
build_00874,2026-01-02T07:35:17.543926,7,4,970.45,881,758,29,2,16,0.748,release,436.72,success,0.9462
build_00875,2025-09-23T01:35:17.543926,1,1,2266.95,1472,37,53,8,4,0.647,hotfix,164.84,failed,0.6044
build_00876,2025-10-02T22:35:17.543926,22,3,20494.13,436,613,50,4,16,0.906,feature,975.12,success,2.9254
build_00877,2025-08-04T21:35:17.543926,21,0,239.75,114,357,65,2,4,0.609,feature,227.71,success,0.2657
build_00878,2025-09-12T18:35:17.543926,18,4,188.65,727,530,41,2,4,0.814,feature,342.02,failed,0.399
build_00879,2025-12-11T06:35:17.543926,6,3,349.79,1692,64,50,16,8,0.882,feature,57.55,success,0.422
build_00880,2025-10-10T11:35:17.543926,11,4,292.82,209,270,27,4,16,0.844,release,172.19,success,0.5166
build_00881,2026-01-11T05:35:17.543926,5,6,856.76,781,50,41,2,4,0.628,feature,127.07,success,0.1482
build_00882,2025-08-06T09:35:17.543926,9,2,176.54,1303,1740,45,4,4,0.941,feature,1073.87,success,2.1477
build_00883,2025-07-30T10:35:17.543926,10,2,94.28,797,119,52,4,8,0.434,feature,135.0,failed,0.315
build_00884,2025-12-02T08:35:17.543926,8,1,409.91,1226,1017,52,8,8,0.779,feature,367.12,success,1.4685
build_00885,2026-01-16T06:35:17.543926,6,4,121.22,389,1102,74,4,16,0.858,feature,438.63,success,1.3159
build_00886,2025-12-31T19:35:17.543926,19,2,777.17,3087,871,83,4,32,0.802,main,341.9,success,1.4816
build_00887,2026-01-07T15:35:17.543926,15,2,1769.33,2095,401,31,8,8,0.732,feature,311.6,success,1.2464
build_00888,2025-11-05T00:35:17.543926,0,2,550.7,281,343,42,4,32,0.852,feature,114.58,success,0.4965
build_00889,2025-07-31T05:35:17.543926,5,3,5520.29,134,88,46,4,16,0.927,feature,280.52,success,0.8415
build_00890,2025-08-11T22:35:17.543926,22,0,880.94,332,102,47,4,4,0.73,feature,124.37,failed,0.2487
build_00891,2025-11-14T06:35:17.543926,6,4,836.13,197,96,71,2,4,0.889,feature,88.79,success,0.1036
build_00892,2025-09-06T12:35:17.543926,12,5,253.25,599,88,45,4,8,0.559,feature,99.7,success,0.2326
build_00893,2026-01-13T10:35:17.543926,10,1,3202.94,549,174,37,2,8,0.52,feature,428.03,success,0.642
build_00894,2025-12-05T04:35:17.543926,4,4,4274.0,1631,32,33,16,16,0.825,main,121.92,success,0.9753
build_00895,2025-09-16T22:35:17.543926,22,1,1834.33,211,152,29,2,8,0.85,feature,150.65,success,0.226
build_00896,2025-08-02T01:35:17.543926,1,5,995.7,1044,101,31,8,16,0.889,main,86.49,success,0.4036
build_00897,2025-12-24T04:35:17.543926,4,2,73.24,592,5,47,2,4,0.697,release,41.39,success,0.0483
build_00898,2025-09-10T02:35:17.543926,2,2,1019.34,312,74,38,16,4,0.603,hotfix,77.62,failed,0.5433
build_00899,2026-01-20T11:35:17.543926,11,1,432.73,239,26,39,8,4,0.649,feature,70.41,success,0.2582
build_00900,2025-09-14T21:35:17.543926,21,6,816.65,1009,71,66,8,32,0.7,feature,45.93,success,0.2756
build_00901,2025-08-11T14:35:17.543926,14,0,1262.11,696,595,56,4,8,0.717,main,493.72,failed,1.152
build_00902,2025-08-02T10:35:17.543926,10,5,7772.71,197,108,22,4,8,0.989,hotfix,468.82,success,1.0939
build_00903,2025-09-13T14:35:17.543926,14,5,547.64,1190,67,42,2,32,0.835,main,101.63,success,0.3557
build_00904,2025-07-26T12:35:17.543926,12,5,172.14,116,28,46,2,4,0.892,feature,47.56,success,0.0555
build_00905,2025-12-30T00:35:17.543926,0,1,763.52,141,256,43,16,8,0.594,feature,105.31,success,0.7723
build_00906,2025-11-23T08:35:17.543926,8,6,167.69,116,161,47,2,8,0.876,feature,95.72,success,0.1436
build_00907,2025-10-17T12:35:17.543926,12,4,36459.92,859,1329,55,8,4,0.757,feature,3623.2,success,13.2851
build_00908,2025-11-03T15:35:17.543926,15,0,3640.46,688,192,42,2,16,0.68,feature,388.56,success,0.8419
build_00909,2025-09-12T11:35:17.543926,11,4,3938.02,154,58,61,2,4,0.593,feature,478.93,success,0.5587
build_00910,2025-08-20T04:35:17.543926,4,2,43.08,652,94,44,2,4,0.678,feature,77.54,success,0.0905
build_00911,2025-07-26T23:35:17.543926,23,5,920.37,208,182,39,16,8,0.873,main,91.41,success,0.6703
build_00912,2026-01-13T13:35:17.543926,13,1,19041.26,302,1172,52,2,4,0.703,hotfix,1863.69,success,2.1743
build_00913,2025-08-26T08:35:17.543926,8,1,458.53,607,89,29,4,16,0.518,feature,81.25,success,0.2438
build_00914,2025-08-29T11:35:17.543926,11,4,145.69,451,99,53,4,8,0.832,main,100.2,success,0.2338
build_00915,2025-07-27T12:35:17.543926,12,6,241.85,397,1602,46,2,16,0.778,feature,1053.99,success,2.2836
build_00916,2025-09-21T22:35:17.543926,22,6,1796.52,88,245,47,2,8,0.463,release,384.07,success,0.5761
build_00917,2025-08-19T10:35:17.543926,10,1,4113.29,136,167,51,4,4,0.75,feature,436.86,success,0.8737
build_00918,2025-12-11T02:35:17.543926,2,3,4940.55,136,104,80,2,32,0.709,feature,311.91,success,1.0917
build_00919,2025-12-07T03:35:17.543926,3,6,614.76,224,300,43,16,8,0.341,hotfix,111.49,success,0.8176
build_00920,2025-12-06T06:35:17.543926,6,5,417.61,393,19,43,2,8,0.245,feature,69.0,failed,0.1035
build_00921,2025-12-06T13:35:17.543926,13,5,431.86,285,69,35,16,8,0.886,feature,43.79,success,0.3211
build_00922,2025-11-25T01:35:17.543926,1,1,4391.25,1447,153,48,4,8,0.475,hotfix,381.32,success,0.8898
build_00923,2025-09-20T02:35:17.543926,2,5,807.67,339,48,48,4,4,0.772,hotfix,84.1,success,0.1682
build_00924,2025-09-23T17:35:17.543926,17,1,36613.01,1378,1088,59,4,4,0.72,main,4330.52,success,8.661
build_00925,2025-09-28T20:35:17.543926,20,6,38.39,1804,48,46,4,4,0.923,release,110.67,success,0.2213
build_00926,2025-08-23T07:35:17.543926,7,5,218.25,154,239,30,16,8,0.553,feature,75.62,success,0.5545
build_00927,2025-11-08T15:35:17.543926,15,5,4023.33,2341,847,45,4,8,0.637,main,1159.31,success,2.7051
build_00928,2025-09-20T15:35:17.543926,15,5,3201.96,378,249,60,2,8,0.693,feature,434.71,success,0.6521
build_00929,2025-12-09T11:35:17.543926,11,1,3052.19,359,76,38,4,8,0.642,feature,306.73,success,0.7157
build_00930,2025-08-26T02:35:17.543926,2,1,230.1,561,108,59,2,8,0.715,release,117.68,success,0.1765
build_00931,2025-12-07T03:35:17.543926,3,6,23382.24,292,71,36,2,8,0.936,main,1631.94,success,2.4479
build_00932,2025-08-20T03:35:17.543926,3,2,750.31,795,112,40,16,8,0.871,feature,70.95,success,0.5203
build_00933,2025-07-27T21:35:17.543926,21,6,414.56,460,509,47,2,8,0.871,feature,297.51,success,0.4463
build_00934,2025-08-13T23:35:17.543926,23,2,257.62,343,202,40,2,4,0.827,feature,139.05,success,0.1622
build_00935,2025-10-15T23:35:17.543926,23,2,1384.19,232,35,55,8,16,0.856,hotfix,49.12,success,0.2292
build_00936,2025-08-21T20:35:17.543926,20,3,3008.01,557,26,59,8,4,0.916,feature,183.34,success,0.6722
build_00937,2025-12-15T14:35:17.543926,14,0,76.13,89,76,33,2,32,0.735,feature,50.49,success,0.1767
build_00938,2026-01-10T02:35:17.543926,2,5,1106.19,641,33,42,2,8,0.395,feature,113.26,success,0.1699
build_00939,2025-09-16T10:35:17.543926,10,1,316.51,765,44,45,2,8,0.801,feature,96.86,success,0.1453
build_00940,2025-11-27T23:35:17.543926,23,3,204.32,193,52,36,2,32,0.771,feature,34.84,success,0.122
build_00941,2025-09-16T02:35:17.543926,2,1,1410.27,670,21,50,16,4,0.784,feature,88.43,failed,0.619
build_00942,2025-09-26T16:35:17.543926,16,4,586.46,371,39,39,8,8,0.947,feature,65.23,success,0.2609
build_00943,2025-08-03T17:35:17.543926,17,6,206.79,116,37,48,4,8,0.476,feature,58.59,success,0.1367
build_00944,2025-08-08T09:35:17.543926,9,4,347.51,966,416,27,4,8,0.794,feature,294.25,success,0.6866
build_00945,2025-10-13T05:35:17.543926,5,0,423.82,594,2042,58,4,8,0.532,feature,1055.28,success,2.4623
build_00946,2025-10-10T03:35:17.543926,3,4,876.48,88,154,36,2,4,0.925,release,171.99,success,0.2007
build_00947,2025-07-26T22:35:17.543926,22,5,2359.37,350,152,60,2,4,0.7,hotfix,206.43,success,0.2408
build_00948,2025-08-02T16:35:17.543926,16,5,185.36,500,422,32,8,32,0.497,feature,114.44,success,0.6866
build_00949,2025-11-30T14:35:17.543926,14,6,6085.57,352,137,38,2,4,0.684,hotfix,529.16,failed,0.6174
build_00950,2025-08-09T04:35:17.543926,4,5,1271.05,191,55,35,8,16,0.79,feature,69.27,success,0.3232
build_00951,2025-11-17T08:35:17.543926,8,0,3801.14,235,1255,35,4,8,0.874,feature,721.66,success,1.6839
build_00952,2025-12-05T06:35:17.543926,6,4,137.04,238,119,50,2,16,0.483,feature,82.02,success,0.1777
build_00953,2025-10-12T22:35:17.543926,22,6,4038.17,108,465,43,4,4,0.705,feature,491.81,success,0.9836
build_00954,2025-09-03T03:35:17.543926,3,2,259.25,383,338,56,8,32,0.671,feature,68.59,success,0.4115
build_00955,2025-08-30T02:35:17.543926,2,5,831.05,104,590,49,4,16,0.921,hotfix,165.02,success,0.4951
build_00956,2025-08-03T00:35:17.543926,0,6,866.21,107,225,52,2,8,0.527,release,273.58,success,0.4104
build_00957,2025-09-05T05:35:17.543926,5,4,1702.74,472,78,53,2,32,0.656,release,144.81,success,0.5068
build_00958,2025-11-12T04:35:17.543926,4,2,259.8,524,318,44,4,8,0.891,feature,169.73,success,0.396
build_00959,2025-10-18T00:35:17.543926,0,5,1022.28,151,478,49,16,8,0.562,feature,179.02,success,1.3128
build_00960,2026-01-20T02:35:17.543926,2,1,209.75,265,87,54,2,8,0.435,feature,95.93,success,0.1439
build_00961,2025-08-18T19:35:17.543926,19,0,320.7,1191,696,29,4,4,0.896,release,526.0,success,1.052
build_00962,2025-12-03T18:35:17.543926,18,2,529.93,232,30,45,2,16,0.511,release,78.06,failed,0.1691
build_00963,2025-12-22T06:35:17.543926,6,0,1279.48,684,80,38,2,32,0.9,feature,112.05,success,0.3922
build_00964,2025-10-30T08:35:17.543926,8,3,721.69,592,222,36,8,16,0.551,feature,102.79,failed,0.4797
build_00965,2025-08-25T08:35:17.543926,8,0,455.62,333,210,47,4,16,0.716,feature,109.73,success,0.3292
build_00966,2025-12-20T12:35:17.543926,12,5,148.66,2250,1062,41,2,8,0.442,feature,904.34,success,1.3565
build_00967,2026-01-15T21:35:17.543926,21,3,3528.08,368,103,55,2,4,0.619,feature,324.05,failed,0.3781
build_00968,2025-09-02T01:35:17.543926,1,1,883.68,506,44,41,2,8,0.531,feature,98.82,success,0.1482
build_00969,2025-10-13T17:35:17.543926,17,0,1615.7,239,6,49,16,8,0.921,hotfix,44.78,success,0.3284
build_00970,2025-09-05T22:35:17.543926,22,4,2695.02,85,86,37,4,8,0.863,feature,131.43,success,0.3067
build_00971,2025-08-19T00:35:17.543926,0,1,1067.17,129,439,31,2,16,0.934,feature,204.14,success,0.4423
build_00972,2025-11-29T11:35:17.543926,11,5,548.89,328,541,43,2,4,0.635,feature,468.74,success,0.5469
build_00973,2025-12-11T23:35:17.543926,23,3,44001.5,178,393,40,2,8,0.751,feature,2660.49,success,3.9907
build_00974,2025-10-19T00:35:17.543926,0,6,350.06,336,70,50,8,8,0.582,feature,67.22,success,0.2689
build_00975,2025-10-03T11:35:17.543926,11,4,374.57,361,203,50,4,4,0.814,feature,137.95,success,0.2759
build_00976,2025-12-19T11:35:17.543926,11,4,80.39,1182,98,41,4,8,0.82,release,129.81,success,0.3029
build_00977,2025-08-18T09:35:17.543926,9,0,1804.33,126,48,49,4,32,0.55,feature,116.1,failed,0.5031
build_00978,2025-09-18T19:35:17.543926,19,3,30.82,216,29,25,2,32,0.979,feature,15.24,success,0.0533
build_00979,2025-10-16T22:35:17.543926,22,3,1204.05,1327,27,61,2,16,0.611,feature,132.05,success,0.2861
build_00980,2025-09-07T17:35:17.543926,17,6,247.4,233,208,49,16,16,0.855,hotfix,48.29,success,0.3863
build_00981,2025-11-05T21:35:17.543926,21,2,628.54,578,501,49,4,8,0.885,main,333.56,success,0.7783
build_00982,2026-01-17T10:35:17.543926,10,5,28311.99,1212,11,47,2,4,0.365,main,3650.74,success,4.2592
build_00983,2025-08-07T08:35:17.543926,8,3,2638.26,1218,19,48,2,8,0.66,feature,225.89,success,0.3388
build_00984,2025-10-15T05:35:17.543926,5,2,790.62,219,266,57,8,8,0.773,main,164.74,success,0.659
build_00985,2025-09-29T06:35:17.543926,6,0,730.54,130,239,38,2,16,0.707,feature,166.1,success,0.3599
build_00986,2025-09-21T14:35:17.543926,14,6,281.65,1490,19,53,8,8,0.95,feature,68.65,success,0.2746
build_00987,2025-08-12T08:35:17.543926,8,1,2829.49,163,55,51,4,16,0.647,feature,170.62,success,0.5118
build_00988,2025-09-30T11:35:17.543926,11,1,453.05,509,199,32,2,32,0.693,feature,152.74,success,0.5346
build_00989,2025-10-05T06:35:17.543926,6,6,1074.07,74,100,66,2,4,0.673,feature,163.56,success,0.1908
build_00990,2025-08-22T00:35:17.543926,0,4,3363.0,107,6099,44,4,8,0.728,feature,2694.35,success,6.2868
build_00991,2025-11-07T23:35:17.543926,23,4,2382.28,374,1123,38,2,16,0.543,feature,787.66,success,1.7066
build_00992,2025-08-12T22:35:17.543926,22,1,98.77,477,234,64,8,8,0.524,release,127.52,success,0.5101
build_00993,2025-10-02T13:35:17.543926,13,3,342.01,402,56,81,4,16,0.801,feature,68.8,success,0.2064
build_00994,2025-07-31T01:35:17.543926,1,3,252.53,147,113,38,4,4,0.405,feature,99.91,success,0.1998
build_00995,2025-11-05T09:35:17.543926,9,2,162.46,673,328,74,4,8,0.871,feature,213.64,success,0.4985
build_00996,2025-10-30T12:35:17.543926,12,3,576.07,437,171,33,2,8,0.671,feature,197.3,success,0.2959
build_00997,2025-11-30T04:35:17.543926,4,6,3256.43,773,156,39,8,8,0.448,main,288.16,success,1.1527
build_00998,2026-01-07T09:35:17.543926,9,2,529.84,78,892,30,2,4,0.677,hotfix,678.33,failed,0.7914
build_00999,2025-10-23T19:35:17.543926,19,3,2010.04,191,55,61,4,8,0.73,feature,155.05,success,0.3618
build_01000,2025-09-29T16:35:17.543926,16,0,1878.59,1123,626,28,4,8,0.661,feature,612.21,success,1.4285
build_01001,2025-12-17T00:35:17.543926,0,2,965.91,636,181,18,16,16,0.578,feature,58.39,success,0.4671
build_01002,2026-01-10T23:35:17.543926,23,5,535.33,147,80,35,4,8,0.7,main,89.49,success,0.2088
build_01003,2025-08-13T22:35:17.543926,22,2,2117.02,333,123,41,2,8,0.678,feature,223.77,success,0.3357
build_01004,2025-12-28T15:35:17.543926,15,6,19648.59,393,30,74,2,16,0.925,main,1537.53,success,3.3313
build_01005,2025-09-14T07:35:17.543926,7,6,249.56,394,713,30,2,4,0.418,main,607.54,success,0.7088
build_01006,2025-08-03T13:35:17.543926,13,6,2359.25,286,229,45,2,8,0.783,main,428.68,success,0.643
build_01007,2025-10-28T22:35:17.543926,22,1,24919.97,582,185,49,2,32,0.796,feature,1081.97,success,3.7869
build_01008,2025-09-08T02:35:17.543926,2,0,408.77,1142,225,48,2,8,0.627,hotfix,153.34,success,0.23
build_01009,2025-12-23T19:35:17.543926,19,1,1824.92,714,64,51,2,4,0.808,feature,187.03,success,0.2182
build_01010,2025-09-03T13:35:17.543926,13,2,998.09,172,178,47,2,8,0.567,feature,222.18,success,0.3333
build_01011,2025-12-30T07:35:17.543926,7,1,4698.98,89,240,40,16,8,0.397,feature,268.56,success,1.9695
build_01012,2025-07-27T17:35:17.543926,17,6,87.1,219,804,45,4,8,0.572,feature,556.06,success,1.2975
build_01013,2025-09-21T20:35:17.543926,20,6,131.69,313,63,43,4,16,0.791,main,43.67,success,0.131
build_01014,2025-11-26T08:35:17.543926,8,2,981.3,1675,38,46,4,16,0.543,release,145.02,success,0.4351
build_01015,2025-11-16T01:35:17.543926,1,6,2686.62,839,131,39,2,4,0.923,feature,266.93,success,0.3114
build_01016,2025-08-08T17:35:17.543926,17,4,1969.02,1241,40,57,4,8,0.733,feature,184.93,failed,0.4315
build_01017,2026-01-11T10:35:17.543926,10,6,586.03,68,63,51,4,8,0.862,release,101.58,failed,0.237
build_01018,2025-09-24T20:35:17.543926,20,2,232.63,141,111,33,2,16,0.669,feature,71.79,success,0.1556
build_01019,2025-11-28T04:35:17.543926,4,4,2150.85,675,336,48,4,8,0.571,main,416.79,success,0.9725
build_01020,2025-10-17T03:35:17.543926,3,4,680.45,560,57,45,4,32,0.868,main,57.17,success,0.2478
build_01021,2025-11-01T10:35:17.543926,10,5,447.47,58,230,44,2,16,0.837,feature,193.61,success,0.4195
build_01022,2025-11-02T23:35:17.543926,23,6,2628.06,115,96,22,4,8,0.748,feature,211.34,success,0.4931
build_01023,2025-08-27T03:35:17.543926,3,2,1690.35,323,66,56,2,4,0.91,release,213.06,failed,0.2486
build_01024,2025-08-15T14:35:17.543926,14,4,112.11,472,489,55,4,16,0.853,hotfix,190.9,success,0.5727
build_01025,2026-01-16T12:35:17.543926,12,4,3633.15,298,937,36,4,8,0.564,feature,804.02,success,1.8761
build_01026,2025-09-04T04:35:17.543926,4,3,1688.76,473,249,23,2,4,0.819,main,273.76,failed,0.3194
build_01027,2025-12-12T02:35:17.543926,2,4,4278.25,1200,66,53,4,8,0.624,feature,290.31,success,0.6774
build_01028,2025-09-21T10:35:17.543926,10,6,2104.45,159,60,50,2,32,0.931,feature,152.49,failed,0.5337
build_01029,2025-11-12T11:35:17.543926,11,2,2101.71,1144,56,40,2,4,0.568,feature,321.39,success,0.375
build_01030,2025-11-27T10:35:17.543926,10,3,307.08,401,75,43,4,4,0.544,feature,110.07,success,0.2201
build_01031,2025-08-21T22:35:17.543926,22,3,178.21,1096,44,43,2,4,0.786,feature,83.09,success,0.0969
build_01032,2025-11-03T14:35:17.543926,14,0,32.92,230,51,43,2,4,0.702,feature,58.41,failed,0.0681
build_01033,2026-01-15T15:35:17.543926,15,3,3466.16,218,403,54,4,8,0.529,feature,521.63,success,1.2171
build_01034,2026-01-02T19:35:17.543926,19,4,18675.93,465,34,40,16,8,0.839,feature,563.77,success,4.1343
build_01035,2025-08-23T16:35:17.543926,16,5,307.61,1745,134,46,2,4,0.834,feature,208.06,success,0.2427
build_01036,2026-01-08T02:35:17.543926,2,3,87.62,998,191,35,2,8,0.759,feature,111.06,success,0.1666
build_01037,2025-07-25T05:35:17.543926,5,4,1931.49,329,184,36,4,8,0.798,main,276.66,success,0.6455
build_01038,2025-08-25T17:35:17.543926,17,0,2415.58,202,132,40,2,4,0.732,release,433.09,success,0.5053
build_01039,2025-12-09T21:35:17.543926,21,1,179.17,2069,437,43,8,4,0.977,release,347.3,success,1.2734
build_01040,2025-08-11T13:35:17.543926,13,0,630.6,467,580,34,8,32,0.86,release,175.2,success,1.0512
build_01041,2025-09-05T09:35:17.543926,9,4,1212.07,797,317,47,2,8,0.661,feature,377.8,success,0.5667
build_01042,2025-12-15T17:35:17.543926,17,0,548.76,924,32,24,2,16,0.747,main,106.64,success,0.231
build_01043,2025-10-22T02:35:17.543926,2,2,727.45,538,58,49,2,16,0.767,feature,85.4,failed,0.185
build_01044,2025-08-04T03:35:17.543926,3,0,14902.09,133,15,51,2,8,0.746,feature,956.43,success,1.4346
build_01045,2025-12-11T17:35:17.543926,17,3,876.98,113,21,56,2,8,0.634,feature,96.78,failed,0.1452
build_01046,2025-11-24T00:35:17.543926,0,0,624.22,163,706,48,2,16,0.56,release,547.81,success,1.1869
build_01047,2025-12-27T05:35:17.543926,5,5,1126.51,136,863,87,2,16,0.614,feature,495.77,success,1.0742
build_01048,2025-10-20T23:35:17.543926,23,0,370.84,187,32,45,2,4,0.715,release,83.63,success,0.0976
build_01049,2025-10-27T12:35:17.543926,12,0,683.4,508,719,37,16,16,0.733,feature,160.05,success,1.2804
build_01050,2025-08-06T22:35:17.543926,22,2,189.43,299,311,48,16,4,0.373,feature,170.8,success,1.1956
build_01051,2025-12-14T13:35:17.543926,13,6,325.59,2702,79,69,2,8,0.537,feature,216.22,success,0.3243
build_01052,2025-11-06T02:35:17.543926,2,3,278.11,153,114,59,2,4,0.733,main,126.29,success,0.1473
build_01053,2025-12-15T18:35:17.543926,18,0,813.03,568,125,34,2,8,0.546,feature,131.56,success,0.1973
build_01054,2025-09-18T01:35:17.543926,1,3,8113.54,701,386,40,4,16,0.814,release,615.52,success,1.8466
build_01055,2025-12-13T23:35:17.543926,23,5,126.45,328,42,56,8,4,0.759,feature,46.93,success,0.1721
build_01056,2025-11-12T21:35:17.543926,21,2,1922.6,158,347,38,2,4,0.976,main,299.28,success,0.3492
build_01057,2026-01-05T03:35:17.543926,3,0,1528.83,97,695,45,8,8,0.465,feature,364.88,success,1.4595
build_01058,2025-09-15T02:35:17.543926,2,0,4736.82,590,334,48,4,8,0.375,main,591.57,success,1.3803
build_01059,2025-08-03T04:35:17.543926,4,6,1039.69,993,71,73,4,4,0.602,feature,164.47,success,0.3289
build_01060,2025-10-01T06:35:17.543926,6,2,2129.03,169,8,48,2,32,0.795,feature,91.59,success,0.3206
build_01061,2025-12-23T19:35:17.543926,19,1,39716.36,146,56,36,16,4,0.809,feature,1796.02,success,12.5722
build_01062,2025-12-01T14:35:17.543926,14,0,909.03,235,249,51,4,4,0.7,release,346.48,success,0.693
build_01063,2025-11-08T15:35:17.543926,15,5,3952.92,60,748,35,4,4,0.688,hotfix,663.67,success,1.3273
build_01064,2025-12-11T03:35:17.543926,3,3,293.32,197,146,36,2,4,0.873,main,134.67,success,0.1571
build_01065,2025-12-30T22:35:17.543926,22,1,3693.47,638,62,51,4,16,0.388,feature,254.51,success,0.7635
build_01066,2025-12-04T03:35:17.543926,3,3,9730.62,2170,118,44,16,4,0.685,feature,544.34,success,3.8104
build_01067,2025-08-14T04:35:17.543926,4,3,35733.68,572,107,56,2,8,0.639,feature,2479.91,success,3.7199
build_01068,2025-08-25T08:35:17.543926,8,0,444.94,86,85,45,8,8,0.529,release,81.37,success,0.3255
build_01069,2025-09-14T00:35:17.543926,0,6,433.47,652,257,36,8,8,0.872,hotfix,94.1,success,0.3764
build_01070,2026-01-10T20:35:17.543926,20,5,4812.1,989,74,58,16,8,0.904,feature,135.26,success,0.9919
build_01071,2025-12-24T19:35:17.543926,19,2,705.41,730,203,41,2,8,0.82,feature,171.69,success,0.2575
build_01072,2025-09-19T13:35:17.543926,13,4,972.01,55,320,34,8,16,0.964,main,181.43,success,0.8467
build_01073,2025-12-10T10:35:17.543926,10,2,842.03,2504,540,49,4,16,0.279,feature,514.25,success,1.5428
build_01074,2026-01-02T05:35:17.543926,5,4,1795.15,321,31,32,2,4,0.912,feature,142.61,success,0.1664
build_01075,2025-11-18T12:35:17.543926,12,1,1693.83,581,339,63,2,8,0.485,main,440.23,success,0.6603
build_01076,2025-10-28T04:35:17.543926,4,1,69.34,2375,274,50,2,16,0.751,main,190.88,success,0.4136
build_01077,2025-08-06T16:35:17.543926,16,2,19546.02,131,342,49,8,16,0.393,release,1437.93,success,6.7103
build_01078,2025-08-29T05:35:17.543926,5,4,2324.23,248,37,38,2,8,0.742,main,190.25,success,0.2854
build_01079,2025-11-16T04:35:17.543926,4,6,596.79,524,199,43,8,16,0.521,feature,80.95,success,0.3778
build_01080,2025-10-20T09:35:17.543926,9,0,302.56,240,87,34,2,4,0.795,feature,98.05,success,0.1144
build_01081,2025-09-18T16:35:17.543926,16,3,653.83,893,283,55,4,8,0.581,main,325.73,success,0.76
build_01082,2025-09-15T01:35:17.543926,1,0,2799.49,1255,51,44,2,8,0.759,main,277.93,success,0.4169
build_01083,2025-12-07T22:35:17.543926,22,6,914.38,417,38,41,4,4,0.834,feature,91.24,success,0.1825
build_01084,2025-10-18T03:35:17.543926,3,5,3823.51,3291,175,61,2,4,0.801,feature,360.17,failed,0.4202
build_01085,2025-09-03T16:35:17.543926,16,2,467.24,171,267,53,2,4,0.83,feature,238.17,success,0.2779
build_01086,2025-10-26T08:35:17.543926,8,6,12761.25,560,112,41,8,16,0.808,feature,459.19,success,2.1429
build_01087,2025-07-25T14:35:17.543926,14,4,5355.27,339,84,69,16,4,0.391,release,557.99,success,3.9059
build_01088,2025-08-27T21:35:17.543926,21,2,196.64,116,250,56,4,32,0.592,main,78.09,success,0.3384
build_01089,2026-01-04T16:35:17.543926,16,6,2853.7,191,275,33,2,8,0.686,main,518.53,success,0.7778
build_01090,2026-01-15T07:35:17.543926,7,3,255.44,93,58,46,4,16,0.778,feature,37.68,success,0.1131
build_01091,2025-09-17T01:35:17.543926,1,2,2251.55,168,125,34,2,8,0.854,feature,181.49,success,0.2722
build_01092,2025-09-02T12:35:17.543926,12,1,195.81,315,62,49,4,4,0.635,main,98.67,success,0.1973
build_01093,2025-08-14T09:35:17.543926,9,3,1596.62,378,2,46,2,8,0.849,feature,147.2,success,0.2208
build_01094,2025-09-02T23:35:17.543926,23,1,13462.82,1410,72,49,2,8,0.272,hotfix,978.79,success,1.4682
build_01095,2025-10-19T17:35:17.543926,17,6,747.84,1829,2099,45,8,32,0.869,feature,523.99,success,3.144
build_01096,2025-10-21T02:35:17.543926,2,1,2754.67,641,48,44,4,16,0.604,hotfix,121.42,success,0.3642
build_01097,2025-08-18T15:35:17.543926,15,0,951.05,508,117,47,4,8,0.591,main,202.56,success,0.4726
build_01098,2026-01-05T20:35:17.543926,20,0,2703.12,328,216,68,16,8,0.808,feature,142.83,success,1.0474
build_01099,2025-10-20T15:35:17.543926,15,0,1308.2,947,225,41,8,16,0.829,feature,147.24,success,0.6871
build_01100,2025-11-06T16:35:17.543926,16,3,4894.57,266,163,44,4,16,0.608,main,514.95,success,1.5449
build_01101,2025-12-31T04:35:17.543926,4,2,4481.07,1367,60,51,2,8,0.678,main,393.64,success,0.5905
build_01102,2025-11-02T02:35:17.543926,2,6,4671.05,101,574,57,16,8,0.707,feature,269.03,success,1.9729
build_01103,2026-01-18T12:35:17.543926,12,6,65.65,613,118,44,4,4,0.704,main,134.81,success,0.2696
build_01104,2025-09-23T20:35:17.543926,20,1,4138.83,629,17,40,8,16,0.894,feature,121.62,success,0.5676
build_01105,2026-01-11T04:35:17.543926,4,6,1136.28,784,48,35,4,4,0.763,feature,107.31,failed,0.2146
build_01106,2025-08-04T05:35:17.543926,5,0,32497.73,911,133,47,4,16,0.926,feature,1273.64,success,3.8209
build_01107,2025-10-22T19:35:17.543926,19,2,2270.84,554,76,42,4,16,0.4,feature,187.4,success,0.5622
build_01108,2025-10-01T02:35:17.543926,2,2,299.16,959,251,24,2,16,0.795,release,184.84,success,0.4005
build_01109,2025-10-10T17:35:17.543926,17,4,145.35,119,99,64,8,8,0.617,feature,65.93,success,0.2637
build_01110,2025-12-23T02:35:17.543926,2,1,25223.1,330,361,24,16,4,0.663,feature,1216.02,success,8.5121
build_01111,2025-08-02T03:35:17.543926,3,5,1223.89,1277,85,47,4,16,0.888,feature,114.76,success,0.3443
build_01112,2025-09-30T23:35:17.543926,23,1,2787.33,1213,54,51,8,8,0.624,feature,178.47,success,0.7139
build_01113,2025-11-09T15:35:17.543926,15,6,659.3,138,52,45,2,4,0.801,main,130.17,success,0.1519
build_01114,2025-12-20T10:35:17.543926,10,5,4387.39,624,170,42,2,4,0.777,feature,503.93,success,0.5879
build_01115,2025-12-04T07:35:17.543926,7,3,2331.09,146,10,36,2,8,0.919,feature,155.07,failed,0.2326
build_01116,2025-08-27T04:35:17.543926,4,2,270.23,476,490,55,4,32,0.787,feature,127.1,success,0.5507
build_01117,2025-12-30T08:35:17.543926,8,1,389.36,66,294,27,2,16,0.791,feature,141.91,success,0.3075
build_01118,2025-12-20T03:35:17.543926,3,5,1634.88,580,39,59,4,32,0.745,feature,71.64,success,0.3105
build_01119,2025-11-01T02:35:17.543926,2,5,723.71,225,120,16,2,8,0.57,feature,133.98,success,0.201
build_01120,2026-01-19T03:35:17.543926,3,0,1068.23,433,918,41,16,8,0.564,release,370.44,success,2.7166
build_01121,2026-01-02T02:35:17.543926,2,4,981.05,190,32,43,4,8,0.635,feature,83.81,success,0.1956
build_01122,2025-09-27T06:35:17.543926,6,5,3697.62,408,283,31,2,4,0.612,feature,441.91,failed,0.5156
build_01123,2025-11-29T22:35:17.543926,22,5,205.57,593,488,48,4,4,0.605,feature,256.0,success,0.512
build_01124,2025-10-13T13:35:17.543926,13,0,324.82,171,148,54,2,8,0.796,feature,134.57,success,0.2018
build_01125,2025-09-15T03:35:17.543926,3,0,221.39,430,462,35,8,8,0.706,feature,219.57,success,0.8783
build_01126,2025-12-17T12:35:17.543926,12,2,9566.82,1486,179,37,2,4,0.738,release,1313.88,success,1.5329
build_01127,2025-12-19T05:35:17.543926,5,4,650.24,869,167,31,8,8,0.789,feature,101.79,success,0.4071
build_01128,2026-01-01T09:35:17.543926,9,3,86.4,172,187,43,2,4,0.652,feature,145.26,success,0.1695
build_01129,2025-07-27T06:35:17.543926,6,6,782.6,218,206,43,16,8,0.91,feature,80.72,success,0.592
build_01130,2025-11-10T17:35:17.543926,17,0,326.79,532,178,46,2,16,0.778,feature,135.44,success,0.2934
build_01131,2026-01-01T08:35:17.543926,8,3,1576.49,278,876,44,16,8,0.861,feature,302.96,success,2.2217
build_01132,2025-10-21T14:35:17.543926,14,1,323.34,228,619,46,2,4,0.772,feature,493.67,success,0.576
build_01133,2025-09-15T08:35:17.543926,8,0,159.22,1009,24,51,2,4,0.653,feature,70.65,success,0.0824
build_01134,2025-10-09T16:35:17.543926,16,3,2081.96,122,80,46,2,4,0.788,release,281.21,success,0.3281
build_01135,2025-07-31T20:35:17.543926,20,3,4113.75,2718,90,25,8,8,0.443,main,410.29,success,1.6412
build_01136,2025-08-20T21:35:17.543926,21,2,6459.84,1079,153,47,4,32,0.839,main,329.29,failed,1.4269
build_01137,2025-11-23T19:35:17.543926,19,6,615.77,206,155,67,4,8,0.97,hotfix,84.76,success,0.1978
build_01138,2025-10-21T13:35:17.543926,13,1,1115.81,114,30,43,2,4,0.966,feature,116.76,failed,0.1362
build_01139,2025-11-22T18:35:17.543926,18,5,2272.01,457,272,39,4,4,0.859,hotfix,213.26,failed,0.4265
build_01140,2025-12-13T22:35:17.543926,22,5,790.33,290,46,35,4,8,0.773,hotfix,57.66,success,0.1345
build_01141,2025-08-16T05:35:17.543926,5,5,608.74,761,681,49,8,32,0.705,feature,122.35,success,0.7341
build_01142,2025-12-27T17:35:17.543926,17,5,115.01,69,395,29,8,32,0.776,feature,86.02,success,0.5161
build_01143,2025-07-28T22:35:17.543926,22,0,1212.52,694,143,40,16,4,0.761,hotfix,94.26,success,0.6598
build_01144,2025-11-11T03:35:17.543926,3,1,8276.29,410,46,40,4,4,0.959,main,472.82,failed,0.9456
build_01145,2025-11-19T01:35:17.543926,1,2,1689.74,338,62,48,8,4,0.632,feature,158.96,success,0.5828
build_01146,2025-08-14T13:35:17.543926,13,3,2655.1,694,78,39,4,4,0.368,main,445.35,success,0.8907
build_01147,2025-08-30T02:35:17.543926,2,5,8646.73,1190,174,42,4,8,0.855,release,728.93,success,1.7008
build_01148,2025-08-16T03:35:17.543926,3,5,1582.54,205,746,24,4,4,0.377,main,690.0,failed,1.38
build_01149,2025-09-01T18:35:17.543926,18,0,2612.89,44,20,37,2,8,0.623,feature,185.46,success,0.2782
build_01150,2025-12-19T22:35:17.543926,22,4,1065.0,471,146,45,2,8,0.844,release,183.62,success,0.2754
build_01151,2025-11-28T06:35:17.543926,6,4,381.64,192,362,42,2,4,0.954,feature,197.49,failed,0.2304
build_01152,2025-09-19T16:35:17.543926,16,4,922.21,442,119,60,4,16,0.673,feature,143.03,success,0.4291
build_01153,2025-08-06T19:35:17.543926,19,2,609.78,165,79,41,2,4,0.561,release,125.31,success,0.1462
build_01154,2025-10-22T09:35:17.543926,9,2,270.15,589,51,40,16,8,0.786,feature,34.97,success,0.2565
build_01155,2025-10-18T07:35:17.543926,7,5,21533.85,151,22,31,8,16,0.6,main,1011.04,success,4.7182
build_01156,2026-01-08T09:35:17.543926,9,3,634.53,376,344,33,2,8,0.833,main,376.93,success,0.5654
build_01157,2025-08-05T19:35:17.543926,19,1,4254.26,160,62,45,2,32,0.933,feature,230.5,success,0.8068
build_01158,2025-11-10T18:35:17.543926,18,0,2942.18,626,94,45,4,32,0.642,hotfix,92.82,success,0.4022
build_01159,2025-09-09T06:35:17.543926,6,1,879.26,267,193,38,8,8,0.861,feature,94.79,success,0.3792
build_01160,2025-12-21T20:35:17.543926,20,6,13182.04,377,52,44,8,32,0.794,main,328.3,success,1.9698
build_01161,2025-12-27T17:35:17.543926,17,5,522.65,1028,552,49,8,8,0.584,main,475.14,success,1.9005
build_01162,2025-12-20T22:35:17.543926,22,5,376.06,346,380,37,8,4,0.853,release,297.2,success,1.0897
build_01163,2025-12-11T08:35:17.543926,8,3,293.38,335,151,54,4,4,0.861,hotfix,70.62,success,0.1412
build_01164,2025-10-19T21:35:17.543926,21,6,81725.72,330,418,40,4,8,0.959,main,5502.84,success,12.84
build_01165,2025-10-26T08:35:17.543926,8,6,143.67,94,138,63,4,4,0.745,feature,89.63,success,0.1793
build_01166,2025-08-30T04:35:17.543926,4,5,755.26,807,26,17,8,8,0.523,feature,65.42,success,0.2617
build_01167,2025-12-12T19:35:17.543926,19,4,436.24,273,18,52,4,8,0.911,feature,32.3,success,0.0754
build_01168,2025-09-24T16:35:17.543926,16,2,1613.33,261,967,43,4,8,0.158,release,1140.09,success,2.6602
build_01169,2025-07-30T10:35:17.543926,10,2,9237.26,339,58,50,4,4,0.987,main,760.58,success,1.5212
build_01170,2026-01-14T04:35:17.543926,4,2,833.35,746,213,48,2,8,0.916,feature,161.61,success,0.2424
build_01171,2025-12-07T14:35:17.543926,14,6,244.49,121,30,27,8,8,0.485,feature,37.83,success,0.1513
build_01172,2025-07-25T03:35:17.543926,3,4,1554.28,759,44,46,8,8,0.643,feature,109.21,success,0.4368
build_01173,2025-08-07T01:35:17.543926,1,3,1982.07,291,251,42,4,8,0.883,feature,182.14,success,0.425
build_01174,2025-11-28T22:35:17.543926,22,4,1033.51,83,92,35,2,8,0.768,feature,114.85,success,0.1723
build_01175,2025-08-30T22:35:17.543926,22,5,2287.66,330,465,50,4,32,0.727,main,280.41,success,1.2151
build_01176,2025-12-26T20:35:17.543926,20,4,1897.11,623,28,51,8,8,0.791,feature,100.82,success,0.4033
build_01177,2026-01-16T22:35:17.543926,22,4,3942.95,333,176,46,2,4,0.529,feature,393.47,failed,0.459
build_01178,2025-12-13T15:35:17.543926,15,5,466.59,770,144,37,4,32,0.834,release,118.29,failed,0.5126
build_01179,2025-10-04T07:35:17.543926,7,5,432.51,541,219,38,4,32,0.746,main,96.93,success,0.42
build_01180,2025-11-24T01:35:17.543926,1,0,313.12,244,83,41,2,4,0.883,feature,71.8,success,0.0838
build_01181,2025-11-13T23:35:17.543926,23,3,848.25,442,286,45,16,32,0.895,feature,41.87,success,0.3908
build_01182,2025-09-28T12:35:17.543926,12,6,255.29,471,53,61,2,8,0.308,feature,109.13,success,0.1637
build_01183,2025-09-14T13:35:17.543926,13,6,1734.99,5161,290,34,2,4,0.672,release,665.67,success,0.7766
build_01184,2025-09-13T12:35:17.543926,12,5,244.16,580,273,40,8,8,0.884,feature,130.14,success,0.5206
build_01185,2025-11-29T04:35:17.543926,4,5,7638.08,133,78,50,2,4,0.669,hotfix,450.47,success,0.5255
build_01186,2025-12-23T03:35:17.543926,3,1,832.2,152,368,39,2,4,0.915,feature,246.92,success,0.2881
build_01187,2025-08-06T22:35:17.543926,22,2,341.36,292,84,43,2,8,0.475,feature,82.21,success,0.1233
build_01188,2026-01-17T10:35:17.543926,10,5,3151.96,925,492,40,2,4,0.66,feature,784.52,success,0.9153
build_01189,2025-08-16T03:35:17.543926,3,5,411.63,729,90,46,2,32,0.918,feature,69.81,success,0.2443
build_01190,2025-11-21T04:35:17.543926,4,4,1819.74,390,827,40,4,8,0.476,feature,509.8,success,1.1895
build_01191,2025-11-06T17:35:17.543926,17,3,402.36,35563,503,54,4,8,0.264,main,2134.21,success,4.9798
build_01192,2025-12-21T22:35:17.543926,22,6,243.31,228,1784,69,4,4,0.769,release,1086.65,success,2.1733
build_01193,2025-12-03T17:35:17.543926,17,2,6883.98,5278,297,45,8,4,0.964,release,965.55,success,3.5404
build_01194,2026-01-03T12:35:17.543926,12,5,1523.6,392,30,57,16,4,0.947,feature,115.62,success,0.8093
build_01195,2025-10-03T20:35:17.543926,20,4,2539.49,465,546,52,2,8,0.772,hotfix,314.13,failed,0.4712
build_01196,2025-11-14T19:35:17.543926,19,4,1271.08,988,13,28,2,16,0.962,feature,88.25,success,0.1912
build_01197,2026-01-06T20:35:17.543926,20,1,1144.81,1189,108,35,16,8,0.764,feature,92.07,success,0.6752
build_01198,2025-10-17T20:35:17.543926,20,4,38252.42,827,107,37,4,16,0.749,main,2429.69,success,7.2891
build_01199,2025-10-10T05:35:17.543926,5,4,209.99,1065,80,35,2,16,0.915,release,84.89,success,0.1839
build_01200,2025-08-04T11:35:17.543926,11,0,103.54,469,86,59,2,16,0.94,release,100.47,success,0.2177
build_01201,2025-07-28T06:35:17.543926,6,0,67722.49,857,181,55,2,8,0.655,main,4968.91,success,7.4534
build_01202,2025-08-04T19:35:17.543926,19,0,305.92,118,206,41,2,4,0.911,hotfix,109.93,success,0.1282
build_01203,2025-11-09T17:35:17.543926,17,6,1163.24,355,405,32,4,32,0.594,release,296.48,success,1.2847
build_01204,2025-10-23T21:35:17.543926,21,3,520.11,1031,53,33,2,4,0.658,feature,81.15,success,0.0947
build_01205,2025-09-05T23:35:17.543926,23,4,1123.13,442,28,30,4,16,0.7,feature,89.87,success,0.2696
build_01206,2025-11-20T16:35:17.543926,16,3,2234.8,424,63,42,4,8,0.467,feature,282.41,success,0.659
build_01207,2025-12-29T00:35:17.543926,0,0,867.93,589,78,44,2,4,0.831,feature,135.97,success,0.1586
build_01208,2025-08-12T21:35:17.543926,21,1,83.02,322,123,49,2,4,0.902,feature,76.32,success,0.089
build_01209,2025-08-04T18:35:17.543926,18,0,10661.53,370,127,43,2,32,0.815,feature,436.14,success,1.5265
build_01210,2025-12-19T02:35:17.543926,2,4,175.93,853,52,61,2,8,0.664,release,105.67,success,0.1585
build_01211,2025-12-13T20:35:17.543926,20,5,395.92,223,151,42,8,8,0.687,main,95.01,success,0.38
build_01212,2025-12-11T20:35:17.543926,20,3,2833.13,204,72,51,2,16,0.785,feature,207.87,success,0.4504
build_01213,2025-08-07T14:35:17.543926,14,3,647.81,230,119,49,2,8,0.498,feature,163.97,success,0.246
build_01214,2025-12-13T06:35:17.543926,6,5,5181.75,206,44,42,2,4,0.803,hotfix,309.78,failed,0.3614
build_01215,2026-01-10T08:35:17.543926,8,5,2929.26,433,99,37,2,8,0.369,feature,340.44,success,0.5107
build_01216,2025-12-10T13:35:17.543926,13,2,6087.38,2057,19,35,16,8,0.891,hotfix,187.4,success,1.3743
build_01217,2025-10-25T06:35:17.543926,6,5,1055.16,170,291,41,4,16,0.603,main,166.96,success,0.5009
build_01218,2025-08-25T06:35:17.543926,6,0,328.55,6331,163,37,8,8,0.619,main,316.69,success,1.2667
build_01219,2025-08-04T01:35:17.543926,1,0,1482.63,129,686,29,2,4,0.596,feature,534.35,success,0.6234
build_01220,2026-01-16T00:35:17.543926,0,4,309.81,2074,1016,44,8,4,0.86,main,573.0,success,2.101
build_01221,2025-09-30T05:35:17.543926,5,1,9198.62,687,147,44,2,16,0.696,feature,586.05,success,1.2698
build_01222,2025-09-19T06:35:17.543926,6,4,2757.81,72,37,35,8,4,0.761,main,220.2,success,0.8074
build_01223,2025-09-22T17:35:17.543926,17,0,795.1,967,260,33,16,8,0.798,main,155.79,success,1.1424
build_01224,2025-09-30T22:35:17.543926,22,1,863.1,446,131,41,4,8,0.691,main,158.89,success,0.3707
build_01225,2026-01-09T11:35:17.543926,11,4,366.68,532,1146,36,8,16,0.872,feature,436.8,success,2.0384
build_01226,2025-11-01T22:35:17.543926,22,5,7232.09,2227,130,41,2,4,0.471,feature,847.1,failed,0.9883
build_01227,2025-08-01T20:35:17.543926,20,4,4288.85,982,385,45,2,8,0.576,main,637.3,success,0.9559
build_01228,2025-10-14T18:35:17.543926,18,1,535.76,741,158,32,4,4,0.811,feature,161.74,success,0.3235
build_01229,2025-08-09T03:35:17.543926,3,5,1108.46,766,6,29,4,8,0.815,release,99.14,success,0.2313
build_01230,2026-01-05T05:35:17.543926,5,0,462.85,984,166,38,2,4,0.491,feature,171.82,success,0.2005
build_01231,2025-09-17T09:35:17.543926,9,2,268.47,576,50,47,16,8,0.889,main,52.75,success,0.3868
build_01232,2026-01-16T05:35:17.543926,5,4,399.62,1842,150,49,8,8,0.561,feature,138.51,success,0.554
build_01233,2026-01-05T15:35:17.543926,15,0,43.19,888,243,36,2,8,0.494,feature,246.78,success,0.3702
build_01234,2025-11-02T12:35:17.543926,12,6,595.88,93,122,44,2,32,0.807,feature,106.2,success,0.3717
build_01235,2025-10-09T15:35:17.543926,15,3,562.39,969,235,24,2,32,0.638,main,226.97,success,0.7944
build_01236,2025-09-04T16:35:17.543926,16,3,466.67,253,169,47,8,8,0.774,main,140.86,success,0.5634
build_01237,2026-01-07T00:35:17.543926,0,2,5604.98,230,19,35,4,8,0.707,feature,323.23,success,0.7542
build_01238,2025-09-16T00:35:17.543926,0,1,1538.41,337,595,40,2,32,0.791,feature,317.71,failed,1.112
build_01239,2025-09-30T11:35:17.543926,11,1,1120.44,837,248,35,8,32,0.86,feature,87.67,success,0.526
build_01240,2025-12-11T00:35:17.543926,0,3,231.05,876,286,41,4,4,0.594,main,238.17,success,0.4763
build_01241,2025-12-05T19:35:17.543926,19,4,334.66,467,151,45,4,8,0.831,main,103.26,success,0.241
build_01242,2025-08-30T17:35:17.543926,17,5,3742.82,130,33,43,4,32,0.765,feature,203.68,success,0.8826
build_01243,2026-01-16T16:35:17.543926,16,4,216.12,316,263,66,4,4,0.817,feature,219.49,success,0.439
build_01244,2025-10-08T22:35:17.543926,22,2,9274.62,124,123,38,4,16,0.78,main,465.71,failed,1.3971
build_01245,2025-09-29T22:35:17.543926,22,0,6460.91,279,450,29,2,32,0.918,hotfix,312.74,success,1.0946
build_01246,2025-11-15T05:35:17.543926,5,5,6675.45,132,561,39,2,4,0.691,feature,708.69,success,0.8268
build_01247,2025-08-21T20:35:17.543926,20,3,137.03,119,211,34,8,8,0.779,main,106.91,success,0.4276
build_01248,2025-09-29T09:35:17.543926,9,0,962.99,273,73,53,4,32,0.513,main,101.58,success,0.4402
build_01249,2025-11-27T03:35:17.543926,3,3,1387.33,942,174,36,2,4,0.689,feature,233.11,success,0.272
build_01250,2025-10-01T22:35:17.543926,22,2,22.88,202,174,48,2,8,0.69,feature,92.68,success,0.139
build_01251,2026-01-07T19:35:17.543926,19,2,2898.04,988,95,42,2,8,0.75,feature,227.91,success,0.3419
build_01252,2025-08-01T23:35:17.543926,23,4,181.85,1431,91,39,4,16,0.959,main,80.31,failed,0.2409
build_01253,2025-10-25T05:35:17.543926,5,5,2552.1,1124,90,29,2,8,0.305,feature,310.31,success,0.4655
build_01254,2025-09-01T06:35:17.543926,6,0,2252.28,392,142,44,2,4,0.743,main,282.05,success,0.3291
build_01255,2025-12-01T09:35:17.543926,9,0,1978.45,336,43,29,4,16,0.793,main,172.67,success,0.518
build_01256,2026-01-05T01:35:17.543926,1,0,686.64,1763,82,27,16,8,0.431,feature,74.49,success,0.5463
build_01257,2025-09-04T17:35:17.543926,17,3,219.97,349,212,35,2,16,0.671,main,176.6,success,0.3826
build_01258,2025-08-21T19:35:17.543926,19,3,97.98,330,909,32,2,16,0.381,main,685.97,success,1.4863
build_01259,2025-10-31T13:35:17.543926,13,4,2029.94,407,102,34,8,8,0.64,feature,164.37,success,0.6575
build_01260,2025-09-24T09:35:17.543926,9,2,1085.8,257,124,55,2,16,0.632,feature,189.31,success,0.4102
build_01261,2025-12-25T13:35:17.543926,13,3,212.12,114,83,33,4,4,0.673,feature,88.43,failed,0.1769
build_01262,2025-07-24T23:35:17.543926,23,3,486.47,454,99,43,8,16,0.804,feature,43.07,success,0.201
build_01263,2025-10-27T09:35:17.543926,9,0,24136.12,244,91,59,8,32,0.522,main,803.23,success,4.8194
build_01264,2025-11-08T20:35:17.543926,20,5,1420.25,662,36,73,4,16,0.576,release,131.51,success,0.3945
build_01265,2025-11-10T04:35:17.543926,4,0,325.95,231,55,44,2,16,0.81,feature,44.34,success,0.0961
build_01266,2025-11-05T21:35:17.543926,21,2,155.81,908,200,40,8,16,0.951,main,71.29,success,0.3327
build_01267,2025-10-18T03:35:17.543926,3,5,847.01,303,205,49,8,4,0.737,feature,161.16,success,0.5909
build_01268,2026-01-12T04:35:17.543926,4,0,8177.81,554,389,55,2,4,0.594,main,949.72,success,1.108
build_01269,2026-01-17T01:35:17.543926,1,5,603.16,50,753,23,2,8,0.854,main,434.58,success,0.6519
build_01270,2025-07-31T02:35:17.543926,2,3,424.22,111,22,44,4,4,0.742,feature,44.49,success,0.089
build_01271,2025-12-07T03:35:17.543926,3,6,1118.21,400,501,39,8,4,0.616,release,378.45,success,1.3876
build_01272,2025-12-02T23:35:17.543926,23,1,53.76,434,93,27,2,16,0.659,feature,66.55,success,0.1442
build_01273,2025-10-14T09:35:17.543926,9,1,4193.77,270,24,28,8,8,0.769,feature,240.86,success,0.9635
build_01274,2025-12-27T21:35:17.543926,21,5,2686.7,260,2923,39,8,4,0.736,main,1688.18,success,6.19
build_01275,2025-11-18T03:35:17.543926,3,1,7288.53,1889,217,46,4,8,0.434,release,717.68,success,1.6746
build_01276,2025-12-28T19:35:17.543926,19,6,2147.89,968,295,70,2,8,0.953,feature,266.91,success,0.4004
build_01277,2025-08-19T11:35:17.543926,11,1,377.59,148,45,50,2,8,0.826,feature,71.74,success,0.1076
build_01278,2025-12-06T01:35:17.543926,1,5,2729.46,173,177,46,4,4,0.589,main,392.98,success,0.786
build_01279,2025-07-27T13:35:17.543926,13,6,17211.98,1008,331,39,4,8,0.676,feature,1515.58,success,3.5364
build_01280,2025-09-18T05:35:17.543926,5,3,1578.46,1982,55,47,2,4,0.884,hotfix,150.81,success,0.1759
build_01281,2025-09-17T18:35:17.543926,18,2,2325.61,1045,231,60,4,8,0.75,main,335.16,success,0.782
build_01282,2025-09-07T12:35:17.543926,12,6,213.85,416,160,46,2,16,0.725,feature,130.58,success,0.2829
build_01283,2025-11-17T02:35:17.543926,2,0,1988.25,279,1337,47,8,32,0.778,feature,248.82,success,1.4929
build_01284,2025-09-11T14:35:17.543926,14,3,3580.27,122,63,45,16,16,0.909,feature,99.0,success,0.792
build_01285,2025-12-23T02:35:17.543926,2,1,768.76,823,357,53,2,8,0.701,main,294.48,success,0.4417
build_01286,2025-12-08T19:35:17.543926,19,0,2819.22,291,1225,55,2,16,0.802,feature,671.83,success,1.4556
build_01287,2025-09-13T08:35:17.543926,8,5,2463.49,2166,1496,40,2,8,0.716,feature,994.31,success,1.4915
build_01288,2025-11-24T09:35:17.543926,9,0,1077.52,242,36,49,4,8,0.797,feature,126.72,success,0.2957
build_01289,2025-10-12T15:35:17.543926,15,6,2630.39,117,141,42,8,4,0.569,feature,315.08,success,1.1553
build_01290,2025-11-19T19:35:17.543926,19,2,801.19,209,1109,35,8,32,0.858,feature,222.81,success,1.3369
build_01291,2025-07-29T21:35:17.543926,21,1,599.44,242,126,43,4,4,0.492,feature,156.94,success,0.3139
build_01292,2025-07-28T16:35:17.543926,16,0,1726.62,867,231,42,4,4,0.512,main,450.83,success,0.9017
build_01293,2025-09-09T10:35:17.543926,10,1,4820.47,193,110,57,2,8,0.4,main,687.72,success,1.0316
build_01294,2025-09-25T15:35:17.543926,15,3,15918.7,673,29,41,2,8,0.645,feature,1504.23,success,2.2563
build_01295,2025-12-25T00:35:17.543926,0,3,960.24,691,8486,40,2,32,0.648,feature,2655.08,success,9.2928
build_01296,2025-10-22T17:35:17.543926,17,2,6109.18,93,198,42,4,4,0.678,feature,609.54,success,1.2191
build_01297,2025-08-29T03:35:17.543926,3,4,482.59,2415,211,45,4,4,0.509,feature,199.34,success,0.3987
build_01298,2026-01-17T03:35:17.543926,3,5,889.56,196,327,34,8,4,0.831,main,255.68,success,0.9375
build_01299,2025-11-12T22:35:17.543926,22,2,2972.01,330,73,42,4,8,0.922,main,269.25,success,0.6283
build_01300,2025-09-18T14:35:17.543926,14,3,2679.14,1302,269,43,16,8,0.727,feature,237.11,success,1.7388
build_01301,2025-08-12T13:35:17.543926,13,1,726.76,291,1269,28,2,32,0.599,feature,596.57,success,2.088
build_01302,2025-12-24T10:35:17.543926,10,2,74.22,600,35,30,8,4,0.394,feature,43.45,success,0.1593
build_01303,2025-11-06T08:35:17.543926,8,3,932.82,271,773,47,16,4,0.444,feature,381.78,success,2.6725
build_01304,2026-01-10T05:35:17.543926,5,5,274.27,708,85,59,4,32,0.63,main,58.2,success,0.2522
build_01305,2025-07-29T11:35:17.543926,11,1,3030.63,740,847,31,2,16,0.855,feature,818.14,failed,1.7726
build_01306,2025-11-05T18:35:17.543926,18,2,197.93,43,61,52,2,16,0.486,main,61.47,success,0.1332
build_01307,2026-01-19T16:35:17.543926,16,0,363.51,325,221,56,2,8,0.825,hotfix,147.71,success,0.2216
build_01308,2025-09-02T22:35:17.543926,22,1,171.54,230,23,47,8,4,0.867,feature,23.83,success,0.0874
build_01309,2025-08-28T07:35:17.543926,7,3,27318.6,550,88,32,4,16,0.602,hotfix,1153.85,success,3.4616
build_01310,2025-10-16T00:35:17.543926,0,3,3287.52,67,14,36,2,8,0.739,main,287.1,success,0.4307
build_01311,2025-11-20T12:35:17.543926,12,3,315.83,246,30,33,8,8,0.736,release,66.7,success,0.2668
build_01312,2026-01-16T19:35:17.543926,19,4,367.52,131,247,40,2,8,0.503,main,266.94,success,0.4004
build_01313,2025-11-14T01:35:17.543926,1,4,2769.52,1369,93,42,2,32,0.519,feature,183.71,success,0.643
build_01314,2025-09-05T04:35:17.543926,4,4,57.05,333,62,30,2,8,0.632,feature,57.75,success,0.0866
build_01315,2025-11-19T05:35:17.543926,5,2,863.47,213,296,27,4,4,0.85,main,256.31,success,0.5126
build_01316,2025-08-23T09:35:17.543926,9,5,4475.82,173,44,35,2,16,0.454,main,415.54,success,0.9003
build_01317,2025-11-30T09:35:17.543926,9,6,3782.64,537,250,39,16,16,0.789,release,212.37,success,1.699
build_01318,2026-01-11T09:35:17.543926,9,6,537.11,171,109,51,2,4,0.491,feature,170.97,success,0.1995
build_01319,2025-09-30T09:35:17.543926,9,1,29696.43,956,18,51,4,8,0.256,hotfix,2263.09,success,5.2805
build_01320,2025-09-06T06:35:17.543926,6,5,1881.81,301,485,46,2,16,0.929,main,310.11,success,0.6719
build_01321,2025-10-14T23:35:17.543926,23,1,293.68,2773,50,47,16,4,0.428,feature,127.1,success,0.8897
build_01322,2025-11-18T08:35:17.543926,8,1,18623.25,818,276,54,2,8,0.765,feature,1304.96,success,1.9574
build_01323,2025-07-28T07:35:17.543926,7,0,7369.96,200,99,40,8,4,0.641,feature,584.96,success,2.1449
build_01324,2025-10-07T13:35:17.543926,13,1,215.41,881,585,76,8,8,0.663,hotfix,287.98,success,1.1519
build_01325,2025-08-21T16:35:17.543926,16,3,2401.13,283,131,55,2,32,0.77,release,177.36,success,0.6207
build_01326,2025-09-13T07:35:17.543926,7,5,9603.33,1012,115,33,4,4,0.662,main,746.95,success,1.4939
build_01327,2025-11-03T03:35:17.543926,3,0,1161.6,2123,181,54,4,16,0.733,feature,169.77,success,0.5093
build_01328,2025-11-02T11:35:17.543926,11,6,1400.57,57,147,63,2,4,0.837,feature,216.51,failed,0.2526
build_01329,2025-09-13T05:35:17.543926,5,5,788.49,477,20,50,2,16,0.802,feature,66.09,success,0.1432
build_01330,2025-09-10T03:35:17.543926,3,2,1635.13,433,247,49,16,4,0.786,feature,174.2,success,1.2194
build_01331,2025-12-03T06:35:17.543926,6,2,6789.58,599,41,36,4,4,0.381,feature,582.7,success,1.1654
build_01332,2025-10-04T15:35:17.543926,15,5,1418.45,471,201,31,8,4,0.9,main,250.95,success,0.9202
build_01333,2025-09-02T10:35:17.543926,10,1,688.5,946,927,58,2,4,0.48,feature,850.43,success,0.9922
build_01334,2025-09-24T07:35:17.543926,7,2,2786.77,166,639,50,2,4,0.721,feature,539.09,success,0.6289
build_01335,2025-08-29T21:35:17.543926,21,4,1590.97,402,152,40,16,4,0.958,feature,131.48,failed,0.9204
build_01336,2025-10-26T19:35:17.543926,19,6,11930.28,257,762,44,2,8,0.945,hotfix,826.01,success,1.239
build_01337,2025-09-29T10:35:17.543926,10,0,15420.95,88,96,44,2,4,0.799,feature,1601.55,success,1.8685
build_01338,2025-12-12T00:35:17.543926,0,4,1812.32,1748,34,59,2,32,0.752,feature,144.86,success,0.507
build_01339,2025-09-07T00:35:17.543926,0,6,3703.22,55,85,34,2,4,0.317,feature,377.9,success,0.4409
build_01340,2025-10-10T11:35:17.543926,11,4,2128.95,160,56,30,2,4,0.846,feature,215.83,success,0.2518
build_01341,2025-12-14T02:35:17.543926,2,6,2508.02,133,508,63,8,8,0.947,release,300.79,success,1.2032
build_01342,2025-09-15T09:35:17.543926,9,0,440.83,208,350,30,4,16,0.606,main,276.37,success,0.8291
build_01343,2025-08-03T17:35:17.543926,17,6,4182.43,308,6,30,8,16,0.742,release,259.33,success,1.2102
build_01344,2025-08-08T15:35:17.543926,15,4,2619.28,1074,305,44,2,8,0.872,feature,407.35,success,0.611
build_01345,2025-11-28T09:35:17.543926,9,4,245.18,1113,12,31,2,8,0.709,main,94.12,success,0.1412
build_01346,2025-11-27T19:35:17.543926,19,3,558.55,185,386,27,8,8,0.716,feature,147.5,success,0.59
build_01347,2025-12-18T17:35:17.543926,17,3,1219.36,204,210,57,4,16,0.966,release,185.39,success,0.5562
build_01348,2025-09-06T12:35:17.543926,12,5,31057.62,454,313,43,4,4,0.538,feature,2468.18,success,4.9364
build_01349,2025-11-26T08:35:17.543926,8,2,1192.88,403,87,36,16,8,0.822,feature,72.73,success,0.5333
build_01350,2025-12-23T20:35:17.543926,20,1,68.22,200,57,51,4,16,0.765,feature,32.83,success,0.0985
build_01351,2025-09-09T12:35:17.543926,12,1,10302.82,145,39,41,2,8,0.875,feature,962.79,success,1.4442
build_01352,2025-10-08T08:35:17.543926,8,2,582.84,65,195,44,4,8,0.836,main,122.02,success,0.2847
build_01353,2025-10-02T05:35:17.543926,5,3,874.43,1262,255,40,2,8,0.668,feature,197.66,success,0.2965
build_01354,2025-09-02T03:35:17.543926,3,1,1893.64,148,32,41,2,4,0.813,main,212.47,success,0.2479
build_01355,2025-12-12T00:35:17.543926,0,4,184.68,263,27,42,16,4,0.702,main,35.39,success,0.2477
build_01356,2025-10-15T17:35:17.543926,17,2,153.98,1080,57,53,2,4,0.597,release,167.51,success,0.1954
build_01357,2025-11-14T01:35:17.543926,1,4,452.35,806,250,33,16,4,0.789,feature,115.97,success,0.8118
build_01358,2025-10-31T08:35:17.543926,8,4,1264.75,146,17,45,2,8,0.797,feature,106.27,success,0.1594
build_01359,2025-09-20T20:35:17.543926,20,5,241.23,311,463,35,2,4,0.705,feature,292.19,success,0.3409
build_01360,2025-11-06T17:35:17.543926,17,3,357.19,1084,367,37,4,4,0.443,feature,359.14,success,0.7183
build_01361,2025-11-05T06:35:17.543926,6,2,6565.34,210,378,42,2,8,0.726,hotfix,446.44,success,0.6697
build_01362,2025-09-12T18:35:17.543926,18,4,1365.17,80,73,34,8,4,0.8,release,116.2,success,0.4261
build_01363,2025-10-25T01:35:17.543926,1,5,1548.82,897,64,30,8,4,0.795,feature,118.69,success,0.4352
build_01364,2025-12-19T21:35:17.543926,21,4,3114.6,2410,478,53,2,4,0.86,feature,460.85,failed,0.5377
build_01365,2025-09-28T09:35:17.543926,9,6,1703.41,2258,4,52,2,8,0.779,feature,212.93,success,0.3194
build_01366,2025-09-11T08:35:17.543926,8,3,513.27,98,537,45,16,4,0.576,feature,248.36,success,1.7385
build_01367,2026-01-18T02:35:17.543926,2,6,4226.83,717,796,60,2,8,0.906,feature,507.24,success,0.7609
build_01368,2025-11-22T04:35:17.543926,4,5,362.75,169,162,34,2,4,0.497,main,164.73,success,0.1922
build_01369,2025-09-17T13:35:17.543926,13,2,684.74,629,98,44,8,8,0.836,main,118.32,success,0.4733
build_01370,2025-11-06T12:35:17.543926,12,3,345.8,103,175,39,16,4,0.904,feature,95.62,success,0.6693
build_01371,2025-09-14T00:35:17.543926,0,6,1428.06,498,520,38,4,16,0.39,feature,247.54,success,0.7426
build_01372,2025-11-07T02:35:17.543926,2,4,749.94,1905,57,47,16,8,0.524,feature,73.48,success,0.5388
build_01373,2025-09-15T15:35:17.543926,15,0,916.84,884,97,68,4,8,0.676,feature,134.73,success,0.3144
build_01374,2025-10-11T15:35:17.543926,15,5,654.32,163,59,30,8,8,0.748,feature,90.36,success,0.3614
build_01375,2025-11-03T21:35:17.543926,21,0,1556.09,343,1683,42,2,8,0.962,feature,669.3,failed,1.004
build_01376,2025-09-25T23:35:17.543926,23,3,283.82,531,30,67,4,8,0.619,hotfix,45.04,success,0.1051
build_01377,2025-08-26T13:35:17.543926,13,1,2744.3,1222,170,52,4,32,0.777,hotfix,172.99,success,0.7496
build_01378,2026-01-03T02:35:17.543926,2,5,331.53,248,139,31,4,8,0.596,feature,98.4,success,0.2296
build_01379,2025-09-04T02:35:17.543926,2,3,2399.97,279,211,50,2,4,0.801,main,324.47,success,0.3785
build_01380,2025-10-06T19:35:17.543926,19,0,1505.19,304,206,63,2,4,0.956,feature,221.74,success,0.2587
build_01381,2025-10-17T12:35:17.543926,12,4,905.73,3540,97,45,2,4,0.547,feature,383.16,success,0.447
build_01382,2025-10-16T22:35:17.543926,22,3,2122.55,177,111,40,4,8,0.806,feature,188.43,success,0.4397
build_01383,2026-01-01T09:35:17.543926,9,3,661.75,25,411,65,4,4,0.789,feature,297.08,success,0.5942
build_01384,2025-08-09T09:35:17.543926,9,5,496.87,305,24,48,2,8,0.886,main,90.28,success,0.1354
build_01385,2025-11-02T03:35:17.543926,3,6,9671.74,180,213,37,16,32,0.782,feature,152.92,success,1.4272
build_01386,2025-08-13T06:35:17.543926,6,2,839.2,115,6222,57,4,4,0.744,main,3978.67,success,7.9573
build_01387,2025-12-22T07:35:17.543926,7,0,741.77,1403,44,66,4,4,0.789,feature,125.87,success,0.2517
build_01388,2025-11-23T14:35:17.543926,14,6,12531.86,395,126,36,2,4,0.827,release,1476.32,success,1.7224
build_01389,2025-12-31T03:35:17.543926,3,2,1335.39,754,699,40,2,8,0.482,feature,453.58,success,0.6804
build_01390,2025-12-07T10:35:17.543926,10,6,432.92,856,59,62,2,8,0.763,hotfix,90.5,success,0.1358
build_01391,2025-08-01T03:35:17.543926,3,4,773.01,1064,68,47,2,16,0.876,main,117.94,success,0.2555
build_01392,2025-08-20T22:35:17.543926,22,2,39279.86,2794,601,49,8,8,0.467,hotfix,1965.97,success,7.8639
build_01393,2025-10-26T01:35:17.543926,1,6,748.25,92,266,54,8,32,0.761,feature,57.31,success,0.3439
build_01394,2026-01-18T13:35:17.543926,13,6,1923.63,337,115,38,4,8,0.584,release,355.68,success,0.8299
build_01395,2025-10-13T22:35:17.543926,22,0,94.78,389,224,38,2,4,0.95,feature,127.38,success,0.1486
build_01396,2025-11-13T09:35:17.543926,9,3,6325.89,245,296,51,2,8,0.96,feature,684.93,success,1.0274
build_01397,2025-08-24T10:35:17.543926,10,6,2103.06,1126,212,30,4,32,0.959,feature,183.38,success,0.7947
build_01398,2025-12-06T10:35:17.543926,10,5,71.2,607,24,43,8,32,0.765,feature,17.36,failed,0.1042
build_01399,2025-11-29T10:35:17.543926,10,5,487.94,942,135,41,8,16,0.693,feature,90.52,success,0.4224
build_01400,2025-08-02T22:35:17.543926,22,5,192.0,2388,174,38,16,8,0.716,hotfix,77.56,success,0.5687
build_01401,2025-11-15T12:35:17.543926,12,5,6747.96,252,218,26,2,8,0.515,feature,784.61,success,1.1769
build_01402,2026-01-12T13:35:17.543926,13,0,3637.1,356,66,48,16,16,0.794,feature,118.11,success,0.9449
build_01403,2025-08-07T04:35:17.543926,4,3,102.67,1184,1488,60,8,16,0.986,feature,356.84,success,1.6653
build_01404,2025-09-24T01:35:17.543926,1,2,5508.58,602,153,34,2,32,0.626,release,362.3,success,1.268
build_01405,2025-11-24T19:35:17.543926,19,0,584.82,553,163,48,4,4,0.737,feature,113.16,success,0.2263
build_01406,2025-08-13T17:35:17.543926,17,2,3204.22,62,63,42,4,16,0.881,feature,228.21,success,0.6846
build_01407,2025-09-08T14:35:17.543926,14,0,648.53,3374,104,39,2,8,0.8,feature,261.82,success,0.3927
build_01408,2025-07-24T20:35:17.543926,20,3,577.05,180,134,41,2,4,0.913,hotfix,78.39,success,0.0915
build_01409,2025-10-13T01:35:17.543926,1,0,463.66,453,106,24,8,4,0.882,hotfix,71.11,success,0.2607
build_01410,2025-08-12T21:35:17.543926,21,1,463.76,2944,170,31,4,8,0.54,feature,216.59,success,0.5054
build_01411,2025-11-23T16:35:17.543926,16,6,7698.43,1247,7,46,2,4,0.479,feature,884.8,success,1.0323
build_01412,2025-10-01T11:35:17.543926,11,2,5375.18,128,83,59,8,16,0.639,feature,274.46,failed,1.2808
build_01413,2025-09-17T10:35:17.543926,10,2,358.09,73,376,55,16,4,0.845,feature,210.06,success,1.4704
build_01414,2026-01-09T22:35:17.543926,22,4,227.04,528,156,43,16,16,0.626,feature,40.27,success,0.3221
build_01415,2026-01-07T15:35:17.543926,15,2,224.15,2564,90,42,2,4,0.598,main,226.71,success,0.2645
build_01416,2025-12-19T15:35:17.543926,15,4,670.45,896,202,33,8,8,0.415,feature,209.5,success,0.838
build_01417,2025-11-01T03:35:17.543926,3,5,17129.21,97,128,46,2,8,0.204,feature,1344.21,success,2.0163
build_01418,2025-08-22T09:35:17.543926,9,4,5493.81,1089,322,50,2,8,0.781,feature,668.12,failed,1.0022
build_01419,2026-01-04T18:35:17.543926,18,6,601.95,553,970,52,8,16,0.803,feature,218.31,success,1.0188
build_01420,2025-08-17T13:35:17.543926,13,6,29604.43,182,93,28,8,8,0.502,feature,1730.36,success,6.9214
build_01421,2025-12-29T02:35:17.543926,2,0,4162.31,56,63,44,4,4,0.812,feature,281.37,success,0.5627
build_01422,2026-01-03T16:35:17.543926,16,5,588.06,106,14,32,4,8,0.676,feature,56.08,success,0.1308
build_01423,2025-11-08T05:35:17.543926,5,5,28147.46,804,1060,32,8,4,0.861,feature,1620.04,success,5.9401
build_01424,2026-01-05T07:35:17.543926,7,0,2740.29,422,115,40,16,4,0.872,main,194.48,success,1.3614
build_01425,2025-09-02T14:35:17.543926,14,1,383.48,42,297,31,4,4,0.677,main,228.22,success,0.4564
build_01426,2025-10-30T07:35:17.543926,7,3,1424.11,272,155,43,4,16,0.817,release,168.56,success,0.5057
build_01427,2025-09-28T16:35:17.543926,16,6,1101.9,748,608,54,2,8,0.718,main,689.7,success,1.0346
build_01428,2025-12-18T11:35:17.543926,11,3,289.82,767,19,40,8,16,0.794,feature,36.27,success,0.1692
build_01429,2025-12-03T07:35:17.543926,7,2,1332.49,747,15,35,2,16,0.906,feature,100.61,success,0.218
build_01430,2025-09-15T02:35:17.543926,2,0,104.77,958,731,63,2,8,0.713,feature,388.68,success,0.583
build_01431,2025-10-27T19:35:17.543926,19,0,1809.95,1021,478,58,2,32,0.777,hotfix,233.84,success,0.8184
build_01432,2026-01-12T06:35:17.543926,6,0,358.23,1288,51,45,2,32,0.795,feature,66.37,success,0.2323
build_01433,2025-12-31T05:35:17.543926,5,2,1838.88,212,9,51,8,16,0.566,main,78.88,success,0.3681
build_01434,2025-08-25T05:35:17.543926,5,0,4798.01,161,78,58,4,16,0.604,hotfix,246.3,success,0.7389
build_01435,2025-10-19T00:35:17.543926,0,6,3403.8,589,315,49,4,4,0.732,feature,404.66,failed,0.8093
build_01436,2025-09-05T10:35:17.543926,10,4,799.34,1029,164,23,2,4,0.675,release,312.22,success,0.3643
build_01437,2025-12-06T23:35:17.543926,23,5,307.77,472,133,27,2,4,0.902,feature,94.02,success,0.1097
build_01438,2026-01-12T15:35:17.543926,15,0,64.6,814,1549,31,4,32,0.553,main,630.85,success,2.7337
build_01439,2025-08-31T20:35:17.543926,20,6,993.23,117,123,36,4,8,0.864,feature,89.13,success,0.208
build_01440,2025-12-04T17:35:17.543926,17,3,9235.47,54,695,37,2,8,0.959,main,1126.38,failed,1.6896
build_01441,2025-09-08T23:35:17.543926,23,0,1373.13,895,18,51,2,8,0.79,feature,135.8,success,0.2037
build_01442,2025-09-26T01:35:17.543926,1,4,38.8,1768,105,32,8,16,0.814,main,72.8,success,0.3397
build_01443,2025-08-01T20:35:17.543926,20,4,6673.76,769,378,27,8,8,0.915,hotfix,298.87,success,1.1955
build_01444,2025-12-18T02:35:17.543926,2,3,62.02,230,364,51,2,8,0.718,release,274.11,success,0.4112
build_01445,2025-11-22T12:35:17.543926,12,5,73.67,691,383,41,4,16,0.625,feature,197.95,failed,0.5939
build_01446,2026-01-06T21:35:17.543926,21,1,4901.8,1417,103,38,2,8,0.86,release,482.36,success,0.7235
build_01447,2025-11-24T18:35:17.543926,18,0,1844.86,1496,446,51,4,4,0.467,feature,414.48,failed,0.829
build_01448,2025-10-14T14:35:17.543926,14,1,291.18,807,46,73,4,4,0.858,feature,99.88,success,0.1998
build_01449,2025-12-14T13:35:17.543926,13,6,501.29,1422,117,37,4,32,0.724,release,119.82,success,0.5192
build_01450,2025-11-25T22:35:17.543926,22,1,33.09,744,344,66,4,8,0.842,release,260.25,success,0.6073
build_01451,2025-12-01T07:35:17.543926,7,0,559.64,3366,1661,38,16,4,0.823,hotfix,630.47,success,4.4133
build_01452,2025-09-29T18:35:17.543926,18,0,2596.81,206,811,56,8,8,0.725,feature,371.47,success,1.4859
build_01453,2025-10-07T07:35:17.543926,7,1,340.23,735,144,38,16,32,0.674,feature,24.54,failed,0.2291
build_01454,2025-09-26T19:35:17.543926,19,4,1317.45,903,43,39,8,8,0.716,release,128.26,success,0.5131
build_01455,2025-11-09T15:35:17.543926,15,6,2118.03,783,646,43,2,8,0.625,feature,640.29,success,0.9604
build_01456,2026-01-15T01:35:17.543926,1,3,1985.66,354,110,31,8,4,0.617,hotfix,145.42,failed,0.5332
build_01457,2025-11-24T09:35:17.543926,9,0,860.77,376,646,46,4,32,0.581,feature,256.9,success,1.1132
build_01458,2025-09-14T07:35:17.543926,7,6,1070.59,210,10,41,2,8,0.768,feature,67.65,success,0.1015
build_01459,2025-11-27T14:35:17.543926,14,3,315.64,62,326,41,2,8,0.756,main,290.72,success,0.4361
build_01460,2025-09-07T04:35:17.543926,4,6,60.69,926,107,46,2,16,0.674,feature,87.7,success,0.19
build_01461,2025-12-24T14:35:17.543926,14,2,274.95,1022,304,56,4,16,0.888,feature,202.3,success,0.6069
build_01462,2025-12-19T02:35:17.543926,2,4,727.91,678,4,28,4,8,0.625,feature,64.13,success,0.1496
build_01463,2026-01-03T12:35:17.543926,12,5,248.23,677,243,51,2,8,0.355,main,354.35,success,0.5315
build_01464,2025-11-18T04:35:17.543926,4,1,1740.37,625,2741,34,4,16,0.524,feature,1185.33,success,3.556
build_01465,2025-11-19T17:35:17.543926,17,2,570.01,33,73,54,2,8,0.901,main,115.61,success,0.1734
build_01466,2025-12-13T11:35:17.543926,11,5,103.05,296,42,49,8,8,0.572,feature,51.71,success,0.2069
build_01467,2025-12-27T21:35:17.543926,21,5,232.74,160,320,42,2,8,0.785,feature,183.13,success,0.2747
build_01468,2025-09-24T04:35:17.543926,4,2,2940.67,205,385,48,2,16,0.787,feature,363.44,success,0.7874
build_01469,2026-01-12T00:35:17.543926,0,0,497.52,248,304,41,2,32,0.788,main,147.24,success,0.5153
build_01470,2025-12-04T03:35:17.543926,3,3,7548.28,711,20,47,8,4,0.319,hotfix,372.7,success,1.3666
build_01471,2025-11-12T20:35:17.543926,20,2,2991.61,252,1608,43,4,8,0.879,feature,701.52,success,1.6369
build_01472,2025-12-16T18:35:17.543926,18,1,2012.04,1786,101,50,8,8,0.806,hotfix,130.47,success,0.5219
build_01473,2025-11-15T05:35:17.543926,5,5,253.58,266,62,36,8,16,0.696,feature,26.66,success,0.1244
build_01474,2025-10-18T20:35:17.543926,20,5,285.18,757,95,35,2,4,0.771,feature,95.73,success,0.1117
build_01475,2025-12-28T13:35:17.543926,13,6,243.11,773,415,46,2,8,0.877,main,369.99,success,0.555
build_01476,2025-11-11T01:35:17.543926,1,1,536.04,1303,47,51,2,4,0.696,main,150.46,success,0.1755
build_01477,2025-10-05T02:35:17.543926,2,6,2209.25,711,391,42,2,4,0.758,main,463.47,success,0.5407
build_01478,2025-09-10T08:35:17.543926,8,2,256.66,52,88,58,4,8,0.709,hotfix,51.88,success,0.1211
build_01479,2025-12-17T08:35:17.543926,8,2,3252.49,190,53,29,2,16,0.618,feature,207.49,success,0.4496
build_01480,2025-11-16T03:35:17.543926,3,6,85.72,352,2706,36,2,16,0.971,feature,1018.44,success,2.2066
build_01481,2026-01-03T15:35:17.543926,15,5,259.88,498,323,45,4,4,0.799,release,284.04,success,0.5681
build_01482,2025-08-24T21:35:17.543926,21,6,230.57,3996,75,59,16,8,0.888,feature,73.63,success,0.54
build_01483,2025-09-18T10:35:17.543926,10,3,670.64,278,152,42,4,8,0.715,release,202.31,success,0.4721
build_01484,2025-11-06T01:35:17.543926,1,3,57.35,268,258,39,4,4,0.866,hotfix,104.37,success,0.2087
build_01485,2025-11-07T09:35:17.543926,9,4,521.53,1293,699,29,16,16,0.547,feature,218.78,success,1.7503
build_01486,2025-12-21T04:35:17.543926,4,6,31804.01,485,222,64,2,4,0.564,release,3472.73,success,4.0515
build_01487,2025-10-05T07:35:17.543926,7,6,44.55,284,79,45,2,4,0.403,release,97.34,success,0.1136
build_01488,2025-11-10T14:35:17.543926,14,0,5490.43,81,66,43,4,8,0.658,feature,403.55,success,0.9416
build_01489,2025-07-31T08:35:17.543926,8,3,5214.31,539,1602,77,16,8,0.706,feature,709.07,success,5.1999
build_01490,2025-09-22T21:35:17.543926,21,0,318.42,537,252,51,2,4,0.876,main,169.72,success,0.198
build_01491,2025-10-04T00:35:17.543926,0,5,30.05,279,1659,47,2,8,0.769,main,1089.46,success,1.6342
build_01492,2026-01-06T05:35:17.543926,5,1,481.49,938,460,39,16,4,0.735,feature,211.61,success,1.4812
build_01493,2025-10-05T06:35:17.543926,6,6,7252.51,832,128,24,16,4,0.588,feature,418.3,success,2.9281
build_01494,2025-11-09T09:35:17.543926,9,6,11706.78,1842,108,49,2,16,0.689,main,1262.82,success,2.7361
build_01495,2025-10-22T06:35:17.543926,6,2,416.19,104,23,46,8,32,0.928,feature,15.61,success,0.0937
build_01496,2025-08-08T18:35:17.543926,18,4,41716.19,592,85,51,8,4,0.924,hotfix,1836.81,failed,6.735
build_01497,2025-08-20T10:35:17.543926,10,2,662.98,52,341,33,2,8,0.59,hotfix,227.69,success,0.3415
build_01498,2026-01-08T00:35:17.543926,0,3,210.58,1277,190,35,4,4,0.577,feature,175.17,success,0.3503
build_01499,2025-12-23T23:35:17.543926,23,1,2217.39,587,92,41,2,16,0.814,feature,173.02,success,0.3749
build_01500,2025-12-07T11:35:17.543926,11,6,2949.64,1486,100,57,2,8,0.815,hotfix,254.85,success,0.3823
build_01501,2025-08-19T21:35:17.543926,21,1,804.03,197,265,32,2,16,0.608,feature,195.0,success,0.4225
build_01502,2025-08-03T02:35:17.543926,2,6,2869.01,560,101,58,8,8,0.505,main,292.7,success,1.1708
build_01503,2025-09-27T16:35:17.543926,16,5,706.62,126,18,32,16,4,0.711,feature,57.93,success,0.4055
build_01504,2025-10-12T22:35:17.543926,22,6,1938.64,758,492,38,4,4,0.854,hotfix,286.57,failed,0.5731
build_01505,2025-12-27T13:35:17.543926,13,5,3269.38,349,433,45,16,16,0.793,main,161.64,success,1.2931
build_01506,2026-01-06T03:35:17.543926,3,1,215.09,913,21,24,2,32,0.609,release,60.93,success,0.2133
build_01507,2025-09-06T11:35:17.543926,11,5,901.16,630,88,39,4,32,0.598,main,101.41,success,0.4394
build_01508,2025-11-01T13:35:17.543926,13,5,35071.75,992,22,31,2,16,0.468,feature,3474.52,success,7.5281
build_01509,2025-12-30T00:35:17.543926,0,1,1633.38,165,347,32,2,8,0.931,main,305.98,success,0.459
build_01510,2025-12-21T07:35:17.543926,7,6,240.87,159,82,42,8,4,0.476,release,80.01,success,0.2934
build_01511,2025-11-14T06:35:17.543926,6,4,264.81,765,18,62,4,4,0.885,feature,48.1,success,0.0962
build_01512,2025-11-06T08:35:17.543926,8,3,2545.82,2302,380,57,4,8,0.718,feature,445.88,success,1.0404
build_01513,2025-07-26T13:35:17.543926,13,5,1768.26,1925,83,40,8,4,0.497,feature,249.13,success,0.9135
build_01514,2025-09-18T19:35:17.543926,19,3,192.69,567,432,51,4,8,0.776,hotfix,164.59,success,0.384
build_01515,2025-10-02T16:35:17.543926,16,3,1861.08,1918,432,23,4,8,0.711,main,568.08,success,1.3255
build_01516,2025-10-10T23:35:17.543926,23,4,260.55,534,128,35,16,8,0.664,feature,50.84,success,0.3728
build_01517,2025-10-02T18:35:17.543926,18,3,32.54,241,93,40,4,16,0.532,feature,51.84,success,0.1555
build_01518,2025-09-24T23:35:17.543926,23,2,1150.16,269,20,44,16,4,0.949,hotfix,52.81,success,0.3696
build_01519,2026-01-16T18:35:17.543926,18,4,1892.85,131,570,27,4,8,0.889,feature,356.29,success,0.8313
build_01520,2025-08-24T01:35:17.543926,1,6,9929.81,378,75,51,8,32,0.61,feature,286.4,success,1.7184
build_01521,2026-01-13T14:35:17.543926,14,1,281.64,141,93,44,4,8,0.643,main,110.33,success,0.2574
build_01522,2025-10-08T01:35:17.543926,1,2,1376.3,1637,385,22,2,8,0.842,main,400.11,success,0.6002
build_01523,2025-08-20T02:35:17.543926,2,2,736.69,169,460,44,2,4,0.918,feature,296.74,success,0.3462
build_01524,2026-01-16T01:35:17.543926,1,4,104.76,1300,21,34,16,4,0.642,feature,48.04,success,0.3363
build_01525,2025-11-03T22:35:17.543926,22,0,2643.86,386,95,52,4,32,0.536,feature,162.61,success,0.7046
build_01526,2025-07-28T23:35:17.543926,23,0,96.15,291,622,31,2,4,0.875,feature,284.28,success,0.3317
build_01527,2025-08-06T11:35:17.543926,11,2,3890.87,253,2604,45,8,4,0.948,feature,1442.59,success,5.2895
build_01528,2026-01-10T17:35:17.543926,17,5,3150.95,567,345,40,8,8,0.742,feature,339.07,success,1.3563
build_01529,2025-09-25T01:35:17.543926,1,3,5353.93,188,124,46,4,8,0.876,feature,301.5,success,0.7035
build_01530,2026-01-18T10:35:17.543926,10,6,354.5,1905,199,31,2,32,0.599,hotfix,141.19,success,0.4942
build_01531,2025-10-08T02:35:17.543926,2,2,28995.6,2088,248,39,16,32,0.689,feature,454.73,success,4.2441
build_01532,2026-01-08T06:35:17.543926,6,3,59.06,504,141,47,2,32,0.599,hotfix,54.88,failed,0.1921
build_01533,2025-10-04T17:35:17.543926,17,5,3746.14,244,29,42,2,16,0.469,feature,340.34,success,0.7374
build_01534,2025-09-05T05:35:17.543926,5,4,1185.88,155,100,63,2,8,0.834,release,149.56,success,0.2243
build_01535,2025-09-07T04:35:17.543926,4,6,208.48,363,1442,30,4,4,0.764,feature,733.44,failed,1.4669
build_01536,2025-12-17T18:35:17.543926,18,2,467.08,131,854,53,4,32,0.945,main,288.19,success,1.2488
build_01537,2025-08-10T15:35:17.543926,15,6,699.54,1611,34,39,16,16,0.773,hotfix,35.9,success,0.2872
build_01538,2025-08-18T15:35:17.543926,15,0,70.18,441,281,85,4,32,0.549,feature,126.86,success,0.5497
build_01539,2025-11-30T11:35:17.543926,11,6,6056.35,296,183,32,2,8,0.605,feature,644.23,success,0.9664
build_01540,2025-08-09T22:35:17.543926,22,5,90.94,288,250,58,4,4,0.688,main,151.66,success,0.3033
build_01541,2025-08-24T23:35:17.543926,23,6,2698.91,3612,21,47,2,8,0.539,main,371.6,success,0.5574
build_01542,2025-11-06T02:35:17.543926,2,3,46.25,721,29,47,2,8,0.616,feature,47.46,success,0.0712
build_01543,2025-11-09T09:35:17.543926,9,6,29.52,1092,63,40,8,4,0.847,feature,71.73,success,0.263
build_01544,2025-08-31T01:35:17.543926,1,6,174.93,100,79,54,2,8,0.453,release,101.56,success,0.1523
build_01545,2025-08-18T08:35:17.543926,8,0,612.27,365,169,44,4,16,0.633,feature,107.98,success,0.324
build_01546,2025-09-20T20:35:17.543926,20,5,3537.5,221,560,59,2,8,0.451,feature,635.1,success,0.9526
build_01547,2025-09-19T05:35:17.543926,5,4,4333.51,1032,85,41,2,8,0.898,feature,322.32,success,0.4835
build_01548,2025-08-11T00:35:17.543926,0,0,1807.51,49,324,40,2,32,0.98,main,189.97,success,0.6649
build_01549,2025-09-02T04:35:17.543926,4,1,202.7,1350,85,41,16,8,0.741,feature,49.49,success,0.363
build_01550,2025-08-17T09:35:17.543926,9,6,9713.79,351,36,47,8,32,0.877,feature,268.0,success,1.608
build_01551,2025-09-30T11:35:17.543926,11,1,4896.66,794,14,37,8,4,0.806,feature,434.38,success,1.5927
build_01552,2025-09-27T22:35:17.543926,22,5,221.41,182,221,30,8,8,0.71,feature,97.55,success,0.3902
build_01553,2025-08-26T18:35:17.543926,18,1,3400.57,89,114,34,4,4,0.705,feature,260.57,success,0.5211
build_01554,2025-07-28T20:35:17.543926,20,0,176.26,51,678,49,4,8,0.726,hotfix,208.45,success,0.4864
build_01555,2025-10-24T03:35:17.543926,3,4,6591.23,1565,62,43,8,8,0.813,feature,363.3,success,1.4532
build_01556,2025-11-17T21:35:17.543926,21,0,4103.06,92,80,34,8,8,0.418,release,298.85,success,1.1954
build_01557,2025-10-11T06:35:17.543926,6,5,334.41,566,187,44,8,32,0.394,main,53.94,success,0.3237
build_01558,2025-10-19T15:35:17.543926,15,6,515.01,637,272,52,16,8,0.853,feature,102.97,success,0.7551
build_01559,2025-10-20T08:35:17.543926,8,0,725.07,1182,66,35,2,32,0.588,release,119.99,success,0.42
build_01560,2025-12-10T08:35:17.543926,8,2,675.83,698,425,28,2,16,0.742,feature,252.44,success,0.5469
build_01561,2025-09-20T08:35:17.543926,8,5,10828.86,257,201,65,2,4,0.647,release,1114.11,success,1.2998
build_01562,2025-12-02T05:35:17.543926,5,1,6279.76,631,13,62,16,8,0.889,main,224.24,success,1.6444
build_01563,2025-11-12T21:35:17.543926,21,2,599.19,431,52,41,8,8,0.531,feature,65.29,success,0.2612
build_01564,2025-08-19T05:35:17.543926,5,1,8032.49,313,818,39,2,16,0.923,feature,762.41,success,1.6519
build_01565,2025-10-26T17:35:17.543926,17,6,770.87,333,132,51,16,4,0.607,main,150.06,failed,1.0504
build_01566,2025-11-18T11:35:17.543926,11,1,41733.95,151,10,35,2,4,0.712,feature,3190.13,success,3.7218
build_01567,2025-12-25T04:35:17.543926,4,3,15009.92,392,109,39,2,32,0.96,feature,633.83,success,2.2184
build_01568,2025-07-31T04:35:17.543926,4,3,365.52,394,518,51,4,4,0.894,feature,242.03,success,0.4841
build_01569,2025-11-03T16:35:17.543926,16,0,4679.09,1605,25,65,2,16,0.735,feature,441.46,failed,0.9565
build_01570,2025-09-15T13:35:17.543926,13,0,103.74,911,181,38,8,16,0.761,feature,80.24,success,0.3745
build_01571,2026-01-19T19:35:17.543926,19,0,4767.34,793,537,46,2,8,0.638,feature,756.41,success,1.1346
build_01572,2026-01-05T11:35:17.543926,11,0,474.66,290,30,55,8,16,0.492,hotfix,38.95,success,0.1818
build_01573,2025-09-23T03:35:17.543926,3,1,749.17,734,108,64,2,4,0.922,main,151.35,success,0.1766
build_01574,2025-08-26T20:35:17.543926,20,1,1353.26,1627,52,30,2,16,0.513,main,218.17,success,0.4727
build_01575,2025-12-16T19:35:17.543926,19,1,3385.85,250,43,64,2,8,0.707,feature,248.11,success,0.3722
build_01576,2025-12-16T13:35:17.543926,13,1,39.21,189,87,63,16,8,0.797,feature,31.84,success,0.2335
build_01577,2025-09-22T12:35:17.543926,12,0,2219.96,632,131,30,4,4,0.734,feature,297.28,success,0.5946
build_01578,2025-10-15T12:35:17.543926,12,2,5215.86,2146,536,35,4,8,0.436,feature,890.92,success,2.0788
build_01579,2025-08-06T14:35:17.543926,14,2,170.79,1563,16,26,4,4,0.468,feature,98.38,failed,0.1968
build_01580,2025-10-14T05:35:17.543926,5,1,2797.19,71,60,37,4,32,0.809,main,124.55,success,0.5397
build_01581,2025-09-22T05:35:17.543926,5,0,372.81,187,223,56,2,8,0.905,release,180.9,success,0.2714
build_01582,2025-11-08T22:35:17.543926,22,5,448.38,2151,113,63,16,4,0.528,feature,99.14,success,0.694
build_01583,2025-09-19T02:35:17.543926,2,4,1117.28,180,347,56,2,4,0.781,main,333.99,success,0.3897
build_01584,2025-11-22T21:35:17.543926,21,5,923.69,150,251,59,2,8,0.69,feature,204.4,success,0.3066
build_01585,2025-10-31T13:35:17.543926,13,4,726.76,514,89,23,2,8,0.395,main,233.24,success,0.3499
build_01586,2026-01-08T02:35:17.543926,2,3,825.63,400,158,43,4,8,0.706,feature,136.56,success,0.3186
build_01587,2025-11-09T05:35:17.543926,5,6,93.8,803,79,39,16,4,0.538,release,74.14,success,0.519
build_01588,2025-12-03T12:35:17.543926,12,2,4552.75,725,195,41,2,16,0.738,main,671.65,success,1.4552
build_01589,2025-08-26T04:35:17.543926,4,1,124.41,675,287,55,4,16,0.682,main,186.61,success,0.5598
build_01590,2025-10-31T09:35:17.543926,9,4,6206.3,159,220,51,4,8,0.439,feature,836.02,success,1.9507
build_01591,2025-07-27T22:35:17.543926,22,6,179.02,207,63,50,4,4,0.36,hotfix,56.93,success,0.1139
build_01592,2025-11-09T17:35:17.543926,17,6,1449.64,429,648,36,4,8,0.789,feature,498.69,success,1.1636
build_01593,2025-11-16T13:35:17.543926,13,6,9146.61,436,24,36,8,4,0.571,feature,829.49,failed,3.0414
build_01594,2025-07-31T22:35:17.543926,22,3,7316.5,587,41,50,2,16,0.893,release,615.62,success,1.3338
build_01595,2025-10-14T16:35:17.543926,16,1,7669.85,459,252,32,2,8,0.781,release,1104.5,success,1.6567
build_01596,2025-08-09T09:35:17.543926,9,5,4198.52,928,98,45,8,8,0.58,main,435.73,success,1.7429
build_01597,2025-08-07T14:35:17.543926,14,3,354.1,133,734,66,4,8,0.825,feature,403.16,success,0.9407
build_01598,2025-11-17T17:35:17.543926,17,0,538.5,352,14,52,8,32,0.785,feature,28.52,success,0.1711
build_01599,2025-09-02T13:35:17.543926,13,1,11964.02,142,143,33,2,4,0.927,feature,999.93,success,1.1666
build_01600,2025-08-27T00:35:17.543926,0,2,567.04,167,29,38,8,4,0.835,feature,50.11,success,0.1837
build_01601,2025-10-10T19:35:17.543926,19,4,6863.92,83,1278,43,8,8,0.875,feature,696.83,success,2.7873
build_01602,2025-12-03T04:35:17.543926,4,2,561.72,452,374,46,8,16,0.593,hotfix,113.99,success,0.5319
build_01603,2025-12-31T13:35:17.543926,13,2,943.03,331,235,40,4,8,0.738,release,280.51,success,0.6545
build_01604,2025-09-21T20:35:17.543926,20,6,3037.49,2201,53,39,2,32,0.726,feature,198.89,success,0.6961
build_01605,2025-08-20T21:35:17.543926,21,2,313.51,204,191,49,4,8,0.599,feature,127.38,success,0.2972
build_01606,2026-01-08T21:35:17.543926,21,3,1319.47,331,70,45,2,4,0.799,feature,142.72,success,0.1665
build_01607,2026-01-02T18:35:17.543926,18,4,1339.35,1884,1003,22,4,4,0.704,feature,652.84,success,1.3057
build_01608,2025-12-13T02:35:17.543926,2,5,338.1,297,305,50,4,8,0.751,feature,148.11,success,0.3456
build_01609,2025-07-27T18:35:17.543926,18,6,350.98,143,157,57,8,4,0.977,hotfix,71.35,success,0.2616
build_01610,2025-11-06T14:35:17.543926,14,3,1076.87,130,124,55,2,8,0.662,release,289.38,success,0.4341
build_01611,2025-10-09T11:35:17.543926,11,3,880.26,748,20,43,8,4,0.87,feature,99.61,success,0.3652
build_01612,2025-10-31T13:35:17.543926,13,4,861.0,31,561,26,2,8,0.801,hotfix,321.56,success,0.4823
build_01613,2025-12-05T13:35:17.543926,13,4,620.91,341,53,27,2,16,0.869,release,111.95,success,0.2425
build_01614,2025-11-20T13:35:17.543926,13,3,348.26,285,15,43,2,16,0.729,feature,45.45,success,0.0985
build_01615,2025-07-31T19:35:17.543926,19,3,615.06,510,305,56,2,16,0.844,hotfix,156.24,success,0.3385
build_01616,2025-09-23T15:35:17.543926,15,1,1339.16,629,992,59,8,32,0.871,feature,239.5,success,1.437
build_01617,2025-11-13T04:35:17.543926,4,3,697.62,2479,230,36,4,4,0.918,main,296.46,success,0.5929
build_01618,2025-08-21T05:35:17.543926,5,3,577.17,1291,689,54,4,16,0.691,feature,286.52,success,0.8596
build_01619,2025-08-29T05:35:17.543926,5,4,655.21,648,496,28,2,8,0.93,hotfix,212.07,success,0.3181
build_01620,2025-09-09T01:35:17.543926,1,1,279.88,85,47,27,4,8,0.907,feature,38.0,success,0.0887
build_01621,2025-08-22T15:35:17.543926,15,4,867.18,775,55,47,2,8,0.708,main,169.92,success,0.2549
build_01622,2026-01-03T22:35:17.543926,22,5,2012.48,176,120,38,8,8,0.67,feature,123.08,success,0.4923
build_01623,2025-09-07T09:35:17.543926,9,6,13952.51,291,63,49,8,8,0.696,main,1000.95,success,4.0038
build_01624,2025-10-27T14:35:17.543926,14,0,4286.75,704,266,33,2,8,0.753,main,530.78,success,0.7962
build_01625,2026-01-17T07:35:17.543926,7,5,1572.84,362,104,59,4,16,0.732,feature,151.68,success,0.455
build_01626,2025-11-13T11:35:17.543926,11,3,77.26,144,101,52,2,8,0.875,feature,86.64,failed,0.13
build_01627,2025-08-21T12:35:17.543926,12,3,783.31,2552,1326,49,4,4,0.575,feature,1214.2,failed,2.4284
build_01628,2025-09-05T09:35:17.543926,9,4,900.19,618,118,50,4,16,0.451,feature,164.85,success,0.4946
build_01629,2025-09-05T10:35:17.543926,10,4,57.22,155,378,37,4,8,0.608,feature,256.17,success,0.5977
build_01630,2025-12-15T06:35:17.543926,6,0,396.49,86,90,44,16,16,0.868,main,30.31,success,0.2425
build_01631,2025-11-09T01:35:17.543926,1,6,29.47,561,186,37,8,8,0.87,feature,74.06,success,0.2962
build_01632,2025-11-30T18:35:17.543926,18,6,56.3,334,211,48,4,16,0.711,feature,90.92,success,0.2728
build_01633,2026-01-03T20:35:17.543926,20,5,33.54,331,92,26,8,4,0.807,feature,55.08,failed,0.202
build_01634,2025-10-26T12:35:17.543926,12,6,871.86,702,36,52,2,8,0.708,main,162.04,success,0.2431
build_01635,2025-09-18T06:35:17.543926,6,3,85.37,246,468,31,4,8,0.949,feature,182.6,success,0.4261
build_01636,2025-11-19T20:35:17.543926,20,2,6890.63,97,27,54,2,4,0.856,feature,435.31,failed,0.5079
build_01637,2025-09-27T20:35:17.543926,20,5,3331.9,568,656,31,16,8,0.733,hotfix,275.55,success,2.0207
build_01638,2025-12-17T09:35:17.543926,9,2,695.23,533,310,44,4,16,0.926,feature,176.05,success,0.5282
build_01639,2025-10-20T06:35:17.543926,6,0,7122.27,343,101,32,8,4,0.866,feature,461.49,failed,1.6921
build_01640,2025-11-30T13:35:17.543926,13,6,624.58,1892,164,41,8,16,0.912,feature,104.13,failed,0.4859
build_01641,2025-11-09T10:35:17.543926,10,6,400.99,366,57,31,4,16,0.696,release,67.49,success,0.2025
build_01642,2025-09-18T01:35:17.543926,1,3,212.32,277,212,60,4,8,0.767,feature,149.49,success,0.3488
build_01643,2025-10-10T09:35:17.543926,9,4,958.8,252,144,61,4,32,0.889,feature,86.37,success,0.3743
build_01644,2025-10-23T06:35:17.543926,6,3,267.39,242,967,42,8,8,0.468,feature,438.9,success,1.7556
build_01645,2025-10-26T15:35:17.543926,15,6,6969.96,1311,266,36,2,4,0.698,feature,852.07,failed,0.9941
build_01646,2025-10-21T10:35:17.543926,10,1,1110.29,691,41,39,2,4,0.633,feature,180.3,failed,0.2104
build_01647,2025-10-11T15:35:17.543926,15,5,8105.55,773,483,33,8,16,0.812,feature,494.17,success,2.3061
build_01648,2025-08-01T14:35:17.543926,14,4,1177.76,150,118,30,2,8,0.839,main,224.24,success,0.3364
build_01649,2025-08-18T17:35:17.543926,17,0,560.44,139,558,50,2,16,0.868,feature,321.46,success,0.6965
build_01650,2026-01-07T22:35:17.543926,22,2,843.14,281,90,40,16,16,0.38,feature,50.78,success,0.4063
build_01651,2025-12-14T01:35:17.543926,1,6,455.88,597,314,33,4,32,0.897,feature,84.75,success,0.3672
build_01652,2025-10-14T13:35:17.543926,13,1,906.7,714,288,54,8,4,0.757,feature,267.27,success,0.98
build_01653,2026-01-18T04:35:17.543926,4,6,24003.35,5953,320,36,4,4,0.646,main,2288.23,failed,4.5765
build_01654,2026-01-19T08:35:17.543926,8,0,539.53,8025,40,20,2,8,0.737,release,422.06,success,0.6331
build_01655,2025-08-16T21:35:17.543926,21,5,134.18,1804,67,56,4,8,0.523,feature,100.58,success,0.2347
build_01656,2025-07-29T22:35:17.543926,22,1,162.47,1216,215,52,16,4,0.735,feature,112.49,success,0.7874
build_01657,2026-01-08T07:35:17.543926,7,3,535.55,130,646,57,8,4,0.875,feature,288.99,success,1.0596
build_01658,2026-01-09T18:35:17.543926,18,4,3462.8,345,1109,48,16,16,0.819,hotfix,190.71,success,1.5256
build_01659,2025-10-20T23:35:17.543926,23,0,4741.06,1327,86,39,2,8,0.939,feature,303.62,success,0.4554
build_01660,2025-08-18T09:35:17.543926,9,0,6478.44,754,78,80,2,16,0.562,main,717.66,success,1.5549
build_01661,2025-10-07T14:35:17.543926,14,1,4509.86,1488,494,80,8,32,0.877,feature,231.62,success,1.3897
build_01662,2025-09-18T22:35:17.543926,22,3,4202.99,164,61,25,4,8,0.79,feature,234.08,success,0.5462
build_01663,2025-07-25T14:35:17.543926,14,4,9674.53,178,165,52,8,4,0.818,feature,799.12,failed,2.9301
build_01664,2025-08-03T11:35:17.543926,11,6,252.65,710,57,47,4,4,0.542,feature,90.22,failed,0.1804
build_01665,2025-12-17T07:35:17.543926,7,2,608.28,433,17,39,4,4,0.833,feature,58.53,success,0.1171
build_01666,2026-01-17T16:35:17.543926,16,5,4021.44,568,42,42,16,32,0.544,main,104.96,failed,0.9796
build_01667,2025-09-16T03:35:17.543926,3,1,721.05,283,776,39,4,8,0.86,feature,375.6,success,0.8764
build_01668,2025-08-30T21:35:17.543926,21,5,69.7,673,123,86,8,8,0.746,feature,59.88,success,0.2395
build_01669,2025-09-26T06:35:17.543926,6,4,641.94,196,150,37,4,4,0.959,feature,116.2,success,0.2324
build_01670,2025-11-18T08:35:17.543926,8,1,131.66,167,309,38,8,8,0.837,feature,115.0,failed,0.46
build_01671,2025-11-28T21:35:17.543926,21,4,2713.08,3675,105,40,4,4,0.809,feature,308.2,failed,0.6164
build_01672,2025-12-15T00:35:17.543926,0,0,264.44,928,142,60,16,4,0.648,feature,99.75,success,0.6983
build_01673,2026-01-16T03:35:17.543926,3,4,1630.19,4308,216,35,2,8,0.645,main,411.86,success,0.6178
build_01674,2025-10-25T17:35:17.543926,17,5,4688.82,84,216,36,2,8,0.795,hotfix,375.68,success,0.5635
build_01675,2026-01-19T19:35:17.543926,19,0,7475.18,268,27,56,16,4,0.757,release,420.26,success,2.9419
build_01676,2025-11-19T19:35:17.543926,19,2,3312.78,119,175,55,4,8,0.923,feature,247.17,success,0.5767
build_01677,2025-10-26T00:35:17.543926,0,6,700.3,379,30,69,4,8,0.807,release,94.59,success,0.2207
build_01678,2025-12-05T23:35:17.543926,23,4,25700.74,193,375,44,2,4,0.583,feature,2151.32,success,2.5099
build_01679,2025-08-03T07:35:17.543926,7,6,163.24,390,332,42,2,16,0.8,main,201.16,success,0.4359
build_01680,2025-07-29T10:35:17.543926,10,1,1975.96,230,114,44,8,32,0.826,main,108.25,failed,0.6495
build_01681,2025-08-23T09:35:17.543926,9,5,6811.49,992,21,44,2,16,0.828,main,658.7,success,1.4272
build_01682,2025-12-13T00:35:17.543926,0,5,23.95,255,546,39,8,4,0.241,feature,297.29,success,1.0901
build_01683,2026-01-12T06:35:17.543926,6,0,4667.4,268,43,55,2,4,0.489,feature,460.76,success,0.5376
build_01684,2025-11-25T03:35:17.543926,3,1,14013.3,214,16,66,8,32,0.815,feature,262.07,success,1.5724
build_01685,2025-09-21T16:35:17.543926,16,6,435.94,125,240,40,4,16,0.934,main,136.08,success,0.4082
build_01686,2025-08-27T05:35:17.543926,5,2,201.42,95,1115,36,8,8,0.779,feature,456.74,success,1.827
build_01687,2025-08-19T00:35:17.543926,0,1,219.54,303,160,43,4,8,0.946,release,98.78,success,0.2305
build_01688,2026-01-16T11:35:17.543926,11,4,429.21,1237,337,34,4,4,0.972,feature,274.16,success,0.5483
build_01689,2025-08-19T00:35:17.543926,0,1,1119.96,200,1283,50,4,8,0.724,feature,676.13,success,1.5776
build_01690,2025-09-16T01:35:17.543926,1,1,2597.02,757,75,40,4,8,0.828,hotfix,161.78,success,0.3775
build_01691,2025-08-01T01:35:17.543926,1,4,152.19,378,69,54,4,8,0.269,feature,78.74,success,0.1837
build_01692,2025-10-23T01:35:17.543926,1,3,522.39,603,49,53,16,16,0.38,main,43.97,success,0.3518
build_01693,2025-11-28T13:35:17.543926,13,4,3572.65,185,85,44,8,4,0.657,hotfix,299.5,success,1.0982
build_01694,2025-12-01T14:35:17.543926,14,0,626.56,1933,105,45,16,32,0.949,feature,38.42,success,0.3586
build_01695,2025-09-04T13:35:17.543926,13,3,8527.87,198,610,41,8,4,0.551,release,1290.42,success,4.7315
build_01696,2025-11-24T06:35:17.543926,6,0,3010.64,983,208,44,4,32,0.911,feature,155.44,success,0.6736
build_01697,2025-11-12T01:35:17.543926,1,2,6734.39,118,528,50,4,4,0.838,feature,535.85,success,1.0717
build_01698,2025-08-26T19:35:17.543926,19,1,1371.27,275,104,53,4,32,0.559,main,108.14,success,0.4686
build_01699,2025-10-06T09:35:17.543926,9,0,129.55,2301,102,42,4,4,0.696,release,212.8,success,0.4256
build_01700,2025-08-15T22:35:17.543926,22,4,83.37,228,128,61,8,8,0.898,main,63.39,success,0.2535
build_01701,2025-08-08T02:35:17.543926,2,4,188.42,419,99,60,2,4,0.587,main,120.11,success,0.1401
build_01702,2025-12-09T04:35:17.543926,4,1,74.13,685,288,31,4,8,0.858,feature,127.74,success,0.2981
build_01703,2025-09-28T15:35:17.543926,15,6,495.21,751,16,42,4,16,0.769,feature,67.79,success,0.2034
build_01704,2025-11-02T17:35:17.543926,17,6,32.42,414,214,29,4,32,0.925,feature,72.1,success,0.3124
build_01705,2025-11-04T03:35:17.543926,3,1,610.82,34,41,59,16,8,0.616,feature,40.1,success,0.2941
build_01706,2025-10-23T02:35:17.543926,2,3,7515.06,161,316,32,2,8,0.929,hotfix,468.69,success,0.703
build_01707,2025-12-21T02:35:17.543926,2,6,3310.19,235,152,54,8,8,0.616,feature,243.39,success,0.9735
build_01708,2025-12-26T02:35:17.543926,2,4,17707.23,1459,107,48,4,32,0.822,release,848.58,success,3.6772
build_01709,2025-08-08T23:35:17.543926,23,4,2034.09,538,454,33,4,8,0.593,feature,259.52,success,0.6055
build_01710,2026-01-16T19:35:17.543926,19,4,2578.55,289,107,30,4,8,0.514,feature,174.78,success,0.4078
build_01711,2026-01-11T01:35:17.543926,1,6,5601.64,154,272,45,2,8,0.837,hotfix,332.76,success,0.4991
build_01712,2026-01-01T16:35:17.543926,16,3,3678.13,850,10,43,2,4,0.953,feature,236.41,success,0.2758
build_01713,2025-11-10T10:35:17.543926,10,0,491.91,1073,718,32,4,8,0.506,feature,574.34,success,1.3401
build_01714,2025-12-19T07:35:17.543926,7,4,2291.08,1791,58,39,8,16,0.745,feature,128.05,success,0.5976
build_01715,2026-01-12T11:35:17.543926,11,0,7653.93,186,155,46,4,4,0.689,feature,818.5,failed,1.637
build_01716,2025-12-06T14:35:17.543926,14,5,2276.77,442,508,59,8,4,0.808,feature,552.99,success,2.0276
build_01717,2026-01-04T15:35:17.543926,15,6,915.71,2598,317,48,8,32,0.795,main,141.61,success,0.8497
build_01718,2025-12-01T12:35:17.543926,12,0,4174.04,990,320,39,2,8,0.526,feature,717.57,success,1.0764
build_01719,2025-10-17T07:35:17.543926,7,4,30272.57,768,606,48,2,4,0.793,feature,2290.14,success,2.6718
build_01720,2025-12-23T22:35:17.543926,22,1,96.36,685,77,34,4,16,0.761,main,68.56,success,0.2057
build_01721,2025-10-19T03:35:17.543926,3,6,182.06,643,310,43,4,8,0.693,feature,166.35,success,0.3882
build_01722,2025-10-06T16:35:17.543926,16,0,674.36,214,482,41,8,4,0.815,feature,285.6,success,1.0472
build_01723,2025-09-05T22:35:17.543926,22,4,1524.27,491,530,46,4,16,0.682,main,319.89,failed,0.9597
build_01724,2025-08-06T19:35:17.543926,19,2,341.71,229,95,54,2,32,0.791,feature,60.11,success,0.2104
build_01725,2025-10-14T05:35:17.543926,5,1,2109.23,1031,82,50,4,16,0.752,release,237.69,success,0.7131
build_01726,2026-01-09T15:35:17.543926,15,4,1835.43,271,57,29,2,8,0.626,feature,206.83,success,0.3102
build_01727,2025-09-12T14:35:17.543926,14,4,343.47,2257,223,26,8,8,0.78,feature,207.42,success,0.8297
build_01728,2026-01-09T15:35:17.543926,15,4,506.02,373,42,58,4,8,0.892,hotfix,68.48,success,0.1598
build_01729,2025-11-15T20:35:17.543926,20,5,472.62,142,11,48,16,4,0.552,feature,35.74,success,0.2502
build_01730,2025-09-08T17:35:17.543926,17,0,196.11,257,23,39,4,16,0.74,main,39.31,success,0.1179
build_01731,2025-12-09T21:35:17.543926,21,1,133.86,440,286,44,4,4,0.516,main,214.72,success,0.4294
build_01732,2025-12-19T08:35:17.543926,8,4,1808.6,239,271,34,16,8,0.808,release,169.49,success,1.2429
build_01733,2025-11-26T06:35:17.543926,6,2,6815.83,927,29,50,2,16,0.928,feature,443.51,success,0.9609
build_01734,2025-12-06T07:35:17.543926,7,5,1633.64,1329,244,61,2,8,0.772,feature,313.8,success,0.4707
build_01735,2025-08-12T14:35:17.543926,14,1,52.67,563,234,26,8,4,0.652,main,220.43,success,0.8083
build_01736,2025-12-09T16:35:17.543926,16,1,1099.77,704,10,44,8,4,0.922,feature,118.28,success,0.4337
build_01737,2025-09-26T15:35:17.543926,15,4,602.47,2001,25,39,4,4,0.688,hotfix,122.0,success,0.244
build_01738,2025-12-26T02:35:17.543926,2,4,5950.07,325,92,50,4,4,0.702,feature,438.77,success,0.8775
build_01739,2025-12-07T20:35:17.543926,20,6,959.58,230,200,39,2,8,0.796,feature,186.03,success,0.279
build_01740,2025-08-24T09:35:17.543926,9,6,4729.61,308,5423,59,16,4,0.467,feature,3009.18,success,21.0643
build_01741,2025-10-09T09:35:17.543926,9,3,3130.08,718,429,44,2,8,0.655,feature,651.31,success,0.977
build_01742,2025-12-08T04:35:17.543926,4,0,2043.76,74,294,59,2,8,0.827,main,312.08,success,0.4681
build_01743,2026-01-09T01:35:17.543926,1,4,12003.37,7017,29,51,4,4,0.896,feature,906.8,success,1.8136
build_01744,2025-08-15T03:35:17.543926,3,4,401.24,1027,1060,32,2,8,0.847,feature,528.56,success,0.7928
build_01745,2025-11-05T06:35:17.543926,6,2,209.93,1277,75,72,4,16,0.449,release,97.61,success,0.2928
build_01746,2025-11-13T04:35:17.543926,4,3,1025.68,107,1519,49,2,4,0.9,main,834.97,success,0.9741
build_01747,2025-11-21T02:35:17.543926,2,4,696.21,2518,108,32,2,4,0.844,hotfix,135.72,success,0.1583
build_01748,2025-09-26T11:35:17.543926,11,4,346.32,387,876,31,2,4,0.567,feature,715.75,success,0.835
build_01749,2025-08-13T04:35:17.543926,4,2,4954.82,102,764,40,2,16,0.486,feature,631.69,success,1.3687
build_01750,2026-01-15T19:35:17.543926,19,3,149.13,548,98,49,16,8,0.443,main,66.62,success,0.4886
build_01751,2025-08-03T10:35:17.543926,10,6,100.81,587,151,52,2,16,0.914,release,126.01,success,0.273
build_01752,2026-01-11T22:35:17.543926,22,6,221.34,134,238,42,8,4,0.708,main,140.95,success,0.5168
build_01753,2026-01-11T14:35:17.543926,14,6,408.63,333,1034,39,2,32,0.621,feature,570.35,success,1.9962
build_01754,2025-11-06T16:35:17.543926,16,3,175.33,245,602,49,4,32,0.922,hotfix,183.47,success,0.795
build_01755,2025-09-16T01:35:17.543926,1,1,180.66,188,83,53,16,8,0.721,feature,31.6,success,0.2317
build_01756,2025-10-11T22:35:17.543926,22,5,53236.2,148,118,41,4,4,0.746,main,4187.64,success,8.3753
build_01757,2025-09-17T23:35:17.543926,23,2,6858.7,838,78,34,4,16,0.661,feature,348.27,success,1.0448
build_01758,2025-07-26T18:35:17.543926,18,5,459.65,1058,31,54,4,4,0.394,feature,101.27,success,0.2025
build_01759,2025-11-20T09:35:17.543926,9,3,1228.84,436,25,47,2,32,0.742,feature,83.98,success,0.2939
build_01760,2026-01-14T09:35:17.543926,9,2,376.98,736,84,32,8,8,0.553,feature,108.63,success,0.4345
build_01761,2025-09-20T22:35:17.543926,22,5,3063.58,784,144,29,4,16,0.701,feature,207.48,failed,0.6224
build_01762,2025-09-10T18:35:17.543926,18,2,496.17,725,179,53,2,32,0.805,feature,116.19,success,0.4066
build_01763,2025-11-14T19:35:17.543926,19,4,5841.17,114,107,20,8,8,0.51,feature,391.3,success,1.5652
build_01764,2026-01-14T20:35:17.543926,20,2,8350.51,943,145,28,2,16,0.702,feature,465.95,success,1.0096
build_01765,2025-12-28T17:35:17.543926,17,6,2354.66,1597,200,50,16,8,0.846,feature,184.24,success,1.3511
build_01766,2026-01-18T04:35:17.543926,4,6,567.51,124,29,37,4,4,0.973,feature,53.77,success,0.1075
build_01767,2026-01-03T02:35:17.543926,2,5,847.96,229,47,32,16,4,0.691,main,80.06,success,0.5604
build_01768,2025-10-16T13:35:17.543926,13,3,409.82,2124,120,53,2,4,0.722,hotfix,183.04,success,0.2135
build_01769,2026-01-08T08:35:17.543926,8,3,596.61,218,88,31,16,16,0.448,hotfix,28.73,success,0.2298
build_01770,2025-08-21T02:35:17.543926,2,3,1039.81,1108,651,26,8,8,0.85,main,354.57,success,1.4183
build_01771,2025-09-21T15:35:17.543926,15,6,952.32,130,1876,56,8,8,0.503,main,1225.26,success,4.901
build_01772,2025-10-03T18:35:17.543926,18,4,1613.05,488,61,50,16,8,0.629,feature,81.51,success,0.5978
build_01773,2025-12-15T22:35:17.543926,22,0,172.3,213,154,32,2,16,0.437,main,127.71,success,0.2767
build_01774,2025-08-07T23:35:17.543926,23,3,8.97,421,29,60,4,4,0.777,feature,42.63,success,0.0853
build_01775,2025-12-21T14:35:17.543926,14,6,172.15,83,229,35,4,4,0.85,feature,148.51,success,0.297
build_01776,2025-11-07T22:35:17.543926,22,4,1558.49,323,669,44,2,8,0.691,main,564.47,success,0.8467
build_01777,2025-08-15T16:35:17.543926,16,4,55.0,699,309,61,4,4,0.795,feature,259.7,success,0.5194
build_01778,2025-11-23T12:35:17.543926,12,6,10199.53,349,976,52,2,8,0.652,feature,1575.37,success,2.3631
build_01779,2025-10-25T11:35:17.543926,11,5,310.69,375,12,45,4,4,0.567,release,86.19,failed,0.1724
build_01780,2025-10-19T04:35:17.543926,4,6,1208.62,442,98,50,2,4,0.677,feature,150.82,success,0.176
build_01781,2025-11-24T20:35:17.543926,20,0,1338.3,204,189,33,16,4,0.938,main,152.92,success,1.0704
build_01782,2025-10-03T00:35:17.543926,0,4,1858.78,379,2035,67,4,16,0.908,main,906.42,success,2.7193
build_01783,2025-12-31T00:35:17.543926,0,2,328.72,873,136,40,2,4,0.898,main,134.92,success,0.1574
build_01784,2026-01-17T05:35:17.543926,5,5,168.35,1147,233,43,8,8,0.58,release,187.15,success,0.7486
build_01785,2025-08-21T01:35:17.543926,1,3,2418.3,316,257,41,16,8,0.921,feature,137.12,success,1.0055
build_01786,2025-09-27T07:35:17.543926,7,5,332.9,1179,199,39,2,8,0.634,feature,153.35,success,0.23
build_01787,2025-12-07T11:35:17.543926,11,6,3003.1,290,147,52,4,4,0.921,main,363.55,failed,0.7271
build_01788,2025-12-26T11:35:17.543926,11,4,2257.0,2709,73,37,8,8,0.565,feature,235.26,success,0.941
build_01789,2025-11-17T10:35:17.543926,10,0,4093.28,347,463,47,4,16,0.897,feature,453.98,failed,1.3619
build_01790,2025-12-15T20:35:17.543926,20,0,61356.26,388,118,41,2,4,0.906,release,5126.06,success,5.9804
build_01791,2025-09-20T22:35:17.543926,22,5,7609.37,472,6245,50,4,4,0.67,release,4424.37,success,8.8487
build_01792,2025-10-17T09:35:17.543926,9,4,542.93,780,1387,47,4,8,0.831,feature,722.46,success,1.6857
build_01793,2025-07-31T06:35:17.543926,6,3,17842.56,176,48,34,4,4,0.683,feature,1306.02,failed,2.612
build_01794,2025-11-02T05:35:17.543926,5,6,240.99,1478,112,35,4,16,0.824,hotfix,64.08,success,0.1922
build_01795,2025-10-01T04:35:17.543926,4,2,1298.49,228,109,38,2,4,0.738,feature,156.32,success,0.1824
build_01796,2025-08-10T05:35:17.543926,5,6,1309.69,415,77,34,16,16,0.54,release,65.31,success,0.5224
build_01797,2025-11-13T01:35:17.543926,1,3,16150.59,148,262,49,4,32,0.867,main,606.84,success,2.6296
build_01798,2025-09-04T11:35:17.543926,11,3,5696.16,93,154,59,4,8,0.821,feature,526.83,success,1.2293
build_01799,2025-12-27T17:35:17.543926,17,5,613.8,138,130,42,8,16,0.529,feature,78.3,success,0.3654
build_01800,2025-09-21T06:35:17.543926,6,6,3112.56,154,63,38,4,16,0.65,hotfix,162.23,success,0.4867
build_01801,2025-09-20T16:35:17.543926,16,5,3292.93,3327,253,49,2,8,0.854,main,725.51,failed,1.0883
build_01802,2025-12-02T08:35:17.543926,8,1,699.01,162,106,51,4,16,0.724,feature,77.14,success,0.2314
build_01803,2025-10-07T07:35:17.543926,7,1,427.54,729,113,47,2,4,0.758,feature,110.39,success,0.1288
build_01804,2025-12-01T21:35:17.543926,21,0,859.61,2508,125,31,2,32,0.703,feature,163.23,success,0.5713
build_01805,2025-08-15T17:35:17.543926,17,4,4356.14,932,104,41,16,8,0.822,feature,229.15,success,1.6804
build_01806,2025-09-05T13:35:17.543926,13,4,2355.48,379,154,47,4,16,0.69,feature,215.46,success,0.6464
build_01807,2025-12-08T08:35:17.543926,8,0,629.44,1991,24,32,8,4,0.948,feature,71.66,success,0.2627
build_01808,2025-12-19T09:35:17.543926,9,4,1570.16,393,10,34,8,4,0.621,feature,146.49,success,0.5371
build_01809,2025-10-30T17:35:17.543926,17,3,2525.98,403,1777,35,16,8,0.575,feature,770.77,success,5.6523
build_01810,2025-07-25T17:35:17.543926,17,4,3045.27,35,24,37,2,8,0.928,feature,232.94,success,0.3494
build_01811,2025-11-04T15:35:17.543926,15,1,10618.07,712,385,55,2,8,0.703,feature,1229.59,success,1.8444
build_01812,2025-10-17T02:35:17.543926,2,4,904.83,389,377,53,8,4,0.726,feature,219.88,success,0.8062
build_01813,2025-11-24T20:35:17.543926,20,0,4809.8,532,78,19,2,8,0.752,feature,240.98,success,0.3615
build_01814,2025-10-15T15:35:17.543926,15,2,1977.26,1295,895,48,8,4,0.245,hotfix,736.92,success,2.702
build_01815,2025-09-02T20:35:17.543926,20,1,2053.59,436,41,33,8,16,0.728,feature,97.98,success,0.4572
build_01816,2025-08-17T22:35:17.543926,22,6,1833.27,277,25,45,2,4,0.867,main,161.56,success,0.1885
build_01817,2025-09-06T19:35:17.543926,19,5,7403.05,449,108,27,4,4,0.67,main,681.46,success,1.3629
build_01818,2025-12-26T21:35:17.543926,21,4,839.54,263,206,42,4,16,0.674,feature,130.65,success,0.3919
build_01819,2025-11-01T09:35:17.543926,9,5,299.47,1024,186,37,16,16,0.84,feature,57.72,success,0.4618
build_01820,2025-11-04T15:35:17.543926,15,1,2457.95,355,245,63,4,16,0.566,main,306.8,success,0.9204
build_01821,2025-10-09T04:35:17.543926,4,3,1631.75,183,28,47,4,4,0.824,feature,131.34,failed,0.2627
build_01822,2025-08-05T09:35:17.543926,9,1,343.92,499,2066,83,2,4,0.901,feature,1259.34,failed,1.4692
build_01823,2025-09-01T15:35:17.543926,15,0,1695.94,100,72,43,4,8,0.244,feature,177.39,success,0.4139
build_01824,2025-10-02T17:35:17.543926,17,3,9428.75,194,269,48,4,4,0.59,release,1166.99,success,2.334
build_01825,2025-10-07T16:35:17.543926,16,1,806.32,132,251,55,2,8,0.953,main,271.38,success,0.4071
build_01826,2025-12-09T06:35:17.543926,6,1,2466.82,141,8,42,16,8,0.775,main,98.1,success,0.7194
build_01827,2025-07-28T16:35:17.543926,16,0,4421.43,136,417,32,4,4,0.707,release,759.09,failed,1.5182
build_01828,2025-12-04T07:35:17.543926,7,3,137.58,76,22,44,4,8,0.836,feature,25.25,success,0.0589
build_01829,2025-10-19T03:35:17.543926,3,6,140.06,693,947,44,16,16,0.505,main,242.65,success,1.9412
build_01830,2025-08-28T16:35:17.543926,16,3,1197.36,2235,108,40,8,4,0.254,feature,329.61,success,1.2086
build_01831,2025-07-24T23:35:17.543926,23,3,704.45,941,183,44,8,4,0.677,feature,141.12,success,0.5174
build_01832,2025-08-08T03:35:17.543926,3,4,4573.57,36,40,38,2,4,0.741,hotfix,352.6,success,0.4114
build_01833,2025-12-01T11:35:17.543926,11,0,213.57,8661,113,40,2,8,0.712,feature,450.58,success,0.6759
build_01834,2025-08-14T22:35:17.543926,22,3,1097.47,233,582,23,4,4,0.908,hotfix,290.31,failed,0.5806
build_01835,2025-08-21T20:35:17.543926,20,3,5985.12,227,332,33,8,4,0.626,feature,465.56,success,1.707
build_01836,2025-09-23T05:35:17.543926,5,1,383.65,1506,67,73,8,16,0.593,feature,70.88,success,0.3308
build_01837,2026-01-01T10:35:17.543926,10,3,845.0,426,165,40,16,8,0.789,main,139.45,success,1.0226
build_01838,2025-10-09T19:35:17.543926,19,3,183558.55,326,20,33,2,8,0.427,feature,14846.3,success,22.2695
build_01839,2025-09-29T15:35:17.543926,15,0,44359.14,632,286,40,4,8,0.589,feature,2797.28,success,6.527
build_01840,2025-12-09T21:35:17.543926,21,1,148.68,194,61,52,2,8,0.78,feature,39.35,success,0.059
build_01841,2025-12-30T09:35:17.543926,9,1,147.21,197,255,53,4,8,0.882,feature,158.13,success,0.369
build_01842,2026-01-11T12:35:17.543926,12,6,2159.57,419,122,68,4,4,0.551,feature,252.05,success,0.5041
build_01843,2025-08-02T11:35:17.543926,11,5,98.08,47,172,53,2,16,0.207,feature,131.97,success,0.2859
build_01844,2025-10-20T22:35:17.543926,22,0,178.0,205,38,45,4,16,0.858,feature,31.25,success,0.0937
build_01845,2025-12-22T08:35:17.543926,8,0,1740.5,1654,31,64,2,32,0.865,feature,139.7,success,0.4889
build_01846,2026-01-15T03:35:17.543926,3,3,948.04,452,57,40,2,8,0.939,main,125.8,success,0.1887
build_01847,2025-10-12T00:35:17.543926,0,6,23827.44,167,187,55,2,8,0.585,feature,1745.17,success,2.6178
build_01848,2025-09-14T16:35:17.543926,16,6,1014.15,105,988,43,2,8,0.773,hotfix,572.33,failed,0.8585
build_01849,2025-10-02T14:35:17.543926,14,3,1727.96,226,32,46,4,16,0.605,release,164.61,success,0.4938
build_01850,2025-10-12T05:35:17.543926,5,6,6264.25,519,76,28,4,8,0.909,feature,293.01,success,0.6837
build_01851,2025-11-28T16:35:17.543926,16,4,305.11,125,30,46,2,16,0.886,feature,52.92,success,0.1147
build_01852,2026-01-17T02:35:17.543926,2,5,223.17,143,32,46,4,4,0.573,main,49.83,success,0.0997
build_01853,2025-12-05T01:35:17.543926,1,4,1150.4,239,644,52,16,4,0.798,feature,254.72,success,1.7831
build_01854,2025-11-15T08:35:17.543926,8,5,395.12,30,193,35,2,8,0.556,hotfix,99.21,success,0.1488
build_01855,2025-12-21T11:35:17.543926,11,6,336.63,848,859,55,2,16,0.65,release,732.13,success,1.5863
build_01856,2025-10-13T11:35:17.543926,11,0,318.01,530,441,38,2,8,0.669,feature,348.86,success,0.5233
build_01857,2025-08-08T10:35:17.543926,10,4,1443.61,246,225,38,2,4,0.53,feature,328.55,success,0.3833
build_01858,2025-12-16T08:35:17.543926,8,1,2404.07,125,177,36,4,32,0.783,feature,118.23,success,0.5123
build_01859,2025-12-21T13:35:17.543926,13,6,275.91,718,360,51,2,8,0.862,feature,306.99,success,0.4605
build_01860,2025-10-02T13:35:17.543926,13,3,1137.05,408,56,52,8,16,0.595,feature,87.25,success,0.4072
build_01861,2025-10-17T07:35:17.543926,7,4,1990.38,171,98,61,2,32,0.708,hotfix,98.9,success,0.3462
build_01862,2025-08-25T13:35:17.543926,13,0,1299.8,230,27,53,4,16,0.67,feature,127.2,success,0.3816
build_01863,2025-08-30T11:35:17.543926,11,5,186.82,961,82,23,8,16,0.741,feature,66.14,success,0.3087
build_01864,2025-12-29T20:35:17.543926,20,0,747.09,129,42,68,2,4,0.566,release,127.67,success,0.149
build_01865,2025-12-09T10:35:17.543926,10,1,1483.06,1102,29,55,8,8,0.781,main,152.75,success,0.611
build_01866,2025-10-13T22:35:17.543926,22,0,8573.89,167,59,46,2,16,0.886,feature,406.85,success,0.8815
build_01867,2025-09-02T04:35:17.543926,4,1,34.37,252,568,41,2,8,0.359,feature,286.72,success,0.4301
build_01868,2025-09-03T17:35:17.543926,17,2,335.38,2179,326,64,4,16,0.927,feature,232.01,success,0.696
build_01869,2025-09-08T09:35:17.543926,9,0,2236.37,415,284,51,2,4,0.888,main,457.6,success,0.5339
build_01870,2025-08-03T23:35:17.543926,23,6,2248.14,832,136,35,16,8,0.894,main,138.82,success,1.018
build_01871,2025-08-17T21:35:17.543926,21,6,1012.43,618,138,51,8,16,0.314,main,135.72,success,0.6333
build_01872,2025-09-20T03:35:17.543926,3,5,1592.65,1851,150,46,4,4,0.508,main,354.08,success,0.7082
build_01873,2026-01-01T15:35:17.543926,15,3,2121.65,553,114,53,4,8,0.38,feature,293.36,success,0.6845
build_01874,2025-08-27T19:35:17.543926,19,2,535.09,217,258,45,2,8,0.591,feature,191.58,success,0.2874
build_01875,2025-12-14T09:35:17.543926,9,6,644.72,547,48,51,2,4,0.892,feature,133.22,success,0.1554
build_01876,2025-12-06T11:35:17.543926,11,5,1423.8,879,657,48,8,4,0.824,feature,429.01,success,1.573
build_01877,2025-10-13T03:35:17.543926,3,0,1271.72,846,48,49,2,4,0.818,feature,133.73,success,0.156
build_01878,2025-11-30T09:35:17.543926,9,6,3624.33,876,99,42,16,4,0.927,hotfix,180.85,failed,1.2659
build_01879,2025-11-25T05:35:17.543926,5,1,1475.03,933,877,53,8,16,0.591,hotfix,263.12,success,1.2279
build_01880,2025-10-07T18:35:17.543926,18,1,2374.54,161,132,37,4,32,0.859,hotfix,96.19,success,0.4168
build_01881,2025-07-25T16:35:17.543926,16,4,297.35,84,356,33,2,16,0.804,feature,241.87,success,0.524
build_01882,2025-11-11T17:35:17.543926,17,1,3057.73,210,208,50,8,4,0.591,feature,330.73,failed,1.2127
build_01883,2025-09-04T01:35:17.543926,1,3,179.42,1680,363,44,4,8,0.612,feature,240.81,success,0.5619
build_01884,2025-11-11T01:35:17.543926,1,1,79.0,93,503,42,4,32,0.372,feature,174.87,success,0.7578
build_01885,2025-09-16T19:35:17.543926,19,1,4273.8,837,906,44,4,8,0.809,feature,622.66,success,1.4529
build_01886,2025-11-17T08:35:17.543926,8,0,9578.28,6053,379,38,2,4,0.793,feature,1064.99,failed,1.2425
build_01887,2025-09-14T22:35:17.543926,22,6,268.89,429,14,37,4,8,0.651,hotfix,30.44,failed,0.071
build_01888,2025-09-21T06:35:17.543926,6,6,4526.63,32,72,31,4,4,0.966,feature,266.35,failed,0.5327
build_01889,2025-10-19T19:35:17.543926,19,6,97.19,2834,1544,54,2,32,0.534,feature,526.61,success,1.8431
build_01890,2025-12-31T19:35:17.543926,19,2,208.94,109,263,46,2,8,0.53,feature,164.48,failed,0.2467
build_01891,2025-12-28T16:35:17.543926,16,6,10633.73,522,167,46,2,16,0.91,hotfix,650.05,success,1.4084
build_01892,2025-12-25T23:35:17.543926,23,3,4872.68,81,328,45,4,8,0.663,feature,389.11,success,0.9079
build_01893,2025-08-25T08:35:17.543926,8,0,78336.77,456,62,31,16,4,0.5,main,4780.01,success,33.46
build_01894,2025-09-21T14:35:17.543926,14,6,1193.24,195,805,50,8,8,0.706,feature,537.55,success,2.1502
build_01895,2025-11-16T15:35:17.543926,15,6,277.59,105,22,59,2,4,0.647,feature,67.54,failed,0.0788
build_01896,2025-09-23T04:35:17.543926,4,1,240.83,1223,123,58,2,4,0.849,release,141.2,success,0.1647
build_01897,2025-09-29T09:35:17.543926,9,0,16748.31,6726,853,45,8,4,0.876,feature,1947.18,success,7.1397
build_01898,2025-10-18T00:35:17.543926,0,5,16043.11,141,88,28,2,8,0.907,main,1274.27,failed,1.9114
build_01899,2025-10-03T16:35:17.543926,16,4,1236.29,262,334,44,8,16,0.773,main,175.59,success,0.8194
build_01900,2025-10-05T10:35:17.543926,10,6,6199.32,77,369,50,8,32,0.688,main,309.3,success,1.8558
build_01901,2025-09-09T05:35:17.543926,5,1,222.37,350,58,53,2,16,0.341,feature,67.1,success,0.1454
build_01902,2025-12-22T00:35:17.543926,0,0,969.35,84,12,37,2,8,0.973,main,68.82,success,0.1032
build_01903,2025-08-16T16:35:17.543926,16,5,2031.37,98,2904,55,4,8,0.789,feature,1724.07,failed,4.0228
build_01904,2025-08-03T13:35:17.543926,13,6,421.12,723,383,49,4,32,0.66,feature,140.0,success,0.6067
build_01905,2026-01-04T06:35:17.543926,6,6,11252.61,767,528,47,2,8,0.649,feature,946.08,success,1.4191
build_01906,2025-12-30T14:35:17.543926,14,1,635.14,142,254,33,16,8,0.912,feature,103.8,success,0.7612
build_01907,2025-09-29T14:35:17.543926,14,0,4269.81,222,122,53,2,4,0.777,feature,502.48,failed,0.5862
build_01908,2026-01-18T15:35:17.543926,15,6,1480.38,436,165,24,2,8,0.971,feature,187.32,success,0.281
build_01909,2025-10-04T12:35:17.543926,12,5,395.9,74,366,42,4,4,0.666,feature,310.12,success,0.6202
build_01910,2025-10-17T09:35:17.543926,9,4,2282.24,109,721,62,2,8,0.882,feature,593.72,success,0.8906
build_01911,2025-09-26T10:35:17.543926,10,4,1408.44,252,45,45,2,4,0.703,main,206.24,success,0.2406
build_01912,2025-08-27T16:35:17.543926,16,2,16535.83,749,448,46,4,4,0.496,feature,1972.29,success,3.9446
build_01913,2025-11-23T19:35:17.543926,19,6,281.92,1587,60,39,4,4,0.477,feature,134.04,success,0.2681
build_01914,2025-10-13T13:35:17.543926,13,0,12293.84,565,24,42,16,4,0.812,main,875.15,failed,6.1261
build_01915,2025-09-13T17:35:17.543926,17,5,274.09,113,112,70,2,16,0.966,main,107.81,success,0.2336
build_01916,2025-08-05T18:35:17.543926,18,1,302.28,1026,100,43,2,4,0.438,hotfix,104.95,success,0.1224
build_01917,2025-12-27T08:35:17.543926,8,5,832.66,583,167,27,2,8,0.896,feature,135.02,success,0.2025
build_01918,2025-10-10T19:35:17.543926,19,4,19308.5,588,401,60,4,4,0.611,feature,1575.57,failed,3.1511
build_01919,2025-08-21T18:35:17.543926,18,3,177.25,122,39,54,4,32,0.804,feature,23.6,success,0.1023
build_01920,2025-12-17T05:35:17.543926,5,2,780.05,509,208,56,4,8,0.841,feature,134.78,success,0.3145
build_01921,2025-09-21T02:35:17.543926,2,6,1493.23,204,120,47,2,16,0.848,main,162.03,success,0.3511
build_01922,2025-07-27T13:35:17.543926,13,6,2045.63,680,246,42,8,8,0.768,feature,228.2,success,0.9128
build_01923,2025-12-09T00:35:17.543926,0,1,924.5,1411,53,26,4,4,0.528,feature,151.06,success,0.3021
build_01924,2025-12-10T18:35:17.543926,18,2,1561.38,477,91,42,4,4,0.786,feature,160.91,failed,0.3218
build_01925,2025-11-12T08:35:17.543926,8,2,61.01,514,102,43,2,16,0.691,feature,63.77,success,0.1382
build_01926,2025-07-31T14:35:17.543926,14,3,733.18,226,342,41,8,8,0.642,feature,217.84,success,0.8714
build_01927,2025-12-05T11:35:17.543926,11,4,1502.38,660,131,42,4,4,0.511,main,308.98,success,0.618
build_01928,2025-12-26T15:35:17.543926,15,4,5422.68,168,121,32,16,16,0.846,main,188.34,success,1.5067
build_01929,2025-11-13T22:35:17.543926,22,3,2014.19,691,123,43,2,8,0.952,main,210.97,success,0.3165
build_01930,2025-08-27T13:35:17.543926,13,2,5459.78,397,98,41,8,16,0.852,main,328.06,success,1.531
build_01931,2025-08-04T14:35:17.543926,14,0,858.13,438,567,34,16,4,0.778,main,400.24,success,2.8017
build_01932,2026-01-08T05:35:17.543926,5,3,968.68,45,19,55,16,8,0.821,main,46.26,success,0.3393
build_01933,2025-11-03T17:35:17.543926,17,0,2170.01,661,69,39,2,16,0.939,release,268.69,success,0.5822
build_01934,2025-11-19T18:35:17.543926,18,2,8.19,121,93,44,8,8,0.411,feature,55.04,success,0.2202
build_01935,2025-11-28T16:35:17.543926,16,4,8501.77,1052,85,61,2,4,0.62,feature,944.58,failed,1.102
build_01936,2025-11-09T19:35:17.543926,19,6,2540.35,380,36,46,2,4,0.614,feature,215.82,success,0.2518
build_01937,2025-12-24T10:35:17.543926,10,2,494.74,422,174,26,4,8,0.745,feature,152.13,success,0.355
build_01938,2025-10-24T17:35:17.543926,17,4,19.95,7759,186,37,4,8,0.716,feature,451.62,success,1.0538
build_01939,2026-01-14T18:35:17.543926,18,2,2153.12,136,181,40,4,4,0.959,main,244.28,success,0.4886
build_01940,2025-09-02T00:35:17.543926,0,1,1475.22,791,237,53,4,4,0.542,main,353.07,success,0.7061
build_01941,2025-08-09T06:35:17.543926,6,5,64.21,87,8,49,2,4,0.837,feature,21.55,success,0.0251
build_01942,2025-08-13T05:35:17.543926,5,2,361.44,588,174,32,2,8,0.942,main,119.23,success,0.1788
build_01943,2025-09-21T09:35:17.543926,9,6,337.35,63,19,67,2,4,0.888,release,73.32,success,0.0855
build_01944,2026-01-06T06:35:17.543926,6,1,529.13,441,9,41,2,16,0.849,feature,49.44,success,0.1071
build_01945,2025-09-21T04:35:17.543926,4,6,1409.99,45,186,30,16,4,0.716,feature,118.59,success,0.8301
build_01946,2025-10-01T15:35:17.543926,15,2,107.21,312,92,40,2,16,0.83,main,93.62,success,0.2028
build_01947,2025-12-13T14:35:17.543926,14,5,2430.6,137,93,36,2,8,0.911,main,233.67,success,0.3505
build_01948,2025-10-11T03:35:17.543926,3,5,7978.57,385,110,41,2,8,0.839,feature,465.27,success,0.6979
build_01949,2025-11-10T00:35:17.543926,0,0,6743.79,109,916,34,4,16,0.646,main,721.34,success,2.164
build_01950,2025-10-01T22:35:17.543926,22,2,9123.62,108,596,46,2,16,0.656,hotfix,567.3,success,1.2291
build_01951,2025-10-07T10:35:17.543926,10,1,7551.12,427,148,51,4,16,0.711,main,717.47,success,2.1524
build_01952,2025-10-26T00:35:17.543926,0,6,769.03,138,28,58,16,8,0.759,feature,41.08,success,0.3012
build_01953,2025-12-11T21:35:17.543926,21,3,5719.36,5365,36,35,4,4,0.628,main,663.26,success,1.3265
build_01954,2025-09-05T13:35:17.543926,13,4,3292.15,751,59,32,16,8,0.597,main,235.35,success,1.7259
build_01955,2025-10-25T01:35:17.543926,1,5,1173.43,93,248,41,4,32,0.943,feature,93.28,success,0.4042
build_01956,2025-09-06T14:35:17.543926,14,5,3848.32,1401,255,41,16,8,0.919,feature,258.58,success,1.8962
build_01957,2025-11-04T14:35:17.543926,14,1,2909.94,310,244,36,4,32,0.458,main,328.33,success,1.4228
build_01958,2025-09-27T05:35:17.543926,5,5,4374.91,173,279,37,2,8,0.748,release,475.17,success,0.7128
build_01959,2025-08-26T21:35:17.543926,21,1,3309.73,101,24,53,2,4,0.514,feature,311.06,success,0.3629
build_01960,2026-01-15T21:35:17.543926,21,3,4607.16,579,307,65,16,4,0.792,release,415.9,success,2.9113
build_01961,2025-07-26T14:35:17.543926,14,5,4846.79,454,271,47,2,4,0.939,main,627.05,success,0.7316
build_01962,2025-10-12T18:35:17.543926,18,6,1356.17,441,50,45,8,8,0.713,main,97.29,success,0.3892
build_01963,2025-08-21T10:35:17.543926,10,3,474.64,1443,409,53,4,8,0.825,main,385.89,success,0.9004
build_01964,2025-08-05T01:35:17.543926,1,1,3720.59,447,35,31,2,32,0.921,release,229.89,success,0.8046
build_01965,2025-12-02T10:35:17.543926,10,1,6884.57,198,124,40,4,4,0.649,feature,688.6,failed,1.3772
build_01966,2025-08-12T12:35:17.543926,12,1,183.0,2002,1499,38,8,4,0.478,main,1304.45,success,4.783
build_01967,2025-08-23T12:35:17.543926,12,5,2747.99,124,143,45,8,4,0.786,main,315.55,success,1.157
build_01968,2025-09-05T03:35:17.543926,3,4,1460.39,73,835,55,8,16,0.821,feature,204.74,success,0.9554
build_01969,2025-07-25T00:35:17.543926,0,4,8050.44,580,68,34,2,8,0.702,main,616.02,success,0.924
build_01970,2025-10-06T04:35:17.543926,4,0,300.24,1999,1635,47,2,4,0.608,feature,1005.84,success,1.1735
build_01971,2025-09-23T07:35:17.543926,7,1,4660.21,150,69,40,2,4,0.777,hotfix,283.17,success,0.3304
build_01972,2025-11-14T05:35:17.543926,5,4,261.82,167,279,46,4,32,0.842,feature,78.67,success,0.3409
build_01973,2025-12-21T23:35:17.543926,23,6,23.43,309,461,54,2,8,0.864,main,269.49,success,0.4042
build_01974,2025-09-23T00:35:17.543926,0,1,557.24,299,233,72,2,8,0.843,main,204.83,success,0.3072
build_01975,2025-12-01T18:35:17.543926,18,0,444.55,174,473,29,8,4,0.883,feature,218.02,success,0.7994
build_01976,2025-12-28T04:35:17.543926,4,6,2445.26,520,195,45,2,4,0.55,main,386.79,failed,0.4513
build_01977,2025-10-13T13:35:17.543926,13,0,1309.96,1343,2534,62,2,16,0.871,release,2213.02,failed,4.7949
build_01978,2025-10-06T22:35:17.543926,22,0,245.77,84,274,48,4,16,0.87,hotfix,90.07,success,0.2702
build_01979,2025-12-02T12:35:17.543926,12,1,4087.37,153,180,50,4,8,0.561,release,617.5,success,1.4408
build_01980,2025-10-28T06:35:17.543926,6,1,193.98,396,175,69,16,8,0.733,feature,68.12,success,0.4996
build_01981,2025-12-14T11:35:17.543926,11,6,1269.79,2170,657,38,16,4,0.651,feature,433.67,failed,3.0357
build_01982,2025-08-17T15:35:17.543926,15,6,18227.2,271,294,40,2,16,0.819,hotfix,1056.27,success,2.2886
build_01983,2025-09-19T16:35:17.543926,16,4,26146.94,2220,163,40,2,4,0.925,feature,2263.24,failed,2.6404
build_01984,2025-09-13T13:35:17.543926,13,5,4690.15,626,124,46,2,16,0.553,feature,470.51,success,1.0194
build_01985,2025-08-11T22:35:17.543926,22,0,8700.87,1071,435,43,4,8,0.561,feature,695.53,success,1.6229
build_01986,2025-09-12T21:35:17.543926,21,4,1631.92,2228,106,44,2,8,0.716,release,279.27,success,0.4189
build_01987,2025-10-25T15:35:17.543926,15,5,1709.18,347,7,39,2,4,0.979,feature,163.35,failed,0.1906
build_01988,2025-07-30T20:35:17.543926,20,2,345.01,105,151,39,8,8,0.689,main,84.55,success,0.3382
build_01989,2025-11-05T19:35:17.543926,19,2,5845.82,531,228,37,4,8,0.903,feature,396.65,success,0.9255
build_01990,2025-12-03T06:35:17.543926,6,2,311.07,414,314,23,2,8,0.756,release,218.9,success,0.3284
build_01991,2025-11-19T06:35:17.543926,6,2,521.43,265,1841,33,2,8,0.355,release,1879.51,success,2.8193
build_01992,2025-12-21T07:35:17.543926,7,6,62.55,183,68,25,2,4,0.774,feature,47.53,success,0.0555
build_01993,2025-07-27T02:35:17.543926,2,6,621.92,127,307,34,4,8,0.751,main,245.9,success,0.5738
build_01994,2025-07-29T16:35:17.543926,16,1,440.64,315,107,44,4,4,0.81,feature,127.91,success,0.2558
build_01995,2025-10-03T11:35:17.543926,11,4,4371.12,464,145,34,16,8,0.589,feature,277.75,success,2.0368
build_01996,2025-09-05T09:35:17.543926,9,4,567.92,1283,69,35,8,8,0.822,release,161.75,success,0.647
build_01997,2025-08-14T13:35:17.543926,13,3,1910.25,725,74,34,4,16,0.747,feature,195.68,success,0.587
build_01998,2025-11-22T05:35:17.543926,5,5,2302.51,261,214,59,4,4,0.848,feature,233.13,success,0.4663
build_01999,2025-10-19T08:35:17.543926,8,6,20467.3,264,131,47,4,16,0.657,main,1166.7,success,3.5001
build_02000,2026-01-16T20:35:17.543926,20,4,2667.0,480,143,29,2,4,0.593,feature,294.76,failed,0.3439
build_02001,2025-09-20T15:35:17.543926,15,5,3565.73,85,24,44,2,4,0.72,release,439.45,success,0.5127
build_02002,2025-08-17T06:35:17.543926,6,6,329.34,736,338,52,2,8,0.607,feature,234.99,success,0.3525
build_02003,2025-10-26T23:35:17.543926,23,6,4289.08,112,8,59,4,16,0.516,feature,229.98,success,0.6899
build_02004,2025-10-13T02:35:17.543926,2,0,367.87,1509,741,59,2,8,0.873,feature,422.99,success,0.6345
build_02005,2025-12-31T02:35:17.543926,2,2,555.22,368,532,46,2,16,0.685,release,406.88,success,0.8816
build_02006,2025-07-27T10:35:17.543926,10,6,874.5,1260,34,53,8,4,0.757,feature,141.28,success,0.518
build_02007,2025-12-30T02:35:17.543926,2,1,1290.81,376,428,23,8,8,0.634,hotfix,179.47,failed,0.7179
build_02008,2025-09-16T08:35:17.543926,8,1,303.08,116,511,50,2,4,0.773,feature,332.69,success,0.3881
build_02009,2025-08-20T12:35:17.543926,12,2,20937.03,698,727,50,2,4,0.666,feature,2237.49,success,2.6104
build_02010,2025-08-21T09:35:17.543926,9,3,10907.26,1655,6,42,2,32,0.712,feature,747.32,success,2.6156
build_02011,2025-07-29T09:35:17.543926,9,1,102.46,245,51,37,4,8,0.963,feature,42.98,success,0.1003
build_02012,2025-08-28T10:35:17.543926,10,3,492.14,203,132,50,4,8,0.713,release,161.54,success,0.3769
build_02013,2025-10-21T22:35:17.543926,22,1,251.1,98,1651,44,16,4,0.5,release,969.73,success,6.7881
build_02014,2025-10-11T09:35:17.543926,9,5,3304.5,150,197,45,4,8,0.68,feature,353.46,success,0.8247
build_02015,2025-09-04T17:35:17.543926,17,3,483.51,163,390,34,2,16,0.741,feature,245.82,success,0.5326
build_02016,2025-09-03T00:35:17.543926,0,2,778.95,428,126,53,16,32,0.706,feature,31.35,success,0.2926
build_02017,2025-09-29T15:35:17.543926,15,0,486.23,1371,238,46,16,4,0.851,feature,159.95,success,1.1196
build_02018,2025-11-16T18:35:17.543926,18,6,7712.65,131,101,91,4,8,0.529,feature,473.04,success,1.1038
build_02019,2025-12-21T11:35:17.543926,11,6,1376.21,160,309,34,2,4,0.579,hotfix,324.16,failed,0.3782
build_02020,2025-08-14T13:35:17.543926,13,3,1166.03,1736,427,29,4,16,0.616,feature,310.21,success,0.9306
build_02021,2025-10-12T19:35:17.543926,19,6,199.49,1164,1594,58,16,4,0.924,main,640.74,success,4.4852
build_02022,2025-08-10T17:35:17.543926,17,6,2705.55,53,353,53,2,16,0.754,feature,406.02,success,0.8797
build_02023,2025-10-05T03:35:17.543926,3,6,536.03,159,3224,41,2,8,0.614,feature,2045.36,success,3.068
build_02024,2025-10-31T22:35:17.543926,22,4,959.02,210,186,51,4,4,0.504,main,215.88,success,0.4318
build_02025,2025-10-09T15:35:17.543926,15,3,1361.72,400,266,35,8,4,0.737,release,323.6,success,1.1865
build_02026,2025-11-21T07:35:17.543926,7,4,615.94,244,209,52,2,8,0.783,feature,164.11,success,0.2462
build_02027,2025-09-19T02:35:17.543926,2,4,276.08,901,1391,51,4,4,0.497,feature,881.0,success,1.762
build_02028,2025-12-24T05:35:17.543926,5,2,373.72,503,187,43,2,4,0.809,release,145.04,success,0.1692
build_02029,2025-11-22T09:35:17.543926,9,5,804.24,393,257,71,8,4,0.523,feature,257.62,success,0.9446
build_02030,2025-12-09T15:35:17.543926,15,1,982.97,474,258,47,2,4,0.767,feature,298.28,success,0.348
build_02031,2025-09-19T13:35:17.543926,13,4,767.4,354,270,63,2,8,0.805,feature,267.99,success,0.402
build_02032,2025-12-07T02:35:17.543926,2,6,5187.04,220,403,55,4,4,0.682,feature,695.95,success,1.3919
build_02033,2025-08-03T19:35:17.543926,19,6,191.23,350,2963,51,2,4,0.527,feature,1901.1,success,2.218
build_02034,2025-08-04T16:35:17.543926,16,0,856.42,401,151,34,4,4,0.272,feature,241.16,success,0.4823
build_02035,2025-11-30T09:35:17.543926,9,6,27965.19,24,1370,54,4,32,0.654,feature,1838.37,success,7.9663
build_02036,2025-10-18T10:35:17.543926,10,5,453.87,193,104,38,8,8,0.774,feature,88.86,success,0.3555
build_02037,2025-09-05T13:35:17.543926,13,4,9112.43,177,489,61,2,16,0.652,release,1466.56,success,3.1775
build_02038,2025-11-09T08:35:17.543926,8,6,765.14,327,93,35,8,4,0.359,hotfix,111.78,success,0.4099
build_02039,2025-09-21T06:35:17.543926,6,6,1585.98,472,15,61,8,16,0.493,feature,78.62,success,0.3669
build_02040,2025-11-14T06:35:17.543926,6,4,1087.76,409,494,61,4,8,0.722,hotfix,227.86,success,0.5317
build_02041,2026-01-15T11:35:17.543926,11,3,70.58,1036,102,48,2,8,0.746,feature,125.2,success,0.1878
build_02042,2025-12-16T08:35:17.543926,8,1,284.95,68,153,49,8,4,0.717,feature,101.88,success,0.3736
build_02043,2025-10-04T01:35:17.543926,1,5,650.04,453,532,31,2,16,0.437,feature,329.52,success,0.714
build_02044,2025-12-26T01:35:17.543926,1,4,177.03,469,333,45,2,4,0.924,main,247.34,success,0.2886
build_02045,2025-08-14T19:35:17.543926,19,3,451.2,1173,227,29,2,16,0.665,main,187.91,success,0.4071
build_02046,2025-11-24T09:35:17.543926,9,0,11745.46,497,193,59,16,32,0.8,hotfix,151.82,success,1.417
build_02047,2025-11-19T05:35:17.543926,5,2,1944.6,1471,180,43,4,32,0.709,main,145.42,success,0.6302
build_02048,2025-11-07T02:35:17.543926,2,4,250.44,632,56,28,2,8,0.957,feature,53.55,success,0.0803
build_02049,2025-12-17T18:35:17.543926,18,2,2130.86,583,304,46,2,4,0.789,feature,273.94,failed,0.3196
build_02050,2025-09-02T06:35:17.543926,6,1,321.87,540,45,58,16,16,0.696,feature,23.24,success,0.1859
build_02051,2025-09-07T07:35:17.543926,7,6,1441.15,361,693,28,8,32,0.599,feature,177.63,success,1.0658
build_02052,2025-09-05T16:35:17.543926,16,4,523.23,357,218,69,4,4,0.968,main,249.93,success,0.4999
build_02053,2025-09-29T20:35:17.543926,20,0,2263.65,610,175,67,4,8,0.79,feature,224.99,success,0.525
build_02054,2025-07-30T13:35:17.543926,13,2,1704.15,281,170,30,2,8,0.524,main,359.78,success,0.5397
build_02055,2026-01-17T11:35:17.543926,11,5,2245.71,271,1119,48,2,16,0.682,release,1183.48,success,2.5642
build_02056,2025-10-13T23:35:17.543926,23,0,847.0,122,39,49,2,8,0.548,main,104.97,success,0.1575
build_02057,2025-08-29T09:35:17.543926,9,4,614.42,121,63,28,4,4,0.8,main,131.06,success,0.2621
build_02058,2025-11-27T17:35:17.543926,17,3,663.8,147,1714,51,4,16,0.879,release,1066.96,success,3.2009
build_02059,2026-01-10T21:35:17.543926,21,5,266.0,1379,468,26,2,16,0.362,feature,288.25,success,0.6245
build_02060,2025-12-28T10:35:17.543926,10,6,3273.36,768,30,60,8,8,0.632,release,346.97,success,1.3879
build_02061,2025-10-04T03:35:17.543926,3,5,4871.96,153,239,40,16,4,0.776,feature,395.13,success,2.7659
build_02062,2025-11-02T03:35:17.543926,3,6,217.4,402,18,49,4,32,0.622,main,22.63,success,0.0981
build_02063,2025-10-25T04:35:17.543926,4,5,2257.95,728,2745,42,8,8,0.773,feature,1244.33,success,4.9773
build_02064,2025-12-07T17:35:17.543926,17,6,1062.37,673,172,53,4,16,0.732,hotfix,117.5,success,0.3525
build_02065,2025-07-25T04:35:17.543926,4,4,612.77,111,254,59,2,16,0.923,main,191.08,success,0.414
build_02066,2025-10-19T17:35:17.543926,17,6,190.18,420,42,40,2,16,0.71,hotfix,60.35,success,0.1308
build_02067,2025-10-06T20:35:17.543926,20,0,231.31,347,734,16,4,8,0.816,feature,282.74,success,0.6597
build_02068,2025-11-07T11:35:17.543926,11,4,12586.75,157,41,47,2,4,0.844,hotfix,998.65,success,1.1651
build_02069,2025-12-17T04:35:17.543926,4,2,460.57,3891,866,57,2,16,0.28,feature,599.58,success,1.2991
build_02070,2026-01-11T17:35:17.543926,17,6,1919.85,307,103,48,4,8,0.921,feature,168.64,success,0.3935
build_02071,2025-12-13T17:35:17.543926,17,5,130.41,55,355,62,2,8,0.692,feature,281.49,success,0.4222
build_02072,2025-08-31T20:35:17.543926,20,6,376.99,485,161,56,8,32,0.918,feature,29.55,success,0.1773
build_02073,2025-12-31T09:35:17.543926,9,2,3261.66,157,94,31,2,8,0.963,feature,255.1,success,0.3826
build_02074,2025-12-13T16:35:17.543926,16,5,339.31,671,154,46,4,4,0.652,feature,164.72,success,0.3294
build_02075,2025-11-01T15:35:17.543926,15,5,450.18,407,1041,41,2,4,0.717,feature,725.32,success,0.8462
build_02076,2025-08-08T19:35:17.543926,19,4,472.3,209,312,64,16,8,0.876,feature,86.84,success,0.6368
build_02077,2025-12-30T08:35:17.543926,8,1,3013.43,603,62,53,2,4,0.832,main,310.79,failed,0.3626
build_02078,2025-11-01T08:35:17.543926,8,5,1983.28,227,98,51,2,8,0.78,main,182.5,success,0.2738
build_02079,2025-12-22T21:35:17.543926,21,0,683.16,214,17,54,8,16,0.529,release,51.23,success,0.2391
build_02080,2025-11-05T12:35:17.543926,12,2,30.15,73,138,28,2,4,0.593,feature,141.79,success,0.1654
build_02081,2025-11-27T04:35:17.543926,4,3,82.05,223,91,67,2,8,0.809,feature,65.83,success,0.0987
build_02082,2025-10-20T18:35:17.543926,18,0,98.91,1490,33,40,2,16,0.839,feature,64.75,success,0.1403
build_02083,2025-11-03T02:35:17.543926,2,0,3737.14,119,906,45,2,4,0.648,feature,831.53,success,0.9701
build_02084,2025-11-12T19:35:17.543926,19,2,1757.48,163,65,52,2,8,0.944,feature,111.68,success,0.1675
build_02085,2025-11-28T18:35:17.543926,18,4,339.66,781,21,47,8,8,0.643,feature,45.49,success,0.182
build_02086,2025-10-21T20:35:17.543926,20,1,2960.94,1364,54,36,2,4,0.633,hotfix,229.58,success,0.2678
build_02087,2025-09-09T10:35:17.543926,10,1,1455.88,564,55,65,2,16,0.817,feature,146.3,success,0.317
build_02088,2025-11-07T04:35:17.543926,4,4,5139.32,608,262,43,4,8,0.684,feature,407.93,success,0.9518
build_02089,2025-09-20T14:35:17.543926,14,5,284.45,578,170,59,4,8,0.718,main,176.17,success,0.4111
build_02090,2025-11-29T06:35:17.543926,6,5,1196.6,339,34,50,2,32,0.567,main,117.05,success,0.4097
build_02091,2025-08-31T06:35:17.543926,6,6,15822.26,4462,54,45,4,4,0.716,feature,1240.25,success,2.4805
build_02092,2025-08-14T11:35:17.543926,11,3,232.24,745,89,45,8,4,0.604,main,119.24,success,0.4372
build_02093,2025-11-11T18:35:17.543926,18,1,679.99,238,189,31,2,4,0.564,main,192.04,failed,0.224
build_02094,2025-12-12T06:35:17.543926,6,4,8510.71,81,214,51,2,4,0.916,main,705.93,success,0.8236
build_02095,2025-11-29T07:35:17.543926,7,5,1321.92,706,181,31,4,16,0.9,feature,122.47,success,0.3674
build_02096,2026-01-15T13:35:17.543926,13,3,3759.77,405,634,41,2,4,0.65,feature,594.96,success,0.6941
build_02097,2025-10-09T19:35:17.543926,19,3,27626.66,302,118,43,4,8,0.887,hotfix,1230.68,success,2.8716
build_02098,2025-12-14T17:35:17.543926,17,6,647.38,3347,659,38,8,4,0.721,feature,573.67,success,2.1035
build_02099,2025-12-12T00:35:17.543926,0,4,16534.81,462,50,31,4,8,0.743,feature,985.97,success,2.3006
build_02100,2025-08-20T01:35:17.543926,1,2,2391.13,370,185,35,16,16,0.637,release,98.4,success,0.7872
build_02101,2025-11-17T17:35:17.543926,17,0,1445.71,791,50,67,2,8,0.942,feature,154.75,success,0.2321
build_02102,2026-01-18T23:35:17.543926,23,6,165746.04,831,327,34,8,8,0.549,feature,8768.36,success,35.0735
build_02103,2025-09-27T14:35:17.543926,14,5,106.33,2821,305,42,4,4,0.819,feature,376.92,failed,0.7538
build_02104,2025-11-08T00:35:17.543926,0,5,400.76,262,435,50,2,4,0.802,feature,268.03,success,0.3127
build_02105,2025-12-24T12:35:17.543926,12,2,7914.53,263,740,58,4,16,0.889,release,1171.59,success,3.5148
build_02106,2026-01-05T11:35:17.543926,11,0,7788.83,124,113,43,2,4,0.871,release,979.85,success,1.1432
build_02107,2025-08-24T15:35:17.543926,15,6,950.5,1084,10,28,4,4,0.858,hotfix,105.95,success,0.2119
build_02108,2025-12-02T15:35:17.543926,15,1,422.45,353,40,32,16,4,0.776,main,65.96,success,0.4617
build_02109,2025-08-09T17:35:17.543926,17,5,11886.44,1274,7,53,4,4,0.836,feature,1146.52,success,2.293
build_02110,2025-09-25T03:35:17.543926,3,3,889.34,658,50,38,4,16,0.741,release,95.22,success,0.2857
build_02111,2025-09-16T04:35:17.543926,4,1,3367.96,410,415,60,4,4,0.83,main,450.43,failed,0.9009
build_02112,2025-10-02T04:35:17.543926,4,3,13320.03,336,60,37,4,32,0.656,feature,432.77,success,1.8753
build_02113,2025-09-20T01:35:17.543926,1,5,3727.67,617,82,31,16,8,0.674,feature,172.48,success,1.2649
build_02114,2025-11-17T04:35:17.543926,4,0,4861.1,125,177,40,2,8,0.831,feature,369.01,success,0.5535
build_02115,2025-12-22T23:35:17.543926,23,0,1156.89,65,1134,44,8,32,0.692,main,225.28,success,1.3517
build_02116,2025-10-15T09:35:17.543926,9,2,2772.67,974,100,39,2,32,0.545,feature,295.25,success,1.0334
build_02117,2025-10-18T04:35:17.543926,4,5,369.25,353,1366,38,8,4,0.634,feature,713.14,success,2.6149
build_02118,2025-11-06T18:35:17.543926,18,3,1263.73,811,151,26,2,8,0.942,feature,171.77,success,0.2577
build_02119,2025-11-29T10:35:17.543926,10,5,4489.23,363,160,41,2,4,0.815,feature,489.01,success,0.5705
build_02120,2025-12-06T06:35:17.543926,6,5,4101.33,154,235,36,16,4,0.73,feature,271.99,success,1.9039
build_02121,2025-12-16T06:35:17.543926,6,1,209.56,1172,265,46,4,4,0.627,main,247.98,success,0.496
build_02122,2025-12-31T12:35:17.543926,12,2,1312.76,147,243,53,2,16,0.853,feature,211.77,success,0.4588
build_02123,2025-08-11T13:35:17.543926,13,0,1326.09,499,2413,75,4,8,0.843,main,1872.55,success,4.3693
build_02124,2025-10-16T08:35:17.543926,8,3,412.06,323,98,44,4,16,0.839,release,85.74,success,0.2572
build_02125,2025-11-01T13:35:17.543926,13,5,395.62,547,364,34,8,4,0.965,hotfix,146.02,success,0.5354
build_02126,2025-11-24T11:35:17.543926,11,0,855.25,2371,115,65,4,8,0.632,feature,238.02,success,0.5554
build_02127,2025-08-10T21:35:17.543926,21,6,13315.09,335,66,50,16,16,0.708,feature,331.18,success,2.6495
build_02128,2026-01-05T07:35:17.543926,7,0,278.21,472,69,36,2,8,0.765,main,91.34,success,0.137
build_02129,2025-09-24T22:35:17.543926,22,2,23574.48,163,465,35,2,8,0.926,main,1854.18,success,2.7813
build_02130,2026-01-02T08:35:17.543926,8,4,1383.22,148,44,40,2,16,0.707,feature,128.51,success,0.2784
build_02131,2025-08-18T20:35:17.543926,20,0,41797.89,358,712,32,2,8,0.774,feature,2789.25,success,4.1839
build_02132,2026-01-07T21:35:17.543926,21,2,3389.6,489,439,38,8,16,0.651,feature,250.14,success,1.1673
build_02133,2026-01-07T19:35:17.543926,19,2,1415.46,1615,243,53,4,4,0.636,feature,345.83,success,0.6917
build_02134,2025-08-19T08:35:17.543926,8,1,3998.81,142,32,44,4,16,0.778,main,215.69,success,0.6471
build_02135,2026-01-01T17:35:17.543926,17,3,813.02,2073,103,46,2,8,0.867,release,313.74,success,0.4706
build_02136,2025-09-19T00:35:17.543926,0,4,7925.22,96,97,47,2,16,0.542,feature,485.86,success,1.0527
build_02137,2025-10-08T06:35:17.543926,6,2,25519.98,816,466,38,4,4,0.654,hotfix,1512.46,failed,3.0249
build_02138,2025-08-27T21:35:17.543926,21,2,13135.46,1143,83,41,4,4,0.863,feature,766.85,failed,1.5337
build_02139,2025-08-11T14:35:17.543926,14,0,5060.63,245,897,46,2,16,0.931,feature,847.63,failed,1.8365
build_02140,2025-12-18T19:35:17.543926,19,3,496.7,1855,202,37,16,16,0.831,release,77.3,success,0.6184
build_02141,2025-11-06T05:35:17.543926,5,3,4594.84,2756,54,35,8,16,0.717,feature,205.33,success,0.9582
build_02142,2025-12-31T11:35:17.543926,11,2,290.04,654,679,47,4,8,0.876,feature,344.58,success,0.804
build_02143,2025-12-21T23:35:17.543926,23,6,2676.77,145,16,57,8,8,0.768,main,175.8,success,0.7032
build_02144,2025-12-27T21:35:17.543926,21,5,1778.79,315,675,35,16,4,0.591,main,359.87,failed,2.5191
build_02145,2025-12-10T10:35:17.543926,10,2,168.82,95,80,62,2,4,0.743,main,114.25,success,0.1333
build_02146,2025-08-02T17:35:17.543926,17,5,367.58,930,413,39,8,8,0.598,feature,278.89,success,1.1156
build_02147,2025-10-14T13:35:17.543926,13,1,1688.71,1045,293,26,16,16,0.581,release,158.78,success,1.2703
build_02148,2026-01-17T03:35:17.543926,3,5,8871.1,1414,191,39,2,32,0.818,feature,470.04,success,1.6451
build_02149,2025-11-08T17:35:17.543926,17,5,696.31,181,85,49,2,4,0.795,feature,127.15,success,0.1483
build_02150,2025-11-19T09:35:17.543926,9,2,430.46,1440,35,53,4,8,0.766,feature,114.36,success,0.2668
build_02151,2025-08-30T14:35:17.543926,14,5,1414.14,332,92,58,16,8,0.678,release,106.62,success,0.7818
build_02152,2025-12-15T09:35:17.543926,9,0,1568.45,1139,184,54,2,8,0.532,feature,285.35,success,0.428
build_02153,2025-12-02T18:35:17.543926,18,1,592.38,280,47,67,2,4,0.578,main,111.45,success,0.13
build_02154,2025-10-04T03:35:17.543926,3,5,526.6,502,49,55,8,16,0.361,main,57.62,success,0.2689
build_02155,2025-11-27T23:35:17.543926,23,3,1201.04,58,1133,43,4,4,0.852,main,652.82,success,1.3056
build_02156,2026-01-19T08:35:17.543926,8,0,566.33,366,750,37,2,4,0.592,feature,484.99,failed,0.5658
build_02157,2025-11-13T05:35:17.543926,5,3,9196.3,785,315,58,8,4,0.604,feature,701.62,success,2.5726
build_02158,2025-08-22T11:35:17.543926,11,4,454.32,620,309,39,4,8,0.871,feature,208.32,success,0.4861
build_02159,2025-07-27T19:35:17.543926,19,6,461.34,307,370,40,8,16,0.802,hotfix,75.22,success,0.351
build_02160,2026-01-01T21:35:17.543926,21,3,4847.8,157,699,48,4,8,0.693,feature,558.78,success,1.3038
build_02161,2025-11-14T00:35:17.543926,0,4,243.21,1170,13,37,8,8,0.654,release,62.13,success,0.2485
build_02162,2025-12-17T20:35:17.543926,20,2,58.5,1409,37,53,2,4,0.759,main,100.39,success,0.1171
build_02163,2025-12-11T11:35:17.543926,11,3,3532.46,44,42,29,8,32,0.515,feature,119.42,success,0.7165
build_02164,2025-10-07T12:35:17.543926,12,1,413.73,229,242,49,4,16,0.968,release,173.97,success,0.5219
build_02165,2025-10-16T11:35:17.543926,11,3,3318.11,81,1107,39,16,8,0.599,feature,606.54,success,4.448
build_02166,2025-11-09T22:35:17.543926,22,6,627.55,470,6,48,8,4,0.638,feature,46.54,success,0.1706
build_02167,2025-10-11T03:35:17.543926,3,5,23.02,83,89,34,4,32,0.841,feature,23.57,success,0.1022
build_02168,2025-10-07T03:35:17.543926,3,1,3160.49,460,46,58,4,32,0.661,hotfix,119.53,success,0.518
build_02169,2025-10-24T20:35:17.543926,20,4,2005.24,791,15,34,4,8,0.668,feature,133.33,success,0.3111
build_02170,2025-11-22T09:35:17.543926,9,5,2711.7,692,148,36,4,16,0.932,feature,243.51,success,0.7305
build_02171,2025-12-11T02:35:17.543926,2,3,3337.42,700,295,48,16,16,0.663,release,169.75,success,1.358
build_02172,2025-07-24T21:35:17.543926,21,3,18312.68,148,61,39,4,4,0.891,feature,1006.43,success,2.0129
build_02173,2025-11-12T20:35:17.543926,20,2,230.54,1100,15,67,8,8,0.548,feature,47.56,success,0.1902
build_02174,2025-10-01T05:35:17.543926,5,2,167.1,157,200,38,2,8,0.69,hotfix,96.54,success,0.1448
build_02175,2025-12-26T02:35:17.543926,2,4,1072.85,167,797,45,2,4,0.84,feature,442.75,success,0.5165
build_02176,2025-10-24T14:35:17.543926,14,4,444.25,223,75,32,2,4,0.681,main,145.34,success,0.1696
build_02177,2025-09-27T12:35:17.543926,12,5,2222.74,267,131,41,4,8,0.667,feature,236.66,success,0.5522
build_02178,2025-10-19T19:35:17.543926,19,6,955.64,437,491,36,2,4,0.806,main,433.07,failed,0.5053
build_02179,2025-09-25T11:35:17.543926,11,3,995.56,414,216,53,4,8,0.734,hotfix,172.1,success,0.4016
build_02180,2026-01-15T20:35:17.543926,20,3,312.8,279,171,52,2,8,0.669,feature,116.57,success,0.1749
build_02181,2025-10-06T05:35:17.543926,5,0,332.53,400,68,34,2,4,0.815,release,95.57,success,0.1115
build_02182,2025-11-04T02:35:17.543926,2,1,3841.21,258,297,34,2,8,0.798,feature,401.44,success,0.6022
build_02183,2025-08-19T04:35:17.543926,4,1,373.22,1158,163,33,16,4,0.885,release,147.22,success,1.0305
build_02184,2025-07-30T12:35:17.543926,12,2,70.7,918,63,44,4,8,0.66,hotfix,77.94,success,0.1819
build_02185,2026-01-15T04:35:17.543926,4,3,68.49,232,266,48,4,16,0.839,feature,104.53,failed,0.3136
build_02186,2025-08-10T13:35:17.543926,13,6,6829.43,620,989,49,4,4,0.686,release,1691.15,success,3.3823
build_02187,2025-08-14T21:35:17.543926,21,3,10243.21,93,45,28,2,4,0.766,feature,797.48,success,0.9304
build_02188,2025-09-16T03:35:17.543926,3,1,2330.9,769,620,38,4,8,0.458,feature,519.44,success,1.212
build_02189,2025-09-02T18:35:17.543926,18,1,6546.94,125,1422,45,8,8,0.961,feature,763.18,success,3.0527
build_02190,2025-12-30T12:35:17.543926,12,1,1519.09,228,161,48,2,8,0.803,feature,247.5,success,0.3712
build_02191,2025-11-21T10:35:17.543926,10,4,3924.63,923,215,75,8,4,0.835,feature,431.6,success,1.5825
build_02192,2025-07-28T22:35:17.543926,22,0,4477.37,197,737,63,2,4,0.639,feature,733.74,success,0.856
build_02193,2025-11-06T23:35:17.543926,23,3,762.77,549,36,32,8,4,0.709,hotfix,64.58,success,0.2368
build_02194,2025-08-10T17:35:17.543926,17,6,1093.23,1152,1350,53,2,4,0.828,feature,958.23,success,1.1179
build_02195,2025-08-18T22:35:17.543926,22,0,9831.97,1096,75,35,4,4,0.751,feature,667.59,failed,1.3352
build_02196,2025-09-19T02:35:17.543926,2,4,420.1,369,102,75,2,8,0.769,feature,105.3,success,0.158
build_02197,2025-08-17T04:35:17.543926,4,6,209.38,2816,106,40,2,8,0.874,feature,140.42,success,0.2106
build_02198,2025-07-28T20:35:17.543926,20,0,222.85,611,2729,59,8,4,0.336,release,2005.33,success,7.3529
build_02199,2025-10-11T07:35:17.543926,7,5,961.42,1006,24,42,2,16,0.82,feature,82.76,success,0.1793
build_02200,2025-09-06T18:35:17.543926,18,5,1388.78,401,219,42,2,16,0.843,feature,194.73,success,0.4219
build_02201,2025-08-09T06:35:17.543926,6,5,1727.27,195,12,67,4,8,0.539,main,152.56,success,0.356
build_02202,2025-12-21T02:35:17.543926,2,6,6369.62,233,1114,27,2,16,0.844,feature,734.72,success,1.5919
build_02203,2025-10-16T06:35:17.543926,6,3,1758.81,533,265,53,2,32,0.859,hotfix,157.92,success,0.5527
build_02204,2025-08-11T01:35:17.543926,1,0,762.41,959,156,59,4,8,0.493,release,223.39,success,0.5212
build_02205,2025-11-09T07:35:17.543926,7,6,777.08,372,85,36,16,4,0.551,main,102.02,success,0.7141
build_02206,2026-01-07T03:35:17.543926,3,2,432.59,156,70,40,8,16,0.971,feature,35.86,success,0.1673
build_02207,2026-01-14T18:35:17.543926,18,2,2341.36,172,13,45,4,16,0.673,feature,108.21,success,0.3246
build_02208,2025-12-15T01:35:17.543926,1,0,1139.8,630,196,40,16,8,0.78,feature,88.91,success,0.652
build_02209,2025-09-20T08:35:17.543926,8,5,1396.55,248,540,53,2,32,0.578,feature,311.94,success,1.0918
build_02210,2025-11-29T03:35:17.543926,3,5,52.23,1002,108,40,2,4,0.755,release,132.03,success,0.154
build_02211,2025-11-11T00:35:17.543926,0,1,5777.7,750,39,71,2,4,0.612,feature,432.34,failed,0.5044
build_02212,2025-09-13T12:35:17.543926,12,5,269.19,362,342,47,4,32,0.857,feature,127.51,success,0.5525
build_02213,2025-11-15T10:35:17.543926,10,5,1073.45,334,152,39,8,4,0.81,hotfix,151.63,failed,0.556
build_02214,2026-01-17T18:35:17.543926,18,5,2246.69,201,527,36,4,4,0.838,main,431.73,success,0.8635
build_02215,2025-09-01T21:35:17.543926,21,0,4364.34,134,106,22,16,4,0.934,feature,209.25,failed,1.4648
build_02216,2025-11-08T17:35:17.543926,17,5,400.98,165,48,19,8,8,0.833,main,60.51,success,0.242
build_02217,2025-08-13T00:35:17.543926,0,2,597.95,1391,127,62,16,8,0.681,hotfix,64.82,success,0.4753
build_02218,2025-11-25T14:35:17.543926,14,1,598.13,456,624,38,16,32,0.778,feature,105.97,success,0.9891
build_02219,2026-01-10T02:35:17.543926,2,5,6082.22,321,1701,48,16,16,0.679,feature,445.21,success,3.5617
build_02220,2026-01-19T13:35:17.543926,13,0,10689.64,322,2,48,4,4,0.892,feature,890.45,success,1.7809
build_02221,2025-12-11T19:35:17.543926,19,3,2305.43,2795,333,43,2,32,0.827,feature,246.61,success,0.8631
build_02222,2025-11-11T06:35:17.543926,6,1,156.56,112,80,51,4,8,0.95,feature,50.8,success,0.1185
build_02223,2025-08-31T02:35:17.543926,2,6,11880.13,77,63,42,2,4,0.492,release,1246.02,success,1.4537
build_02224,2025-08-14T08:35:17.543926,8,3,6211.27,380,234,48,8,8,0.67,feature,364.78,success,1.4591
build_02225,2025-12-09T03:35:17.543926,3,1,3318.69,593,203,48,2,32,0.454,feature,223.23,success,0.7813
build_02226,2025-08-02T04:35:17.543926,4,5,1607.66,1104,259,50,2,16,0.48,feature,262.04,success,0.5678
build_02227,2025-12-19T12:35:17.543926,12,4,1164.55,122,198,56,16,8,0.499,feature,145.1,success,1.0641
build_02228,2025-11-05T12:35:17.543926,12,2,1602.77,275,26,52,8,4,0.582,main,192.16,success,0.7046
build_02229,2026-01-13T19:35:17.543926,19,1,4446.86,160,958,52,8,8,0.617,main,848.17,failed,3.3927
build_02230,2025-12-29T08:35:17.543926,8,0,527.63,3074,341,69,16,4,0.899,feature,170.68,success,1.1947
build_02231,2025-08-07T09:35:17.543926,9,3,997.55,347,19,33,4,8,0.849,feature,104.74,success,0.2444
build_02232,2025-12-28T02:35:17.543926,2,6,247.51,253,416,41,2,8,0.74,feature,223.92,success,0.3359
build_02233,2025-08-12T15:35:17.543926,15,1,358.07,691,209,43,2,8,0.85,feature,205.8,success,0.3087
build_02234,2025-08-19T16:35:17.543926,16,1,1389.88,792,67,22,8,32,0.739,main,83.49,success,0.501
build_02235,2025-10-15T16:35:17.543926,16,2,363.4,57,38,42,8,4,0.366,hotfix,54.96,success,0.2015
build_02236,2025-11-19T08:35:17.543926,8,2,1090.79,141,27,41,8,16,0.811,feature,54.74,failed,0.2555
build_02237,2025-08-06T09:35:17.543926,9,2,2052.38,723,68,54,2,8,0.86,release,323.55,success,0.4853
build_02238,2025-09-26T22:35:17.543926,22,4,4427.72,1094,31,44,4,4,0.8,main,353.33,success,0.7067
build_02239,2025-08-30T02:35:17.543926,2,5,783.2,389,1012,19,2,4,0.714,feature,598.16,success,0.6979
build_02240,2025-12-31T12:35:17.543926,12,2,381.62,228,45,40,2,32,0.858,feature,52.94,success,0.1853
build_02241,2025-08-04T07:35:17.543926,7,0,5016.66,682,390,37,4,4,0.909,main,633.15,failed,1.2663
build_02242,2025-09-17T09:35:17.543926,9,2,5249.42,353,1098,32,2,4,0.785,feature,1150.29,success,1.342
build_02243,2025-10-25T16:35:17.543926,16,5,76.49,157,242,50,8,8,0.504,feature,141.27,success,0.5651
build_02244,2025-08-18T15:35:17.543926,15,0,111.94,2146,81,31,2,8,0.671,feature,149.87,success,0.2248
build_02245,2025-12-13T19:35:17.543926,19,5,1595.72,1794,68,44,4,16,0.64,release,196.44,success,0.5893
build_02246,2025-09-09T21:35:17.543926,21,1,381.39,238,46,57,2,4,0.643,feature,83.54,success,0.0975
build_02247,2025-08-26T07:35:17.543926,7,1,104.3,453,104,65,8,4,0.794,feature,74.6,success,0.2735
build_02248,2025-08-08T04:35:17.543926,4,4,3141.27,398,296,44,2,16,0.676,feature,266.23,success,0.5768
build_02249,2025-07-29T21:35:17.543926,21,1,32.7,1539,398,42,2,8,0.493,feature,259.46,success,0.3892
build_02250,2026-01-12T06:35:17.543926,6,0,746.74,72,25,49,16,16,0.823,feature,24.92,success,0.1994
build_02251,2025-08-14T22:35:17.543926,22,3,1300.12,1123,341,31,4,4,0.871,feature,254.59,success,0.5092
build_02252,2025-10-27T12:35:17.543926,12,0,5400.41,1653,452,55,4,32,0.562,feature,390.94,success,1.6941
build_02253,2025-12-10T13:35:17.543926,13,2,529.84,89,260,27,2,8,0.87,feature,188.87,success,0.2833
build_02254,2025-10-05T13:35:17.543926,13,6,3668.51,255,371,45,4,4,0.967,main,581.31,success,1.1626
build_02255,2025-09-17T12:35:17.543926,12,2,9330.44,719,28,43,2,16,0.653,feature,754.16,success,1.634
build_02256,2025-11-10T06:35:17.543926,6,0,141.71,801,386,30,2,4,0.888,feature,241.12,success,0.2813
build_02257,2025-08-16T01:35:17.543926,1,5,3727.94,1185,161,59,4,4,0.911,main,348.39,success,0.6968
build_02258,2025-10-18T02:35:17.543926,2,5,14118.0,190,31,51,4,8,0.573,hotfix,651.87,success,1.521
build_02259,2025-10-22T10:35:17.543926,10,2,425.33,287,97,38,2,8,0.874,feature,104.11,success,0.1562
build_02260,2025-11-22T04:35:17.543926,4,5,757.36,212,25,47,4,16,0.952,main,57.82,success,0.1735
build_02261,2026-01-11T05:35:17.543926,5,6,906.6,1831,361,44,8,8,0.761,feature,221.14,success,0.8846
build_02262,2025-08-17T22:35:17.543926,22,6,1890.96,576,147,41,16,8,0.548,feature,99.5,success,0.7297
build_02263,2025-11-16T07:35:17.543926,7,6,1077.06,539,25,60,4,8,0.363,feature,117.32,success,0.2737
build_02264,2025-08-10T05:35:17.543926,5,6,5451.89,1557,464,39,4,16,0.757,release,545.25,success,1.6357
build_02265,2025-11-13T01:35:17.543926,1,3,434.18,140,784,54,2,4,0.629,feature,456.98,failed,0.5331
build_02266,2025-12-23T05:35:17.543926,5,1,541.51,630,579,37,4,8,0.689,main,382.58,success,0.8927
build_02267,2025-08-26T20:35:17.543926,20,1,5498.8,121,147,54,16,32,0.808,feature,69.47,success,0.6484
build_02268,2025-10-18T01:35:17.543926,1,5,7741.33,77,232,38,4,8,0.658,main,656.43,success,1.5317
build_02269,2025-12-05T09:35:17.543926,9,4,10209.41,603,435,43,16,16,0.791,main,484.6,success,3.8768
build_02270,2026-01-11T15:35:17.543926,15,6,561.56,601,352,45,2,8,0.718,feature,325.05,success,0.4876
build_02271,2025-09-25T08:35:17.543926,8,3,235.81,488,334,37,4,8,0.968,feature,145.02,success,0.3384
build_02272,2025-09-14T00:35:17.543926,0,6,197.71,156,100,62,8,8,0.899,feature,55.3,success,0.2212
build_02273,2025-10-08T12:35:17.543926,12,2,294.79,433,524,39,4,8,0.86,feature,290.32,success,0.6774
build_02274,2025-12-10T19:35:17.543926,19,2,1349.03,777,205,58,8,4,0.666,feature,207.34,success,0.7603
build_02275,2025-11-02T10:35:17.543926,10,6,1100.86,2069,50,54,8,32,0.685,feature,75.42,success,0.4525
build_02276,2025-10-14T02:35:17.543926,2,1,180.59,158,92,66,4,16,0.633,feature,55.79,success,0.1674
build_02277,2026-01-17T01:35:17.543926,1,5,1074.97,435,205,29,4,8,0.505,feature,164.92,success,0.3848
build_02278,2025-08-24T05:35:17.543926,5,6,13150.07,54,185,37,16,8,0.391,feature,495.07,success,3.6305
build_02279,2025-10-26T17:35:17.543926,17,6,150.0,550,363,35,8,32,0.849,feature,94.72,success,0.5683
build_02280,2025-11-24T20:35:17.543926,20,0,229.78,193,872,54,4,4,0.712,feature,462.96,success,0.9259
build_02281,2025-11-07T06:35:17.543926,6,4,869.98,204,355,49,16,8,0.882,feature,116.06,failed,0.8511
build_02282,2025-09-01T03:35:17.543926,3,0,1345.72,2097,145,54,16,4,0.754,release,230.34,success,1.6124
build_02283,2026-01-17T15:35:17.543926,15,5,960.45,203,32,54,4,16,0.857,feature,76.63,success,0.2299
build_02284,2025-10-22T01:35:17.543926,1,2,808.86,290,46,43,8,4,0.859,release,99.58,success,0.3651
build_02285,2025-11-30T12:35:17.543926,12,6,583.64,284,239,76,4,8,0.551,main,243.73,failed,0.5687
build_02286,2025-11-13T00:35:17.543926,0,3,441.08,2525,62,58,4,8,0.514,feature,129.69,success,0.3026
build_02287,2025-10-24T10:35:17.543926,10,4,1264.6,201,350,46,2,4,0.575,feature,403.52,success,0.4708
build_02288,2026-01-03T03:35:17.543926,3,5,11050.11,164,520,37,4,32,0.823,feature,501.93,success,2.175
build_02289,2025-10-02T03:35:17.543926,3,3,21374.84,611,383,57,2,8,0.782,feature,1478.61,success,2.2179
build_02290,2025-12-18T14:35:17.543926,14,3,16756.71,701,105,51,2,8,0.739,feature,1503.29,success,2.2549
build_02291,2025-09-11T14:35:17.543926,14,3,518.03,2801,357,45,2,4,0.904,release,539.42,success,0.6293
build_02292,2025-07-25T05:35:17.543926,5,4,290.6,151,672,69,2,8,0.587,feature,419.21,success,0.6288
build_02293,2025-11-03T12:35:17.543926,12,0,356.6,145,40,23,4,4,0.937,main,76.89,success,0.1538
build_02294,2025-10-25T19:35:17.543926,19,5,282.64,777,129,47,2,4,0.968,main,130.05,success,0.1517
build_02295,2025-09-02T15:35:17.543926,15,1,739.04,356,298,22,4,8,0.761,hotfix,196.42,success,0.4583
build_02296,2026-01-19T02:35:17.543926,2,0,4023.7,786,118,58,8,8,0.739,release,327.87,success,1.3115
build_02297,2025-12-21T22:35:17.543926,22,6,314.43,68,142,62,4,4,0.632,feature,97.6,success,0.1952
build_02298,2025-10-09T23:35:17.543926,23,3,599.67,371,881,60,2,16,0.659,feature,439.91,success,0.9531
build_02299,2025-08-07T18:35:17.543926,18,3,1242.42,3571,316,39,8,4,0.73,main,433.63,success,1.59
build_02300,2025-08-02T07:35:17.543926,7,5,9160.62,669,49,37,4,8,0.896,feature,484.12,success,1.1296
build_02301,2025-09-03T05:35:17.543926,5,2,893.72,1508,255,42,8,4,0.829,main,217.84,success,0.7987
build_02302,2026-01-08T16:35:17.543926,16,3,1981.37,309,87,33,8,32,0.691,feature,84.42,success,0.5065
build_02303,2025-08-25T13:35:17.543926,13,0,1855.01,27,30,31,16,32,0.843,feature,35.63,success,0.3326
build_02304,2025-12-30T02:35:17.543926,2,1,2093.42,1361,1327,41,8,8,0.67,feature,583.51,success,2.334
build_02305,2025-12-30T02:35:17.543926,2,1,515.45,149,36,24,4,16,0.521,release,64.29,success,0.1929
build_02306,2025-10-12T09:35:17.543926,9,6,1243.69,188,25,47,8,32,0.512,hotfix,43.45,success,0.2607
build_02307,2025-12-10T00:35:17.543926,0,2,1905.07,860,389,39,8,8,0.501,release,322.69,failed,1.2908
build_02308,2025-09-30T02:35:17.543926,2,1,1731.15,97,42,36,8,32,0.596,feature,50.05,success,0.3003
build_02309,2025-12-24T16:35:17.543926,16,2,1849.04,240,931,66,16,4,0.606,release,824.03,success,5.7682
build_02310,2026-01-19T02:35:17.543926,2,0,1142.48,172,111,19,2,4,0.838,feature,143.56,success,0.1675
build_02311,2025-10-25T05:35:17.543926,5,5,662.69,125,46,32,4,4,0.631,hotfix,59.59,success,0.1192
build_02312,2025-11-26T10:35:17.543926,10,2,14520.96,812,193,50,2,16,0.652,feature,1241.67,success,2.6903
build_02313,2025-09-29T18:35:17.543926,18,0,4904.49,413,38,46,8,16,0.791,feature,170.57,success,0.796
build_02314,2025-08-20T02:35:17.543926,2,2,329.87,3597,42,35,4,8,0.394,feature,174.64,success,0.4075
build_02315,2025-10-02T21:35:17.543926,21,3,1485.95,484,106,38,4,4,0.57,feature,207.01,success,0.414
build_02316,2025-12-27T09:35:17.543926,9,5,1561.59,163,23,32,2,16,0.624,main,140.93,success,0.3054
build_02317,2025-10-19T14:35:17.543926,14,6,205.22,213,381,52,2,32,0.661,feature,243.2,success,0.8512
build_02318,2025-10-24T12:35:17.543926,12,4,48.04,1127,20,59,2,8,0.571,release,91.64,success,0.1375
build_02319,2025-09-27T02:35:17.543926,2,5,2550.66,764,51,55,4,8,0.883,feature,161.93,failed,0.3778
build_02320,2025-10-11T12:35:17.543926,12,5,308.12,266,595,50,2,8,0.981,hotfix,292.57,success,0.4389
build_02321,2025-11-09T21:35:17.543926,21,6,5933.06,1886,60,65,2,4,0.77,release,680.03,failed,0.7934
build_02322,2025-12-23T01:35:17.543926,1,1,4129.78,1617,43,46,2,8,0.52,hotfix,308.06,success,0.4621
build_02323,2025-10-11T11:35:17.543926,11,5,322.39,1861,384,32,2,8,0.854,feature,250.28,success,0.3754
build_02324,2025-12-31T07:35:17.543926,7,2,615.81,383,1063,49,4,8,0.85,feature,471.45,success,1.1
build_02325,2025-11-01T07:35:17.543926,7,5,12243.06,313,130,63,8,4,0.544,main,1126.68,success,4.1312
build_02326,2025-08-05T09:35:17.543926,9,1,98.77,221,131,28,8,8,0.914,feature,76.14,success,0.3046
build_02327,2025-12-17T13:35:17.543926,13,2,233.78,745,239,29,16,16,0.449,feature,81.9,success,0.6552
build_02328,2025-12-28T14:35:17.543926,14,6,646.96,603,48,43,2,8,0.447,hotfix,121.18,success,0.1818
build_02329,2025-12-31T14:35:17.543926,14,2,15100.16,370,32,57,4,8,0.432,feature,1200.19,success,2.8004
build_02330,2025-08-22T21:35:17.543926,21,4,6465.22,283,45,54,4,8,0.512,feature,505.0,success,1.1783
build_02331,2025-09-17T16:35:17.543926,16,2,117.83,165,129,42,2,8,0.937,hotfix,87.36,success,0.131
build_02332,2025-09-23T20:35:17.543926,20,1,176.38,399,398,40,8,8,0.734,release,219.48,success,0.8779
build_02333,2026-01-19T19:35:17.543926,19,0,4830.69,1131,1104,62,2,32,0.701,feature,629.92,success,2.2047
build_02334,2025-09-09T05:35:17.543926,5,1,1208.17,1946,36,70,2,4,0.817,feature,148.73,success,0.1735
build_02335,2025-10-17T13:35:17.543926,13,4,799.14,418,18,38,2,32,0.835,feature,66.45,success,0.2326
build_02336,2025-10-09T22:35:17.543926,22,3,11281.19,470,431,40,4,8,0.604,feature,835.55,success,1.9496
build_02337,2025-09-14T07:35:17.543926,7,6,176.95,2585,68,51,4,8,0.877,feature,100.83,failed,0.2353
build_02338,2025-07-30T16:35:17.543926,16,2,1021.66,1633,202,41,2,4,0.862,feature,266.79,success,0.3113
build_02339,2025-11-14T07:35:17.543926,7,4,81.94,464,476,22,4,16,0.754,release,280.04,success,0.8401
build_02340,2025-11-09T14:35:17.543926,14,6,6020.23,177,515,41,16,4,0.717,main,752.83,failed,5.2698
build_02341,2025-08-08T13:35:17.543926,13,4,1841.23,519,1323,42,4,16,0.726,feature,766.58,success,2.2997
build_02342,2025-10-28T18:35:17.543926,18,1,8614.81,211,132,43,2,8,0.746,hotfix,470.49,success,0.7057
build_02343,2025-09-11T05:35:17.543926,5,3,755.3,935,220,42,8,8,0.434,main,179.98,success,0.7199
build_02344,2025-12-13T11:35:17.543926,11,5,3542.09,2497,183,61,2,8,0.623,feature,556.68,success,0.835
build_02345,2025-10-18T01:35:17.543926,1,5,4095.15,83,324,42,4,8,0.44,feature,463.32,success,1.0811
build_02346,2025-08-27T09:35:17.543926,9,2,510.28,396,19,43,4,16,0.949,main,68.35,success,0.205
build_02347,2025-11-09T17:35:17.543926,17,6,394.82,109,50,57,4,4,0.865,feature,87.77,success,0.1755
build_02348,2025-12-14T03:35:17.543926,3,6,12241.7,444,285,43,4,4,0.557,feature,896.45,success,1.7929
build_02349,2025-12-29T13:35:17.543926,13,0,2330.05,428,166,34,8,8,0.832,feature,228.31,success,0.9132
build_02350,2025-12-23T09:35:17.543926,9,1,286.26,2093,38,60,8,8,0.872,feature,96.13,success,0.3845
build_02351,2025-12-14T20:35:17.543926,20,6,3053.3,1104,74,49,2,16,0.707,feature,236.35,success,0.5121
build_02352,2025-07-28T21:35:17.543926,21,0,1887.75,96,751,62,8,4,0.776,feature,443.24,success,1.6252
build_02353,2026-01-18T01:35:17.543926,1,6,1624.42,917,37,42,4,8,0.764,feature,128.58,success,0.3
build_02354,2025-12-03T05:35:17.543926,5,2,130.63,115,377,78,4,4,0.85,main,236.11,success,0.4722
build_02355,2025-08-24T12:35:17.543926,12,6,396.11,374,441,27,2,8,0.608,feature,403.01,success,0.6045
build_02356,2025-12-29T01:35:17.543926,1,0,496.76,136,15,41,2,16,0.643,feature,40.16,success,0.087
build_02357,2025-12-06T03:35:17.543926,3,5,594.54,272,74,51,2,4,0.899,release,88.53,success,0.1033
build_02358,2025-10-08T15:35:17.543926,15,2,4878.01,298,36,50,16,4,0.745,feature,344.09,success,2.4086
build_02359,2025-12-17T18:35:17.543926,18,2,7212.31,1258,139,63,4,4,0.418,main,921.14,success,1.8423
build_02360,2025-10-14T03:35:17.543926,3,1,5855.7,252,374,35,16,32,0.92,feature,88.37,success,0.8248
build_02361,2025-10-18T19:35:17.543926,19,5,669.83,1514,93,31,2,4,0.755,feature,142.65,success,0.1664
build_02362,2025-12-19T02:35:17.543926,2,4,337.8,587,886,54,2,32,0.93,feature,326.52,success,1.1428
build_02363,2025-08-04T04:35:17.543926,4,0,272.64,84,23,59,2,32,0.738,feature,26.7,success,0.0935
build_02364,2025-12-18T12:35:17.543926,12,3,223.63,551,60,40,2,32,0.303,main,93.56,success,0.3275
build_02365,2025-09-14T15:35:17.543926,15,6,1378.69,794,138,41,8,8,0.334,main,261.14,success,1.0445
build_02366,2025-10-05T13:35:17.543926,13,6,41.93,1224,385,44,16,32,0.563,feature,69.09,success,0.6448
build_02367,2025-09-04T15:35:17.543926,15,3,1753.44,203,172,43,2,8,0.229,feature,328.85,success,0.4933
build_02368,2025-09-07T08:35:17.543926,8,6,92.35,340,116,36,4,8,0.64,release,105.06,success,0.2451
build_02369,2025-12-28T01:35:17.543926,1,6,15341.23,176,211,34,2,8,0.856,feature,889.52,success,1.3343
build_02370,2025-12-15T14:35:17.543926,14,0,744.2,37,91,49,2,4,0.82,main,148.84,failed,0.1736
build_02371,2025-08-21T10:35:17.543926,10,3,863.9,145,41,32,2,16,0.373,hotfix,98.92,success,0.2143
build_02372,2025-12-09T19:35:17.543926,19,1,1007.9,201,14,51,4,8,0.594,feature,78.2,success,0.1825
build_02373,2025-11-28T23:35:17.543926,23,4,74.86,516,142,41,16,8,0.609,hotfix,43.52,success,0.3192
build_02374,2025-10-28T14:35:17.543926,14,1,1547.3,151,273,42,16,4,0.567,feature,246.32,success,1.7243
build_02375,2025-10-26T19:35:17.543926,19,6,826.53,239,137,37,16,32,0.652,feature,25.5,success,0.238
build_02376,2025-12-12T20:35:17.543926,20,4,1810.68,874,95,28,4,32,0.731,feature,99.07,success,0.4293
build_02377,2025-11-04T05:35:17.543926,5,1,274.34,705,484,54,2,8,0.659,feature,292.21,success,0.4383
build_02378,2025-10-11T01:35:17.543926,1,5,173.04,291,377,53,8,4,0.945,feature,169.2,success,0.6204
build_02379,2025-11-21T04:35:17.543926,4,4,2753.56,1310,28,58,4,32,0.812,hotfix,90.48,success,0.3921
build_02380,2025-12-02T19:35:17.543926,19,1,597.5,841,17,36,16,8,0.768,feature,41.61,success,0.3051
build_02381,2025-07-28T08:35:17.543926,8,0,1542.6,62,63,58,4,4,0.661,main,183.82,success,0.3676
build_02382,2025-07-27T02:35:17.543926,2,6,7987.38,699,70,54,2,16,0.556,feature,556.57,success,1.2059
build_02383,2025-10-10T23:35:17.543926,23,4,436.51,328,44,47,4,8,0.598,feature,64.95,failed,0.1516
build_02384,2025-12-13T03:35:17.543926,3,5,1023.44,263,122,44,2,8,0.758,feature,140.03,success,0.21
build_02385,2025-09-03T03:35:17.543926,3,2,628.55,777,152,44,2,8,0.655,feature,149.43,failed,0.2241
build_02386,2025-09-18T13:35:17.543926,13,3,5944.39,598,503,23,16,32,0.493,feature,173.66,success,1.6208
build_02387,2025-12-07T10:35:17.543926,10,6,1166.91,600,185,45,4,4,0.85,hotfix,169.44,failed,0.3389
build_02388,2026-01-01T16:35:17.543926,16,3,3109.91,391,340,47,2,4,0.828,feature,423.15,failed,0.4937
build_02389,2025-07-31T08:35:17.543926,8,3,2863.17,633,62,25,4,8,0.467,feature,226.3,success,0.528
build_02390,2025-07-28T23:35:17.543926,23,0,851.77,308,351,50,2,8,0.927,release,296.75,success,0.4451
build_02391,2025-11-23T07:35:17.543926,7,6,2938.63,396,87,55,8,4,0.554,release,317.69,success,1.1649
build_02392,2025-08-10T12:35:17.543926,12,6,360.74,1991,1660,48,4,8,0.867,main,1414.73,success,3.301
build_02393,2025-09-26T08:35:17.543926,8,4,439.12,36,251,52,16,8,0.811,main,92.48,failed,0.6782
build_02394,2025-09-26T03:35:17.543926,3,4,675.9,61,113,35,16,16,0.917,feature,36.19,success,0.2895
build_02395,2025-09-01T21:35:17.543926,21,0,27.72,410,390,34,16,16,0.727,feature,66.22,success,0.5298
build_02396,2026-01-10T05:35:17.543926,5,5,646.91,194,330,40,2,16,0.71,feature,215.27,success,0.4664
build_02397,2025-10-16T10:35:17.543926,10,3,379.47,163,11,63,4,16,0.543,main,46.48,success,0.1394
build_02398,2025-10-29T19:35:17.543926,19,2,4970.37,767,261,82,2,16,0.797,feature,358.21,success,0.7761
build_02399,2025-08-26T13:35:17.543926,13,1,642.18,282,335,32,4,8,0.722,release,349.6,success,0.8157
build_02400,2025-11-04T20:35:17.543926,20,1,885.35,1284,26,72,4,8,0.858,feature,99.65,success,0.2325
build_02401,2025-09-13T21:35:17.543926,21,5,663.49,216,302,54,8,16,0.429,feature,120.86,failed,0.564
build_02402,2025-10-16T12:35:17.543926,12,3,943.08,212,742,24,4,16,0.918,main,416.76,success,1.2503
build_02403,2025-11-20T13:35:17.543926,13,3,3721.45,342,1257,39,2,16,0.54,main,1345.53,failed,2.9153
build_02404,2025-08-14T13:35:17.543926,13,3,5730.73,201,503,42,16,4,0.746,feature,602.74,success,4.2192
build_02405,2026-01-09T12:35:17.543926,12,4,18.57,64,280,42,4,16,0.688,feature,145.83,success,0.4375
build_02406,2025-12-15T15:35:17.543926,15,0,783.04,816,33,45,4,8,0.755,feature,105.34,success,0.2458
build_02407,2025-12-29T13:35:17.543926,13,0,392.04,255,55,47,8,4,0.804,feature,63.46,success,0.2327
build_02408,2025-09-03T22:35:17.543926,22,2,4254.38,198,38,32,4,4,0.782,feature,285.96,success,0.5719
build_02409,2025-10-29T07:35:17.543926,7,2,331.62,413,732,75,2,8,0.729,feature,433.37,success,0.65
build_02410,2025-12-31T16:35:17.543926,16,2,1029.68,90,150,31,2,16,0.801,hotfix,129.59,success,0.2808
build_02411,2025-08-11T08:35:17.543926,8,0,1331.84,144,90,50,2,16,0.767,release,143.23,success,0.3103
build_02412,2025-12-31T23:35:17.543926,23,2,378.73,2307,2224,57,4,4,0.896,feature,1162.68,success,2.3254
build_02413,2025-08-25T19:35:17.543926,19,0,802.98,84,24,40,16,8,0.955,hotfix,25.47,success,0.1868
build_02414,2025-12-21T03:35:17.543926,3,6,1018.59,116,165,42,4,4,0.53,main,229.67,success,0.4593
build_02415,2025-08-24T17:35:17.543926,17,6,64.33,248,693,38,16,8,0.581,release,350.19,success,2.5681
build_02416,2025-12-31T07:35:17.543926,7,2,2399.07,213,895,49,2,4,0.477,feature,827.74,success,0.9657
build_02417,2025-08-31T23:35:17.543926,23,6,381.07,593,438,65,4,8,0.786,release,364.68,success,0.8509
build_02418,2025-08-23T03:35:17.543926,3,5,293.33,257,29,38,8,8,0.659,feature,39.68,success,0.1587
build_02419,2025-09-29T01:35:17.543926,1,0,2957.14,401,42,51,4,8,0.834,feature,180.73,success,0.4217
build_02420,2026-01-19T22:35:17.543926,22,0,1051.37,321,465,54,2,4,0.67,feature,300.64,failed,0.3508
build_02421,2025-11-20T08:35:17.543926,8,3,2280.41,231,55,53,8,4,0.898,feature,171.36,success,0.6283
build_02422,2025-09-30T20:35:17.543926,20,1,4752.39,1206,1130,31,16,4,0.938,feature,556.62,failed,3.8963
build_02423,2025-11-06T01:35:17.543926,1,3,6265.14,455,117,53,2,4,0.7,feature,512.43,success,0.5978
build_02424,2025-08-01T04:35:17.543926,4,4,81.55,440,209,43,4,4,0.457,feature,132.42,success,0.2648
build_02425,2025-10-26T07:35:17.543926,7,6,2728.8,383,64,34,8,4,0.546,hotfix,183.35,failed,0.6723
build_02426,2025-12-03T14:35:17.543926,14,2,105332.63,370,4,33,16,8,0.743,feature,4045.08,success,29.664
build_02427,2025-08-30T14:35:17.543926,14,5,13334.1,546,6,43,2,32,0.758,feature,732.46,success,2.5636
build_02428,2025-08-14T14:35:17.543926,14,3,54328.55,1248,18,43,16,8,0.856,feature,2458.74,success,18.0307
build_02429,2025-09-24T13:35:17.543926,13,2,574.34,130,343,29,4,4,0.52,hotfix,252.35,success,0.5047
build_02430,2025-09-23T11:35:17.543926,11,1,1038.13,613,100,41,2,4,0.452,main,269.72,failed,0.3147
build_02431,2025-11-27T12:35:17.543926,12,3,2948.99,139,56,46,4,16,0.607,feature,226.51,success,0.6795
build_02432,2025-10-20T13:35:17.543926,13,0,169.22,447,8,55,4,8,0.827,main,46.14,success,0.1077
build_02433,2025-10-15T20:35:17.543926,20,2,568.61,1954,62,42,2,16,0.797,main,134.85,success,0.2922
build_02434,2025-10-20T10:35:17.543926,10,0,4207.47,833,117,34,2,8,0.812,main,502.86,success,0.7543
build_02435,2025-09-03T02:35:17.543926,2,2,89.53,241,156,30,8,4,0.903,main,87.48,success,0.3208
build_02436,2025-10-13T16:35:17.543926,16,0,4467.83,943,43,77,8,4,0.653,release,604.57,success,2.2168
build_02437,2025-10-27T07:35:17.543926,7,0,73.88,507,265,32,16,16,0.968,hotfix,34.23,failed,0.2739
build_02438,2025-08-16T21:35:17.543926,21,5,29048.95,118,16,51,2,8,0.478,feature,1810.6,success,2.7159
build_02439,2025-08-24T14:35:17.543926,14,6,246.59,615,190,55,2,16,0.599,feature,175.69,success,0.3807
build_02440,2025-08-25T06:35:17.543926,6,0,239.2,106,45,51,8,4,0.418,feature,44.72,success,0.164
build_02441,2025-10-25T04:35:17.543926,4,5,896.97,109,46,50,2,8,0.654,hotfix,76.12,failed,0.1142
build_02442,2025-09-23T17:35:17.543926,17,1,1880.65,1178,2636,45,2,16,0.647,main,2514.21,success,5.4474
build_02443,2026-01-05T05:35:17.543926,5,0,6417.92,395,217,44,2,16,0.829,hotfix,327.45,success,0.7095
build_02444,2026-01-07T20:35:17.543926,20,2,897.09,767,667,45,2,16,0.784,main,426.87,success,0.9249
build_02445,2025-07-28T13:35:17.543926,13,0,2329.13,462,339,33,8,4,0.82,feature,369.05,success,1.3532
build_02446,2025-08-04T11:35:17.543926,11,0,269.42,215,162,51,2,4,0.42,feature,186.06,success,0.2171
build_02447,2025-09-07T16:35:17.543926,16,6,844.4,325,31,43,2,8,0.415,main,159.28,success,0.2389
build_02448,2025-11-18T04:35:17.543926,4,1,491.99,224,112,36,8,16,0.816,main,49.13,success,0.2293
build_02449,2025-08-26T09:35:17.543926,9,1,4841.61,83,332,48,2,4,0.234,release,1238.48,failed,1.4449
build_02450,2025-08-05T04:35:17.543926,4,1,4856.71,891,211,53,8,16,0.898,feature,177.58,success,0.8287
build_02451,2025-08-17T14:35:17.543926,14,6,9946.14,1093,94,55,8,8,0.847,feature,674.52,success,2.6981
build_02452,2025-08-04T01:35:17.543926,1,0,2150.78,63,180,49,2,8,0.406,feature,261.35,success,0.392
build_02453,2025-10-06T09:35:17.543926,9,0,1033.81,5566,742,52,2,4,0.717,feature,768.93,success,0.8971
build_02454,2025-11-23T09:35:17.543926,9,6,155.62,688,153,33,4,8,0.931,hotfix,101.72,success,0.2374
build_02455,2025-09-20T09:35:17.543926,9,5,141.34,966,319,44,4,4,0.91,release,264.37,success,0.5287
build_02456,2025-10-04T09:35:17.543926,9,5,1823.4,390,757,40,2,4,0.567,feature,754.41,success,0.8801
build_02457,2026-01-02T16:35:17.543926,16,4,360.27,1222,26,62,8,8,0.82,feature,65.82,success,0.2633
build_02458,2025-09-05T21:35:17.543926,21,4,769.86,826,1127,53,2,8,0.544,hotfix,523.74,success,0.7856
build_02459,2026-01-07T13:35:17.543926,13,2,3290.78,189,291,59,2,8,0.451,feature,457.7,success,0.6865
build_02460,2025-12-28T01:35:17.543926,1,6,1204.19,277,106,33,2,16,0.516,feature,127.62,success,0.2765
build_02461,2025-10-15T22:35:17.543926,22,2,146.82,420,19,65,2,16,0.646,feature,39.0,success,0.0845
build_02462,2025-08-10T11:35:17.543926,11,6,27794.98,216,177,56,2,4,0.551,feature,3018.14,success,3.5212
build_02463,2025-08-06T09:35:17.543926,9,2,15976.47,813,194,20,2,16,0.932,feature,935.15,success,2.0262
build_02464,2025-12-25T18:35:17.543926,18,3,243682.77,338,360,61,2,16,0.791,main,16474.18,success,35.694
build_02465,2025-08-14T09:35:17.543926,9,3,331.51,1912,307,44,4,8,0.677,feature,311.67,success,0.7272
build_02466,2025-12-08T14:35:17.543926,14,0,2522.48,767,227,50,2,4,0.813,main,444.77,success,0.5189
build_02467,2025-09-22T05:35:17.543926,5,0,1347.41,197,42,90,4,4,0.566,release,185.39,success,0.3708
build_02468,2025-12-24T13:35:17.543926,13,2,4706.54,3176,28,42,16,4,0.719,main,384.38,success,2.6907
build_02469,2025-10-26T11:35:17.543926,11,6,5727.03,1877,69,38,16,8,0.933,feature,303.0,success,2.222
build_02470,2025-10-22T15:35:17.543926,15,2,3850.35,168,250,25,2,32,0.722,feature,265.66,success,0.9298
build_02471,2025-11-01T08:35:17.543926,8,5,87.1,846,698,40,4,8,0.525,feature,389.33,success,0.9084
build_02472,2025-09-03T00:35:17.543926,0,2,1763.73,270,150,74,4,4,0.636,main,310.44,success,0.6209
build_02473,2025-12-19T08:35:17.543926,8,4,18480.67,1373,79,51,16,8,0.825,feature,599.77,success,4.3983
build_02474,2025-10-14T05:35:17.543926,5,1,2790.02,703,43,28,2,4,0.459,feature,300.91,success,0.3511
build_02475,2025-08-20T08:35:17.543926,8,2,775.36,504,63,28,4,8,0.904,feature,79.84,success,0.1863
build_02476,2025-09-29T14:35:17.543926,14,0,15295.01,773,454,30,4,16,0.901,feature,959.1,success,2.8773
build_02477,2025-11-16T05:35:17.543926,5,6,4209.9,102,100,79,2,8,0.695,feature,356.36,success,0.5345
build_02478,2025-08-10T02:35:17.543926,2,6,648.28,266,314,39,2,16,0.839,feature,215.68,success,0.4673
build_02479,2025-12-08T20:35:17.543926,20,0,336.89,656,228,32,2,4,0.706,feature,120.31,success,0.1404
build_02480,2025-08-08T17:35:17.543926,17,4,5036.85,2429,153,29,8,16,0.569,hotfix,303.28,success,1.4153
build_02481,2025-10-03T23:35:17.543926,23,4,346.12,600,962,27,2,4,0.741,release,661.58,success,0.7718
build_02482,2025-09-25T12:35:17.543926,12,3,205.93,1029,166,49,2,4,0.793,main,232.48,success,0.2712
build_02483,2025-10-01T07:35:17.543926,7,2,5386.95,4893,199,51,2,4,0.807,feature,612.1,success,0.7141
build_02484,2025-12-03T17:35:17.543926,17,2,179.91,2568,65,54,2,4,0.649,main,233.6,success,0.2725
build_02485,2025-12-19T04:35:17.543926,4,4,308.08,1937,73,34,8,8,0.561,release,123.38,success,0.4935
build_02486,2026-01-05T04:35:17.543926,4,0,140.51,133,6797,25,8,4,0.378,main,4994.09,success,18.3117
build_02487,2025-11-24T10:35:17.543926,10,0,2931.84,715,34,58,2,8,0.952,hotfix,219.19,failed,0.3288
build_02488,2025-08-25T06:35:17.543926,6,0,1656.45,498,687,41,2,32,0.7,feature,362.08,success,1.2673
build_02489,2025-09-13T18:35:17.543926,18,5,304.66,1028,92,48,8,4,0.688,main,139.72,success,0.5123
build_02490,2026-01-06T10:35:17.543926,10,1,3967.52,123,183,40,2,4,0.877,feature,426.35,success,0.4974
build_02491,2025-11-30T21:35:17.543926,21,6,837.91,561,63,42,16,8,0.784,feature,55.12,success,0.4042
build_02492,2025-11-02T05:35:17.543926,5,6,866.53,269,55,36,8,16,0.608,feature,52.44,success,0.2447
build_02493,2025-10-31T18:35:17.543926,18,4,546.73,295,126,28,8,8,0.925,feature,63.38,success,0.2535
build_02494,2025-12-22T03:35:17.543926,3,0,2021.27,333,16,66,8,4,0.731,main,157.86,success,0.5788
build_02495,2025-08-23T04:35:17.543926,4,5,1077.4,172,35,49,2,32,0.705,release,94.95,success,0.3323
build_02496,2025-12-17T21:35:17.543926,21,2,4530.99,475,149,33,2,8,0.607,hotfix,327.3,success,0.491
build_02497,2025-08-18T10:35:17.543926,10,0,182.7,2930,169,47,2,16,0.394,feature,275.37,success,0.5966
build_02498,2025-12-12T04:35:17.543926,4,4,299.24,104,525,50,4,8,0.465,hotfix,244.97,success,0.5716
build_02499,2025-09-25T13:35:17.543926,13,3,4016.02,379,53,48,4,16,0.879,main,343.27,success,1.0298
build_02500,2025-11-13T12:35:17.543926,12,3,1956.94,3439,297,36,2,4,0.908,feature,484.74,failed,0.5655
build_02501,2026-01-11T14:35:17.543926,14,6,2433.93,679,277,44,2,8,0.75,feature,408.51,success,0.6128
build_02502,2025-08-02T07:35:17.543926,7,5,1021.39,140,90,58,4,8,0.563,feature,111.03,success,0.2591
build_02503,2025-08-28T04:35:17.543926,4,3,1782.67,939,61,29,2,8,0.695,feature,174.03,success,0.261
build_02504,2026-01-14T00:35:17.543926,0,2,9458.94,925,125,50,2,8,0.54,feature,736.52,success,1.1048
build_02505,2025-11-23T09:35:17.543926,9,6,366.92,712,123,52,8,4,0.503,main,155.97,success,0.5719
build_02506,2025-11-21T07:35:17.543926,7,4,32946.03,679,62,43,2,8,0.908,main,2459.28,success,3.6889
build_02507,2025-10-27T17:35:17.543926,17,0,774.1,460,181,35,2,8,0.874,feature,195.43,success,0.2931
build_02508,2025-09-07T14:35:17.543926,14,6,1302.28,472,612,41,4,4,0.679,feature,475.84,success,0.9517
build_02509,2025-10-12T19:35:17.543926,19,6,4633.86,1220,25,73,4,32,0.723,main,217.28,success,0.9415
build_02510,2025-11-24T17:35:17.543926,17,0,518.67,188,30,42,2,8,0.594,feature,83.37,success,0.1251
build_02511,2025-11-03T03:35:17.543926,3,0,600.17,2015,113,42,8,8,0.793,feature,106.58,success,0.4263
build_02512,2025-11-15T03:35:17.543926,3,5,569.83,1745,326,60,2,4,0.378,feature,308.9,success,0.3604
build_02513,2025-10-19T21:35:17.543926,21,6,481.18,180,20,53,8,4,0.971,feature,42.03,success,0.1541
build_02514,2025-08-24T04:35:17.543926,4,6,919.57,302,142,32,16,32,0.478,feature,26.59,success,0.2481
build_02515,2025-09-21T17:35:17.543926,17,6,817.59,218,54,45,8,4,0.901,feature,96.12,success,0.3524
build_02516,2026-01-07T13:35:17.543926,13,2,248.53,1551,74,32,16,8,0.601,main,79.48,failed,0.5828
build_02517,2025-08-05T08:35:17.543926,8,1,30930.07,186,154,33,8,32,0.616,feature,760.71,success,4.5643
build_02518,2025-11-12T15:35:17.543926,15,2,2081.66,724,287,36,4,8,0.446,feature,424.97,success,0.9916
build_02519,2025-09-27T07:35:17.543926,7,5,163.41,1505,420,46,16,16,0.586,feature,111.1,success,0.8888
build_02520,2025-11-01T17:35:17.543926,17,5,169.2,372,156,33,2,8,0.776,feature,122.27,success,0.1834
build_02521,2026-01-14T16:35:17.543926,16,2,152.48,1191,182,36,8,8,0.733,main,149.27,success,0.5971
build_02522,2025-10-22T16:35:17.543926,16,2,9691.09,1184,348,45,4,8,0.597,feature,877.42,failed,2.0473
build_02523,2025-12-06T10:35:17.543926,10,5,2328.71,419,174,34,4,4,0.823,feature,307.29,success,0.6146
build_02524,2025-09-23T19:35:17.543926,19,1,1942.96,114,146,27,16,16,0.564,feature,73.88,success,0.591
build_02525,2025-08-01T05:35:17.543926,5,4,544.89,138,372,59,4,8,0.761,release,248.34,success,0.5794
build_02526,2025-12-08T00:35:17.543926,0,0,4479.36,183,3135,28,2,16,0.555,main,2082.08,failed,4.5112
build_02527,2025-11-16T07:35:17.543926,7,6,2974.66,107,30,58,2,8,0.542,feature,252.66,success,0.379
build_02528,2025-12-05T15:35:17.543926,15,4,51.7,641,157,48,4,4,0.578,main,210.28,success,0.4206
build_02529,2025-08-26T09:35:17.543926,9,1,8379.16,33,1011,53,8,8,0.738,feature,1029.97,success,4.1199
build_02530,2025-07-30T06:35:17.543926,6,2,511.67,264,121,41,2,4,0.829,feature,110.33,success,0.1287
build_02531,2025-08-29T00:35:17.543926,0,4,2697.76,114,34,109,2,4,0.761,feature,214.45,success,0.2502
build_02532,2025-11-28T18:35:17.543926,18,4,766.29,203,43,67,4,8,0.647,hotfix,64.61,failed,0.1508
build_02533,2025-12-24T11:35:17.543926,11,2,7502.01,66,170,44,16,16,0.776,feature,236.32,success,1.8905
build_02534,2025-08-17T05:35:17.543926,5,6,178.76,839,258,34,8,4,0.719,main,169.73,success,0.6224
build_02535,2025-12-19T04:35:17.543926,4,4,541.99,2448,116,52,2,8,0.797,hotfix,123.47,success,0.1852
build_02536,2025-10-10T12:35:17.543926,12,4,2347.82,437,174,54,2,16,0.532,feature,316.36,failed,0.6855
build_02537,2025-08-03T00:35:17.543926,0,6,113.2,336,70,25,4,8,0.804,hotfix,33.91,success,0.0791
build_02538,2025-11-13T11:35:17.543926,11,3,243.31,196,73,35,2,4,0.967,main,96.06,success,0.1121
build_02539,2025-10-15T18:35:17.543926,18,2,1838.24,91,17,65,2,4,0.794,feature,140.74,success,0.1642
build_02540,2026-01-03T16:35:17.543926,16,5,1610.47,380,56,58,2,4,0.644,main,279.16,failed,0.3257
build_02541,2025-09-10T00:35:17.543926,0,2,2198.12,82,178,36,4,4,0.814,feature,253.6,failed,0.5072
build_02542,2025-08-25T21:35:17.543926,21,0,11027.7,3307,97,39,2,16,0.918,feature,806.04,success,1.7464
build_02543,2025-11-06T09:35:17.543926,9,3,158.61,101,8,44,2,32,0.709,hotfix,19.65,success,0.0688
build_02544,2025-12-16T18:35:17.543926,18,1,530.72,371,117,36,4,4,0.628,feature,116.86,success,0.2337
build_02545,2025-12-17T03:35:17.543926,3,2,8119.77,114,127,49,4,4,0.657,feature,622.09,success,1.2442
build_02546,2025-12-02T03:35:17.543926,3,1,2373.35,1450,92,51,4,4,0.733,feature,265.37,success,0.5307
build_02547,2025-09-11T03:35:17.543926,3,3,3812.88,803,174,54,2,4,0.64,feature,446.02,success,0.5204
build_02548,2025-12-08T04:35:17.543926,4,0,546.97,726,120,58,16,16,0.795,hotfix,31.3,success,0.2504
build_02549,2025-11-06T05:35:17.543926,5,3,46.84,254,46,55,16,32,0.621,feature,8.11,success,0.0757
build_02550,2025-09-02T05:35:17.543926,5,1,155.23,179,1760,31,2,32,0.846,main,797.22,success,2.7903
build_02551,2025-11-01T13:35:17.543926,13,5,7331.6,1943,14,54,2,8,0.926,feature,629.36,success,0.944
build_02552,2025-12-03T22:35:17.543926,22,2,1471.67,635,271,55,8,8,0.763,feature,155.05,success,0.6202
build_02553,2025-10-22T19:35:17.543926,19,2,1106.4,174,133,27,4,4,0.436,hotfix,126.85,success,0.2537
build_02554,2025-12-04T13:35:17.543926,13,3,5569.46,594,233,53,2,16,0.856,feature,505.05,success,1.0943
build_02555,2025-10-14T21:35:17.543926,21,1,5147.52,662,174,54,16,4,0.2,feature,355.31,failed,2.4871
build_02556,2025-10-04T02:35:17.543926,2,5,837.8,2010,47,32,2,16,0.822,hotfix,91.61,success,0.1985
build_02557,2025-09-16T03:35:17.543926,3,1,1483.97,407,312,55,4,16,0.597,feature,200.57,failed,0.6017
build_02558,2025-10-02T22:35:17.543926,22,3,492.72,136,192,43,8,4,0.52,feature,113.67,success,0.4168
build_02559,2025-10-19T19:35:17.543926,19,6,16031.7,440,10,30,4,16,0.754,release,1070.76,success,3.2123
build_02560,2025-11-24T00:35:17.543926,0,0,19286.68,144,312,53,8,16,0.555,main,918.21,success,4.285
build_02561,2025-12-09T22:35:17.543926,22,1,174.98,1947,390,31,2,4,0.701,main,344.23,failed,0.4016
build_02562,2025-12-24T18:35:17.543926,18,2,1644.1,1501,49,44,2,4,0.866,feature,185.08,success,0.2159
build_02563,2025-11-07T01:35:17.543926,1,4,70.9,2281,311,46,2,8,0.705,main,272.12,success,0.4082
build_02564,2025-11-26T15:35:17.543926,15,2,461.08,1744,147,32,2,4,0.548,release,366.62,failed,0.4277
build_02565,2026-01-20T06:35:17.543926,6,1,845.36,1897,176,19,8,4,0.938,feature,170.31,success,0.6245
build_02566,2025-09-10T14:35:17.543926,14,2,1232.05,845,51,25,4,4,0.882,feature,152.55,success,0.3051
build_02567,2026-01-16T04:35:17.543926,4,4,135.94,482,28,51,16,4,0.423,feature,33.15,success,0.2321
build_02568,2025-10-31T22:35:17.543926,22,4,286.68,363,655,37,4,8,0.899,feature,314.13,success,0.733
build_02569,2025-08-17T11:35:17.543926,11,6,31.29,381,27,49,2,8,0.797,release,56.09,success,0.0841
build_02570,2025-11-13T21:35:17.543926,21,3,1310.65,324,399,77,4,32,0.352,feature,209.7,failed,0.9087
build_02571,2025-10-17T01:35:17.543926,1,4,1607.95,502,44,59,8,8,0.89,feature,91.9,success,0.3676
build_02572,2025-11-21T19:35:17.543926,19,4,185.23,305,554,47,2,8,0.792,feature,273.14,failed,0.4097
build_02573,2025-11-12T11:35:17.543926,11,2,4606.02,851,312,41,2,32,0.829,feature,458.5,failed,1.6047
build_02574,2025-08-17T11:35:17.543926,11,6,535.64,648,47,22,4,16,0.446,main,104.61,success,0.3138
build_02575,2025-12-29T05:35:17.543926,5,0,1279.04,371,186,60,4,4,0.866,feature,186.58,success,0.3732
build_02576,2025-10-22T09:35:17.543926,9,2,793.56,459,259,56,8,4,0.742,main,288.24,failed,1.0569
build_02577,2026-01-10T19:35:17.543926,19,5,5090.83,962,78,40,16,4,0.9,main,301.09,success,2.1076
build_02578,2025-11-29T10:35:17.543926,10,5,1793.75,402,864,44,16,8,0.73,hotfix,289.13,success,2.1203
build_02579,2025-08-20T19:35:17.543926,19,2,1542.98,323,439,44,2,4,0.671,main,399.7,success,0.4663
build_02580,2025-09-07T12:35:17.543926,12,6,891.65,122,17,53,4,16,0.682,feature,59.91,success,0.1797
build_02581,2025-07-29T14:35:17.543926,14,1,3133.44,414,236,32,2,4,0.848,feature,371.07,success,0.4329
build_02582,2025-09-02T22:35:17.543926,22,1,165.81,1137,197,40,2,8,0.661,hotfix,114.25,success,0.1714
build_02583,2025-07-28T06:35:17.543926,6,0,514.1,264,2285,42,4,32,0.816,feature,629.7,success,2.7287
build_02584,2025-09-16T18:35:17.543926,18,1,1912.63,1358,93,39,16,32,0.816,main,50.29,success,0.4694
build_02585,2025-10-26T17:35:17.543926,17,6,902.54,260,285,50,2,16,0.478,feature,276.1,success,0.5982
build_02586,2026-01-12T04:35:17.543926,4,0,330.49,387,838,61,16,16,0.825,hotfix,121.86,success,0.9749
build_02587,2025-09-18T20:35:17.543926,20,3,271.63,94,132,34,4,4,0.43,release,157.51,success,0.315
build_02588,2025-12-22T14:35:17.543926,14,0,395.43,395,46,41,4,16,0.862,feature,63.74,success,0.1912
build_02589,2025-11-08T21:35:17.543926,21,5,109.13,2106,254,85,4,4,0.795,feature,220.96,success,0.4419
build_02590,2025-10-21T05:35:17.543926,5,1,71.04,153,86,25,2,8,0.774,main,63.47,success,0.0952
build_02591,2026-01-19T02:35:17.543926,2,0,93.56,5021,473,42,2,8,0.871,main,415.36,success,0.623
build_02592,2025-11-09T00:35:17.543926,0,6,793.78,5318,62,40,2,4,0.669,feature,272.67,success,0.3181
build_02593,2025-08-07T19:35:17.543926,19,3,4493.17,100,67,43,4,4,0.819,main,290.61,success,0.5812
build_02594,2025-10-06T02:35:17.543926,2,0,705.38,56,163,35,16,8,0.74,feature,67.5,success,0.495
build_02595,2025-11-17T01:35:17.543926,1,0,1394.99,555,116,56,4,16,0.608,feature,136.71,success,0.4101
build_02596,2025-09-22T12:35:17.543926,12,0,615.31,370,320,26,16,8,0.652,main,189.7,success,1.3911
build_02597,2025-12-19T11:35:17.543926,11,4,686.6,427,590,45,4,4,0.985,feature,432.75,success,0.8655
build_02598,2025-10-11T13:35:17.543926,13,5,4401.72,231,90,66,8,32,0.727,release,212.34,success,1.274
build_02599,2025-08-09T23:35:17.543926,23,5,11165.12,2686,60,66,2,8,0.813,feature,913.73,success,1.3706
build_02600,2025-11-22T08:35:17.543926,8,5,509.44,643,204,53,2,8,0.668,hotfix,131.8,success,0.1977
build_02601,2025-10-14T04:35:17.543926,4,1,2001.75,278,16,80,16,8,0.645,feature,79.98,success,0.5866
build_02602,2025-11-23T19:35:17.543926,19,6,57234.25,684,205,58,2,8,0.714,feature,3677.85,success,5.5168
build_02603,2025-11-23T00:35:17.543926,0,6,331.92,413,444,44,2,4,0.87,main,310.69,success,0.3625
build_02604,2026-01-08T18:35:17.543926,18,3,5799.81,279,85,35,2,8,0.67,feature,399.71,success,0.5996
build_02605,2025-08-05T12:35:17.543926,12,1,621.34,38,430,38,8,16,0.73,main,224.94,success,1.0497
build_02606,2025-11-21T04:35:17.543926,4,4,1385.12,1573,31,39,2,32,0.81,feature,88.8,success,0.3108
build_02607,2026-01-07T17:35:17.543926,17,2,634.63,801,57,70,2,32,0.638,feature,114.41,success,0.4004
build_02608,2025-09-15T19:35:17.543926,19,0,205.02,1441,225,54,16,16,0.456,feature,63.2,success,0.5056
build_02609,2025-10-21T15:35:17.543926,15,1,1288.26,180,335,43,2,4,0.798,hotfix,294.44,failed,0.3435
build_02610,2025-07-27T14:35:17.543926,14,6,578.87,1999,16,45,4,16,0.915,release,126.71,success,0.3801
build_02611,2026-01-07T00:35:17.543926,0,2,726.08,133,64,40,4,4,0.843,feature,83.2,success,0.1664
build_02612,2025-10-08T12:35:17.543926,12,2,4565.05,1205,343,37,4,8,0.375,main,768.96,success,1.7942
build_02613,2025-08-01T08:35:17.543926,8,4,108.76,146,28,65,2,4,0.755,main,39.4,success,0.046
build_02614,2025-09-13T09:35:17.543926,9,5,15954.53,287,980,38,2,8,0.693,release,2404.72,success,3.6071
build_02615,2025-11-08T22:35:17.543926,22,5,578.43,109,384,34,8,4,0.717,feature,233.61,success,0.8566
build_02616,2026-01-08T19:35:17.543926,19,3,20946.73,376,59,38,8,8,0.51,feature,1098.91,success,4.3957
build_02617,2025-08-25T16:35:17.543926,16,0,8663.6,1233,26,47,4,32,0.689,feature,391.7,success,1.6974
build_02618,2025-09-04T12:35:17.543926,12,3,1083.83,329,152,57,8,8,0.545,feature,168.73,success,0.6749
build_02619,2025-10-19T05:35:17.543926,5,6,569.89,1639,71,41,4,4,0.804,hotfix,110.94,success,0.2219
build_02620,2025-09-11T00:35:17.543926,0,3,17.8,669,76,51,2,8,0.799,feature,61.82,success,0.0927
build_02621,2025-09-13T06:35:17.543926,6,5,20627.97,2666,164,42,2,16,0.68,main,1689.77,success,3.6612
build_02622,2025-10-23T06:35:17.543926,6,3,5193.82,961,31,49,4,4,0.792,feature,329.57,success,0.6591
build_02623,2025-08-03T10:35:17.543926,10,6,845.77,1345,620,49,2,16,0.7,feature,403.22,success,0.8736
build_02624,2025-10-29T17:35:17.543926,17,2,148.59,956,110,36,4,8,0.815,feature,95.25,success,0.2223
build_02625,2025-11-17T21:35:17.543926,21,0,1569.38,1350,660,65,16,4,0.811,feature,333.98,success,2.3379
build_02626,2026-01-14T07:35:17.543926,7,2,2188.29,1193,215,33,4,32,0.857,feature,161.57,success,0.7002
build_02627,2025-10-27T10:35:17.543926,10,0,2368.73,99,215,43,4,4,0.984,release,378.32,success,0.7566
build_02628,2025-10-10T07:35:17.543926,7,4,1520.82,2204,701,40,4,4,0.989,release,494.14,success,0.9883
build_02629,2025-11-25T08:35:17.543926,8,1,87.99,111,370,63,2,8,0.97,hotfix,145.64,success,0.2185
build_02630,2025-12-04T06:35:17.543926,6,3,1783.76,179,157,40,8,4,0.623,release,223.88,failed,0.8209
build_02631,2025-11-14T23:35:17.543926,23,4,3899.92,1162,86,34,2,8,0.641,feature,381.11,success,0.5717
build_02632,2025-10-01T21:35:17.543926,21,2,1172.8,1412,51,27,8,8,0.598,main,128.16,success,0.5127
build_02633,2025-09-16T13:35:17.543926,13,1,3177.91,107,66,55,8,8,0.825,hotfix,145.94,success,0.5838
build_02634,2025-08-20T14:35:17.543926,14,2,3571.85,455,61,29,8,4,0.407,feature,289.34,success,1.0609
build_02635,2026-01-10T02:35:17.543926,2,5,293.6,316,1394,56,8,8,0.815,feature,508.19,success,2.0328
build_02636,2025-12-08T07:35:17.543926,7,0,256.13,109,42,37,4,8,0.614,feature,46.44,success,0.1084
build_02637,2025-10-29T15:35:17.543926,15,2,1298.63,427,42,33,8,16,0.806,main,95.1,success,0.4438
build_02638,2025-08-01T06:35:17.543926,6,4,7342.8,1179,366,71,4,32,0.486,feature,392.94,success,1.7028
build_02639,2025-09-25T14:35:17.543926,14,3,4192.45,543,842,44,2,4,0.652,feature,944.71,success,1.1022
build_02640,2025-10-17T19:35:17.543926,19,4,6103.03,86,71,25,2,16,0.869,feature,351.63,success,0.7619
build_02641,2025-12-06T12:35:17.543926,12,5,270.67,80,54,52,8,4,0.583,feature,71.01,success,0.2604
build_02642,2025-09-04T18:35:17.543926,18,3,766.29,399,19,58,2,4,0.739,hotfix,63.78,success,0.0744
build_02643,2025-10-14T08:35:17.543926,8,1,2779.29,60,162,52,2,8,0.619,main,370.94,success,0.5564
build_02644,2025-07-27T20:35:17.543926,20,6,8475.38,113,704,30,16,4,0.498,feature,661.75,success,4.6323
build_02645,2026-01-11T09:35:17.543926,9,6,465.72,170,207,41,2,8,0.811,feature,184.32,success,0.2765
build_02646,2025-09-01T00:35:17.543926,0,0,406.75,46,474,28,8,4,0.341,feature,257.19,success,0.943
build_02647,2025-08-22T01:35:17.543926,1,4,2600.14,447,46,32,4,4,0.736,feature,216.72,success,0.4334
build_02648,2025-11-20T15:35:17.543926,15,3,2079.24,1425,1373,32,8,8,0.686,main,982.66,success,3.9306
build_02649,2025-11-26T23:35:17.543926,23,2,13774.42,832,51,45,8,16,0.892,feature,404.8,success,1.8891
build_02650,2025-08-21T01:35:17.543926,1,3,148.2,188,24,61,8,4,0.766,main,41.3,success,0.1514
build_02651,2025-11-28T18:35:17.543926,18,4,10.79,397,188,58,8,8,0.461,main,110.53,success,0.4421
build_02652,2026-01-05T18:35:17.543926,18,0,382.88,759,1546,53,8,16,0.927,feature,404.71,success,1.8886
build_02653,2025-09-24T08:35:17.543926,8,2,169.23,841,74,47,2,8,0.845,feature,75.03,success,0.1125
build_02654,2025-12-14T09:35:17.543926,9,6,511.48,38,52,47,4,8,0.508,feature,78.42,success,0.183
build_02655,2025-10-09T15:35:17.543926,15,3,8952.66,396,22,35,2,8,0.759,feature,686.07,success,1.0291
build_02656,2025-08-23T02:35:17.543926,2,5,530.61,625,261,34,2,4,0.761,release,236.08,success,0.2754
build_02657,2025-08-17T21:35:17.543926,21,6,1311.05,165,62,45,8,8,0.7,feature,103.47,success,0.4139
build_02658,2025-09-14T06:35:17.543926,6,6,878.48,1124,725,34,2,16,0.696,feature,316.96,success,0.6867
build_02659,2025-09-21T16:35:17.543926,16,6,3693.31,235,66,42,4,4,0.57,feature,411.35,failed,0.8227
build_02660,2025-09-27T19:35:17.543926,19,5,14739.52,830,267,51,4,4,0.261,feature,1427.61,failed,2.8552
build_02661,2025-10-16T02:35:17.543926,2,3,12750.93,133,29,53,8,32,0.486,feature,283.33,success,1.7
build_02662,2025-11-07T23:35:17.543926,23,4,1471.19,107,269,41,2,4,0.651,main,366.71,success,0.4278
build_02663,2026-01-17T17:35:17.543926,17,5,4975.75,149,236,31,2,16,0.543,feature,565.51,success,1.2253
build_02664,2025-12-26T21:35:17.543926,21,4,1278.05,518,396,36,4,4,0.921,feature,251.61,success,0.5032
build_02665,2025-11-13T08:35:17.543926,8,3,765.78,299,586,58,2,4,0.863,release,499.18,success,0.5824
build_02666,2025-11-23T20:35:17.543926,20,6,1618.4,301,709,45,2,8,0.8,feature,458.68,success,0.688
build_02667,2025-11-25T02:35:17.543926,2,1,2047.41,530,85,51,8,8,0.864,feature,153.26,success,0.613
build_02668,2025-10-22T13:35:17.543926,13,2,1332.5,1822,170,46,4,4,0.804,feature,360.96,success,0.7219
build_02669,2025-10-24T01:35:17.543926,1,4,131.86,607,166,24,4,4,0.677,main,139.5,success,0.279
build_02670,2025-12-07T21:35:17.543926,21,6,1933.3,230,272,48,8,8,0.849,feature,219.73,success,0.8789
build_02671,2025-11-16T01:35:17.543926,1,6,874.01,1289,139,46,4,16,0.795,feature,95.09,success,0.2853
build_02672,2025-08-23T10:35:17.543926,10,5,6927.11,57,326,62,2,4,0.846,hotfix,667.03,success,0.7782
build_02673,2025-07-27T23:35:17.543926,23,6,125.41,123,291,47,8,16,0.843,main,83.39,success,0.3891
build_02674,2025-08-29T12:35:17.543926,12,4,743.36,110,78,38,2,4,0.594,feature,146.95,success,0.1714
build_02675,2025-11-19T10:35:17.543926,10,2,9821.68,293,238,49,4,16,0.845,main,949.02,success,2.8471
build_02676,2025-11-27T05:35:17.543926,5,3,838.47,938,1376,36,8,8,0.68,feature,494.33,success,1.9773
build_02677,2026-01-08T00:35:17.543926,0,3,4384.22,288,107,49,4,8,0.801,feature,322.99,success,0.7536
build_02678,2025-11-22T00:35:17.543926,0,5,1218.39,858,170,30,8,8,0.511,feature,152.37,success,0.6095
build_02679,2025-11-02T13:35:17.543926,13,6,4428.99,254,92,38,8,32,0.53,feature,162.17,success,0.973
build_02680,2025-09-06T05:35:17.543926,5,5,3339.24,989,203,48,2,4,0.807,feature,379.53,failed,0.4428
build_02681,2025-10-06T18:35:17.543926,18,0,1001.26,223,67,45,2,4,0.883,main,141.13,success,0.1647
build_02682,2025-09-04T00:35:17.543926,0,3,109.57,735,38,58,2,16,0.541,feature,62.79,failed,0.1361
build_02683,2025-10-11T09:35:17.543926,9,5,943.92,381,147,53,8,8,0.637,main,208.03,success,0.8321
build_02684,2025-12-25T22:35:17.543926,22,3,108.53,623,121,45,2,8,0.81,feature,96.58,failed,0.1449
build_02685,2025-10-15T06:35:17.543926,6,2,1557.25,290,79,39,2,4,0.464,main,203.06,success,0.2369
build_02686,2025-08-06T22:35:17.543926,22,2,243.77,158,12,63,2,32,0.561,main,32.36,success,0.1133
build_02687,2025-10-21T06:35:17.543926,6,1,275.51,984,23,24,2,8,0.912,feature,64.94,success,0.0974
build_02688,2025-07-27T21:35:17.543926,21,6,5088.3,329,442,21,4,4,0.775,feature,544.73,success,1.0895
build_02689,2025-08-25T00:35:17.543926,0,0,3345.64,2217,2643,51,4,4,0.713,feature,1499.06,success,2.9981
build_02690,2025-08-03T06:35:17.543926,6,6,769.63,233,64,36,2,32,0.729,feature,70.46,success,0.2466
build_02691,2026-01-17T23:35:17.543926,23,5,3855.41,827,32,48,2,4,0.816,feature,329.75,success,0.3847
build_02692,2026-01-13T09:35:17.543926,9,1,210.07,324,288,47,4,8,0.817,feature,167.04,success,0.3898
build_02693,2025-10-15T00:35:17.543926,0,2,1549.71,92,121,52,4,8,0.845,main,157.17,success,0.3667
build_02694,2025-12-11T16:35:17.543926,16,3,5350.63,48,78,51,4,8,0.623,feature,480.47,success,1.1211
build_02695,2025-09-23T14:35:17.543926,14,1,2600.19,755,241,44,4,16,0.233,feature,352.64,success,1.0579
build_02696,2025-08-29T22:35:17.543926,22,4,3997.14,1153,18,40,8,8,0.746,main,220.35,success,0.8814
build_02697,2026-01-05T07:35:17.543926,7,0,339.79,296,78,51,8,16,0.948,main,45.97,success,0.2145
build_02698,2025-10-13T21:35:17.543926,21,0,820.86,1114,869,33,2,4,0.204,main,942.06,success,1.0991
build_02699,2025-08-05T06:35:17.543926,6,1,6014.91,6789,254,43,4,16,0.593,feature,585.16,success,1.7555
build_02700,2025-07-27T01:35:17.543926,1,6,151.57,535,78,55,2,8,0.567,feature,86.14,success,0.1292
build_02701,2025-09-03T13:35:17.543926,13,2,905.67,485,55,54,4,8,0.713,feature,129.83,success,0.3029
build_02702,2025-09-21T06:35:17.543926,6,6,545.62,274,70,44,4,8,0.814,release,82.18,success,0.1918
build_02703,2026-01-20T05:35:17.543926,5,1,666.43,1212,28,32,2,8,0.626,feature,99.76,success,0.1496
build_02704,2025-08-06T15:35:17.543926,15,2,1944.16,95,140,56,16,4,0.887,feature,157.75,failed,1.1043
build_02705,2025-08-27T09:35:17.543926,9,2,865.8,1382,33,58,8,8,0.854,feature,86.47,success,0.3459
build_02706,2025-08-24T21:35:17.543926,21,6,64846.38,253,611,33,4,16,0.809,feature,3060.07,success,9.1802
build_02707,2025-09-01T17:35:17.543926,17,0,308.33,206,1037,44,2,32,0.302,feature,692.85,success,2.425
build_02708,2025-08-02T10:35:17.543926,10,5,857.05,120,749,38,4,32,0.803,release,380.21,success,1.6476
build_02709,2025-09-03T12:35:17.543926,12,2,355.34,130,78,45,4,4,0.663,hotfix,86.71,success,0.1734
build_02710,2025-08-20T13:35:17.543926,13,2,2448.18,343,425,38,4,4,0.949,main,510.31,success,1.0206
build_02711,2025-12-02T02:35:17.543926,2,1,1712.06,331,115,74,2,4,0.96,main,220.0,failed,0.2567
build_02712,2025-11-17T15:35:17.543926,15,0,17454.0,454,307,76,4,4,0.801,release,1936.25,failed,3.8725
build_02713,2025-09-08T05:35:17.543926,5,0,3835.47,1433,107,53,2,4,0.774,hotfix,299.27,failed,0.3491
build_02714,2025-08-26T13:35:17.543926,13,1,267.05,89,84,60,4,8,0.504,main,118.58,success,0.2767
build_02715,2025-12-20T02:35:17.543926,2,5,27.47,188,70,36,8,32,0.763,main,20.83,success,0.125
build_02716,2025-09-10T09:35:17.543926,9,2,260.67,216,279,53,4,32,0.886,feature,87.31,success,0.3784
build_02717,2025-09-27T11:35:17.543926,11,5,2204.26,53,317,38,2,8,0.768,release,442.32,success,0.6635
build_02718,2025-11-09T08:35:17.543926,8,6,3077.98,7747,178,50,2,16,0.738,feature,399.96,failed,0.8666
build_02719,2025-10-28T17:35:17.543926,17,1,694.21,314,38,46,8,8,0.719,feature,75.52,success,0.3021
build_02720,2025-11-25T02:35:17.543926,2,1,888.59,587,220,48,4,4,0.496,main,263.21,success,0.5264
build_02721,2026-01-08T21:35:17.543926,21,3,100.5,792,116,50,16,32,0.661,main,25.01,success,0.2335
build_02722,2025-10-21T18:35:17.543926,18,1,399.82,215,180,39,4,8,0.633,main,130.33,success,0.3041
build_02723,2026-01-13T13:35:17.543926,13,1,1159.94,105,1314,58,2,8,0.608,hotfix,602.89,success,0.9043
build_02724,2026-01-01T06:35:17.543926,6,3,2194.33,200,125,27,2,4,0.804,feature,185.12,failed,0.216
build_02725,2025-09-30T10:35:17.543926,10,1,582.79,327,335,70,16,8,0.613,main,179.08,success,1.3133
build_02726,2025-09-04T05:35:17.543926,5,3,198.54,336,58,59,2,8,0.71,feature,54.36,success,0.0815
build_02727,2025-08-15T03:35:17.543926,3,4,1568.07,1132,938,42,16,8,0.721,feature,332.56,success,2.4388
build_02728,2025-12-15T05:35:17.543926,5,0,499.85,975,1157,53,2,32,0.591,feature,504.43,success,1.7655
build_02729,2025-12-06T11:35:17.543926,11,5,1301.44,508,28,43,8,16,0.965,main,94.56,success,0.4413
build_02730,2025-12-22T12:35:17.543926,12,0,980.93,451,1169,29,4,4,0.828,feature,783.51,success,1.567
build_02731,2026-01-08T20:35:17.543926,20,3,291.78,138,118,27,2,16,0.748,hotfix,61.34,success,0.1329
build_02732,2025-10-04T23:35:17.543926,23,5,957.23,164,214,27,2,8,0.943,feature,166.1,success,0.2491
build_02733,2025-11-23T00:35:17.543926,0,6,4134.09,324,732,44,16,8,0.685,feature,354.09,success,2.5966
build_02734,2025-08-18T00:35:17.543926,0,0,6864.78,114,346,59,8,8,0.686,release,605.84,success,2.4233
build_02735,2025-08-02T08:35:17.543926,8,5,1597.34,93,1829,58,4,16,0.689,main,866.14,success,2.5984
build_02736,2025-09-25T10:35:17.543926,10,3,2175.13,497,74,39,2,8,0.624,feature,229.63,success,0.3444
build_02737,2025-11-24T05:35:17.543926,5,0,1079.44,688,12,57,2,16,0.749,feature,95.98,success,0.208
build_02738,2025-11-22T03:35:17.543926,3,5,2107.62,111,40,67,8,32,0.57,feature,60.87,success,0.3652
build_02739,2025-08-14T09:35:17.543926,9,3,985.7,203,100,46,4,16,0.753,feature,118.3,success,0.3549
build_02740,2025-12-26T03:35:17.543926,3,4,2267.59,652,139,58,2,16,0.939,hotfix,155.33,success,0.3366
build_02741,2025-11-06T16:35:17.543926,16,3,243.74,350,12,57,4,8,0.524,feature,48.14,success,0.1123
build_02742,2025-11-18T17:35:17.543926,17,1,60.22,181,42,60,2,16,0.938,hotfix,34.08,success,0.0738
build_02743,2025-11-20T04:35:17.543926,4,3,6957.59,673,135,50,8,16,0.434,main,395.61,success,1.8462
build_02744,2026-01-12T23:35:17.543926,23,0,8719.86,725,255,58,4,4,0.837,release,951.93,success,1.9039
build_02745,2025-11-05T13:35:17.543926,13,2,385.66,272,91,48,2,8,0.663,release,139.99,success,0.21
build_02746,2025-10-20T20:35:17.543926,20,0,408.78,172,541,47,8,4,0.488,feature,327.54,success,1.201
build_02747,2025-09-13T07:35:17.543926,7,5,2336.94,142,132,56,16,8,0.49,feature,116.19,success,0.852
build_02748,2025-11-15T23:35:17.543926,23,5,813.14,198,342,46,16,16,0.906,main,93.39,success,0.7472
build_02749,2025-08-20T21:35:17.543926,21,2,84.66,587,110,34,4,8,0.847,hotfix,59.95,success,0.1399
build_02750,2025-09-24T03:35:17.543926,3,2,7931.0,172,50,41,16,16,0.671,main,194.78,success,1.5583
build_02751,2025-08-14T08:35:17.543926,8,3,2581.98,618,10,60,2,4,0.893,feature,187.33,success,0.2186
build_02752,2025-12-21T00:35:17.543926,0,6,2274.98,328,364,36,2,8,0.855,feature,277.33,success,0.416
build_02753,2026-01-06T13:35:17.543926,13,1,962.4,123,26,48,2,4,0.668,feature,113.81,success,0.1328
build_02754,2025-09-25T23:35:17.543926,23,3,1084.84,421,156,38,16,16,0.82,feature,52.4,success,0.4192
build_02755,2025-07-27T09:35:17.543926,9,6,870.54,41,74,55,2,8,0.951,main,147.41,success,0.2211
build_02756,2026-01-02T01:35:17.543926,1,4,4284.82,207,775,60,4,16,0.906,main,567.25,success,1.7017
build_02757,2025-07-28T08:35:17.543926,8,0,4242.39,1637,18,51,8,4,0.757,main,286.57,success,1.0507
build_02758,2025-12-31T04:35:17.543926,4,2,1298.3,191,1097,38,4,8,0.671,main,715.59,success,1.6697
build_02759,2025-08-24T11:35:17.543926,11,6,3156.34,315,356,31,8,8,0.537,feature,354.63,failed,1.4185
build_02760,2025-09-22T22:35:17.543926,22,0,161.25,867,585,62,16,16,0.845,feature,93.8,success,0.7504
build_02761,2025-12-26T22:35:17.543926,22,4,1909.51,228,647,31,2,32,0.664,feature,343.55,success,1.2024
build_02762,2025-07-27T04:35:17.543926,4,6,904.26,482,758,35,8,32,0.516,release,252.61,success,1.5156
build_02763,2025-11-16T22:35:17.543926,22,6,1853.63,1399,83,37,8,4,0.589,feature,193.79,failed,0.7105
build_02764,2025-09-19T00:35:17.543926,0,4,2011.05,134,137,47,8,4,0.826,main,252.55,success,0.926
build_02765,2025-11-25T08:35:17.543926,8,1,1168.24,279,66,23,4,4,0.795,feature,88.4,success,0.1768
build_02766,2025-09-07T13:35:17.543926,13,6,1553.28,1795,140,54,4,16,0.776,hotfix,163.66,success,0.491
build_02767,2025-07-31T00:35:17.543926,0,3,1856.17,1032,208,51,4,16,0.881,feature,179.09,success,0.5373
build_02768,2025-10-03T08:35:17.543926,8,4,76.2,188,428,50,2,4,0.849,main,281.73,success,0.3287
build_02769,2025-08-25T20:35:17.543926,20,0,2470.5,678,111,41,2,32,0.895,feature,149.7,success,0.5239
build_02770,2025-09-05T00:35:17.543926,0,4,290.63,1280,848,48,4,4,0.501,feature,489.46,success,0.9789
build_02771,2026-01-04T18:35:17.543926,18,6,7940.26,278,114,67,4,32,0.802,feature,268.74,success,1.1645
build_02772,2025-10-30T11:35:17.543926,11,3,16892.15,2305,53,33,2,16,0.763,feature,1136.35,success,2.4621
build_02773,2025-11-17T14:35:17.543926,14,0,1207.65,66,524,36,8,8,0.855,feature,340.47,success,1.3619
build_02774,2025-08-16T03:35:17.543926,3,5,249.52,2135,393,49,4,8,0.839,hotfix,162.92,success,0.3801
build_02775,2025-09-29T18:35:17.543926,18,0,537.54,53,175,35,4,16,0.657,feature,116.24,success,0.3487
build_02776,2026-01-04T16:35:17.543926,16,6,665.63,3047,29,70,2,8,0.713,main,260.1,success,0.3902
build_02777,2025-12-17T13:35:17.543926,13,2,2550.89,592,102,29,8,16,0.555,feature,180.51,success,0.8424
build_02778,2025-10-18T09:35:17.543926,9,5,1674.74,1774,136,56,16,4,0.704,feature,203.52,success,1.4246
build_02779,2025-12-26T16:35:17.543926,16,4,587.17,278,117,48,2,8,0.675,feature,185.43,success,0.2781
build_02780,2025-08-18T04:35:17.543926,4,0,1226.45,468,175,49,2,32,0.635,feature,125.1,success,0.4379
build_02781,2025-09-12T22:35:17.543926,22,4,385.29,426,120,43,4,4,0.796,release,137.85,success,0.2757
build_02782,2025-12-30T11:35:17.543926,11,1,2486.93,202,186,54,4,32,0.374,feature,210.49,success,0.9121
build_02783,2025-08-04T00:35:17.543926,0,0,714.27,564,245,39,4,4,0.492,feature,187.49,success,0.375
build_02784,2025-12-27T08:35:17.543926,8,5,5881.47,1099,79,66,8,4,0.369,main,487.14,success,1.7862
build_02785,2026-01-16T03:35:17.543926,3,4,10869.45,176,244,35,8,4,0.619,feature,673.79,success,2.4706
build_02786,2025-12-03T11:35:17.543926,11,2,2323.24,593,59,36,16,16,0.567,feature,106.52,success,0.8522
build_02787,2025-08-05T02:35:17.543926,2,1,528.0,362,398,61,2,4,0.683,feature,263.78,success,0.3077
build_02788,2025-10-16T09:35:17.543926,9,3,736.02,48,1842,35,2,16,0.626,feature,1312.99,failed,2.8448
build_02789,2025-12-22T14:35:17.543926,14,0,2006.28,391,79,29,2,4,0.871,release,291.38,failed,0.3399
build_02790,2025-11-07T15:35:17.543926,15,4,5073.97,10724,310,62,4,4,0.723,main,1326.8,success,2.6536
build_02791,2025-09-22T23:35:17.543926,23,0,24798.61,168,1001,46,2,8,0.937,feature,1615.84,failed,2.4238
build_02792,2025-11-20T14:35:17.543926,14,3,834.71,195,108,59,4,32,0.73,release,104.25,success,0.4517
build_02793,2025-10-08T17:35:17.543926,17,2,9892.35,166,1163,42,4,32,0.74,feature,809.08,success,3.506
build_02794,2025-12-23T17:35:17.543926,17,1,3692.54,306,292,42,2,32,0.699,feature,392.94,success,1.3753
build_02795,2025-09-23T06:35:17.543926,6,1,618.13,574,1351,36,4,4,0.561,main,1130.79,failed,2.2616
build_02796,2025-10-01T04:35:17.543926,4,2,988.75,520,71,51,16,8,0.609,feature,66.08,success,0.4846
build_02797,2025-08-13T23:35:17.543926,23,2,1132.27,138,842,35,2,16,0.621,feature,486.38,success,1.0538
build_02798,2026-01-20T06:35:17.543926,6,1,302.87,274,80,32,2,32,0.691,feature,57.67,success,0.2019
build_02799,2025-10-30T10:35:17.543926,10,3,1055.56,80,57,26,8,4,0.939,feature,101.66,success,0.3727
build_02800,2025-11-11T15:35:17.543926,15,1,48.56,1168,93,32,8,8,0.378,feature,99.5,success,0.398
build_02801,2025-08-23T20:35:17.543926,20,5,251.35,469,163,52,8,4,0.695,feature,122.33,success,0.4485
build_02802,2025-10-05T18:35:17.543926,18,6,1213.99,264,815,29,2,16,0.928,feature,448.48,success,0.9717
build_02803,2025-12-20T05:35:17.543926,5,5,4014.8,517,229,40,2,16,0.736,feature,289.15,success,0.6265
build_02804,2025-07-31T23:35:17.543926,23,3,1634.85,393,313,40,2,4,0.749,hotfix,228.46,success,0.2665
build_02805,2025-11-11T15:35:17.543926,15,1,1201.27,282,190,27,2,8,0.294,main,327.93,success,0.4919
build_02806,2025-11-24T12:35:17.543926,12,0,1528.19,211,84,75,2,8,0.684,hotfix,165.21,success,0.2478
build_02807,2025-08-03T20:35:17.543926,20,6,1567.45,526,170,37,4,8,0.812,feature,180.0,success,0.42
build_02808,2026-01-20T05:35:17.543926,5,1,701.83,89,303,41,4,32,0.876,main,116.1,success,0.5031
build_02809,2025-07-26T18:35:17.543926,18,5,519.59,131,205,44,2,8,0.742,feature,137.18,success,0.2058
build_02810,2026-01-17T01:35:17.543926,1,5,657.74,238,115,59,2,4,0.495,release,169.22,success,0.1974
build_02811,2025-10-27T17:35:17.543926,17,0,13095.38,117,148,36,2,4,0.689,main,1624.22,success,1.8949
build_02812,2025-10-01T12:35:17.543926,12,2,497.35,125,174,54,2,8,0.657,feature,206.48,success,0.3097
build_02813,2025-12-17T11:35:17.543926,11,2,3306.55,107,45,57,2,32,0.857,feature,228.84,success,0.8009
build_02814,2025-11-10T01:35:17.543926,1,0,626.71,275,470,52,2,8,0.847,main,322.78,success,0.4842
build_02815,2025-08-06T13:35:17.543926,13,2,254.78,1616,813,47,2,4,0.818,feature,655.8,success,0.7651
build_02816,2025-11-15T15:35:17.543926,15,5,864.22,2698,128,41,2,16,0.705,feature,244.61,success,0.53
build_02817,2025-10-02T12:35:17.543926,12,3,568.52,1303,25,42,4,4,0.722,release,176.18,success,0.3524
build_02818,2025-08-08T11:35:17.543926,11,4,1374.8,1133,75,39,4,16,0.874,feature,161.68,success,0.485
build_02819,2025-11-02T00:35:17.543926,0,6,6948.3,285,37,39,4,4,0.96,feature,402.51,success,0.805
build_02820,2025-09-25T01:35:17.543926,1,3,4322.35,636,237,31,2,4,0.618,feature,420.74,success,0.4909
build_02821,2025-09-18T07:35:17.543926,7,3,630.09,872,22,61,16,8,0.332,feature,61.58,success,0.4516
build_02822,2025-10-28T21:35:17.543926,21,1,549.07,2555,559,37,2,32,0.85,feature,221.7,success,0.7759
build_02823,2026-01-17T11:35:17.543926,11,5,367.08,387,216,48,16,8,0.602,feature,107.72,failed,0.7899
build_02824,2025-08-26T15:35:17.543926,15,1,1131.92,318,282,39,4,4,0.712,feature,307.95,success,0.6159
build_02825,2025-07-28T12:35:17.543926,12,0,4406.29,424,105,48,2,4,0.851,release,487.89,success,0.5692
build_02826,2026-01-12T08:35:17.543926,8,0,672.45,244,1430,29,8,8,0.689,feature,569.72,success,2.2789
build_02827,2025-08-13T21:35:17.543926,21,2,4079.06,784,18,61,8,4,0.979,main,249.74,success,0.9157
build_02828,2025-10-17T22:35:17.543926,22,4,1039.85,1645,72,23,8,4,0.648,feature,162.47,success,0.5957
build_02829,2026-01-09T19:35:17.543926,19,4,6792.99,73,576,39,8,8,0.935,feature,425.03,success,1.7001
build_02830,2025-10-12T21:35:17.543926,21,6,333.13,1245,376,52,2,32,0.86,feature,141.61,success,0.4956
build_02831,2025-09-22T05:35:17.543926,5,0,461.12,441,119,37,2,4,0.86,feature,116.66,success,0.1361
build_02832,2026-01-16T06:35:17.543926,6,4,1976.63,292,22,19,2,4,0.78,main,196.0,success,0.2287
build_02833,2025-10-11T09:35:17.543926,9,5,603.27,144,86,31,2,8,0.418,feature,156.7,success,0.2351
build_02834,2025-08-21T17:35:17.543926,17,3,1430.11,798,428,35,4,8,0.443,hotfix,362.0,success,0.8447
build_02835,2025-12-15T20:35:17.543926,20,0,5118.55,130,80,55,2,8,0.657,feature,405.89,success,0.6088
build_02836,2025-12-20T22:35:17.543926,22,5,6949.21,181,381,34,4,8,0.54,feature,616.74,success,1.4391
build_02837,2025-12-12T01:35:17.543926,1,4,326.56,584,35,47,2,8,0.82,feature,64.99,success,0.0975
build_02838,2025-12-07T23:35:17.543926,23,6,964.86,303,54,36,8,32,0.708,feature,37.45,success,0.2247
build_02839,2026-01-19T05:35:17.543926,5,0,1626.89,97,181,28,16,8,0.27,feature,133.08,success,0.9759
build_02840,2025-09-05T15:35:17.543926,15,4,5998.29,1521,861,49,2,8,0.592,feature,1136.41,success,1.7046
build_02841,2026-01-05T14:35:17.543926,14,0,251.09,324,71,45,2,16,0.958,main,82.2,success,0.1781
build_02842,2025-09-10T01:35:17.543926,1,2,309.42,434,137,62,8,4,0.868,feature,96.37,success,0.3534
build_02843,2025-11-14T14:35:17.543926,14,4,1272.04,476,67,47,2,8,0.716,feature,188.06,success,0.2821
build_02844,2025-12-09T02:35:17.543926,2,1,2181.6,593,17,32,2,16,0.881,feature,135.86,success,0.2944
build_02845,2026-01-15T05:35:17.543926,5,3,827.84,1019,42,41,2,4,0.87,main,104.52,success,0.1219
build_02846,2025-09-26T14:35:17.543926,14,4,407.93,108,174,42,8,8,0.896,feature,86.8,success,0.3472
build_02847,2025-12-18T03:35:17.543926,3,3,64.45,582,112,39,2,4,0.5,feature,100.14,success,0.1168
build_02848,2025-10-14T09:35:17.543926,9,1,1029.26,424,269,47,4,4,0.653,feature,351.97,success,0.7039
build_02849,2025-10-07T16:35:17.543926,16,1,1556.71,835,2424,54,2,32,0.818,feature,1342.75,success,4.6996
build_02850,2025-07-31T17:35:17.543926,17,3,301.24,947,52,51,2,4,0.709,main,126.79,success,0.1479
build_02851,2025-10-12T11:35:17.543926,11,6,232.52,134,206,29,2,8,0.655,feature,186.36,success,0.2795
build_02852,2025-12-23T17:35:17.543926,17,1,959.69,374,25,28,4,4,0.609,main,151.3,success,0.3026
build_02853,2025-09-06T10:35:17.543926,10,5,254.57,129,46,88,4,8,0.744,release,92.05,success,0.2148
build_02854,2025-09-16T06:35:17.543926,6,1,59306.43,548,50,55,4,16,0.728,feature,2652.84,success,7.9585
build_02855,2025-09-04T16:35:17.543926,16,3,111.48,222,56,44,2,4,0.644,main,87.11,success,0.1016
build_02856,2025-11-17T13:35:17.543926,13,0,419.82,239,569,35,2,8,0.145,feature,507.49,success,0.7612
build_02857,2025-08-16T04:35:17.543926,4,5,965.08,1195,158,40,4,4,0.762,feature,201.8,success,0.4036
build_02858,2025-11-03T18:35:17.543926,18,0,4382.44,93,92,47,4,4,0.971,feature,267.15,success,0.5343
build_02859,2026-01-18T09:35:17.543926,9,6,12007.01,219,92,30,16,4,0.9,main,849.05,success,5.9433
build_02860,2025-08-02T19:35:17.543926,19,5,2924.0,804,423,56,8,4,0.564,feature,438.01,success,1.606
build_02861,2025-10-12T23:35:17.543926,23,6,552.25,126,101,33,2,32,0.741,feature,74.03,success,0.2591
build_02862,2025-08-12T21:35:17.543926,21,1,9863.3,201,82,35,2,8,0.723,release,1021.65,success,1.5325
build_02863,2025-10-13T09:35:17.543926,9,0,173.43,137,51,67,16,16,0.806,feature,21.89,success,0.1751
build_02864,2025-12-02T23:35:17.543926,23,1,5521.81,255,55,38,2,16,0.792,release,391.24,success,0.8477
build_02865,2025-08-07T16:35:17.543926,16,3,945.31,559,161,38,2,16,0.607,feature,208.7,success,0.4522
build_02866,2025-10-06T12:35:17.543926,12,0,936.85,54,84,59,4,8,0.902,main,136.97,success,0.3196
build_02867,2025-09-05T01:35:17.543926,1,4,73.21,383,649,52,4,4,0.867,feature,319.32,success,0.6386
build_02868,2025-09-01T00:35:17.543926,0,0,2697.12,625,19,31,4,32,0.774,feature,96.99,success,0.4203
build_02869,2025-07-28T15:35:17.543926,15,0,668.73,1072,88,45,2,4,0.898,release,187.87,success,0.2192
build_02870,2025-08-11T19:35:17.543926,19,0,222.6,456,89,42,2,8,0.404,main,129.71,success,0.1946
build_02871,2025-09-19T03:35:17.543926,3,4,2909.28,342,96,39,16,8,0.911,hotfix,85.81,success,0.6293
build_02872,2025-12-30T02:35:17.543926,2,1,24462.71,195,82,36,2,4,0.685,hotfix,1401.81,success,1.6354
build_02873,2025-08-15T12:35:17.543926,12,4,296.5,503,710,44,8,4,0.605,feature,478.4,success,1.7541
build_02874,2025-10-24T15:35:17.543926,15,4,73117.61,141,29,51,8,16,0.773,release,3319.6,success,15.4915
build_02875,2025-12-28T10:35:17.543926,10,6,17857.41,276,784,64,8,16,0.638,hotfix,692.1,success,3.2298
build_02876,2025-11-22T18:35:17.543926,18,5,1050.34,486,2096,44,2,4,0.687,hotfix,1027.59,success,1.1989
build_02877,2025-11-01T15:35:17.543926,15,5,3644.67,899,58,46,8,4,0.909,feature,318.94,failed,1.1694
build_02878,2025-12-05T00:35:17.543926,0,4,1046.54,1009,152,50,4,16,0.82,feature,114.56,success,0.3437
build_02879,2025-12-01T03:35:17.543926,3,0,294.88,376,17,28,2,16,0.877,main,43.71,success,0.0947
build_02880,2025-09-19T01:35:17.543926,1,4,1645.11,479,22,82,2,8,0.604,release,185.82,success,0.2787
build_02881,2026-01-16T18:35:17.543926,18,4,2405.37,1749,102,46,2,8,0.858,feature,243.77,success,0.3657
build_02882,2025-10-19T07:35:17.543926,7,6,2018.63,175,240,55,2,4,0.762,feature,224.44,success,0.2618
build_02883,2026-01-07T21:35:17.543926,21,2,3681.58,146,174,40,2,8,0.84,feature,306.98,success,0.4605
build_02884,2026-01-10T08:35:17.543926,8,5,1375.93,326,106,49,4,8,0.862,feature,120.44,success,0.281
build_02885,2025-11-23T18:35:17.543926,18,6,1224.52,413,192,39,2,16,0.804,feature,173.11,success,0.3751
build_02886,2026-01-13T11:35:17.543926,11,1,1677.75,361,9,71,16,8,0.433,feature,117.67,success,0.8629
build_02887,2025-11-29T23:35:17.543926,23,5,342.32,114,130,41,4,8,0.555,feature,121.5,success,0.2835
build_02888,2025-11-26T01:35:17.543926,1,2,486.62,771,391,43,2,4,0.825,main,284.95,success,0.3324
build_02889,2025-11-01T08:35:17.543926,8,5,117.09,221,77,28,16,4,0.92,main,38.23,failed,0.2676
build_02890,2025-09-16T18:35:17.543926,18,1,1162.42,334,63,63,2,4,0.538,main,183.13,failed,0.2137
build_02891,2025-10-22T18:35:17.543926,18,2,1538.32,316,161,37,4,8,0.601,feature,172.18,success,0.4017
build_02892,2025-12-01T15:35:17.543926,15,0,1789.26,76,678,27,2,4,0.513,release,947.28,success,1.1052
build_02893,2025-12-29T22:35:17.543926,22,0,3091.86,5133,75,43,4,4,0.446,release,564.14,success,1.1283
build_02894,2025-11-30T23:35:17.543926,23,6,571.56,65,29,53,2,8,0.86,release,63.01,success,0.0945
build_02895,2025-08-23T16:35:17.543926,16,5,138.29,535,639,46,8,16,0.552,feature,246.87,success,1.1521
build_02896,2025-09-05T08:35:17.543926,8,4,1012.44,486,221,47,4,4,0.83,hotfix,141.64,failed,0.2833
build_02897,2026-01-04T19:35:17.543926,19,6,582.85,470,466,71,2,4,0.745,feature,304.2,success,0.3549
build_02898,2026-01-02T17:35:17.543926,17,4,1270.05,383,256,56,2,32,0.954,feature,186.8,success,0.6538
build_02899,2026-01-09T06:35:17.543926,6,4,41.94,79,224,34,4,16,0.687,feature,94.85,success,0.2845
build_02900,2025-10-19T07:35:17.543926,7,6,8942.29,313,15,43,16,8,0.808,feature,300.3,success,2.2022
build_02901,2025-10-01T08:35:17.543926,8,2,6922.98,822,46,70,8,4,0.721,feature,451.68,success,1.6562
build_02902,2025-08-22T22:35:17.543926,22,4,4399.0,240,3367,95,4,4,0.679,main,2158.67,success,4.3173
build_02903,2025-10-29T21:35:17.543926,21,2,64.14,381,35,53,16,4,0.858,main,29.06,success,0.2034
build_02904,2025-12-17T06:35:17.543926,6,2,44.25,497,23,35,8,8,0.472,hotfix,27.07,success,0.1083
build_02905,2025-08-16T00:35:17.543926,0,5,275.55,609,177,29,2,4,0.726,feature,120.22,success,0.1403
build_02906,2025-11-25T12:35:17.543926,12,1,133.76,169,96,41,4,8,0.691,feature,83.0,success,0.1937
build_02907,2025-10-20T05:35:17.543926,5,0,605.5,1101,56,63,4,8,0.835,main,140.05,success,0.3268
build_02908,2025-11-19T01:35:17.543926,1,2,1126.65,1743,599,52,16,8,0.617,feature,232.91,success,1.708
build_02909,2025-09-12T07:35:17.543926,7,4,5331.71,1213,871,61,4,16,0.592,feature,620.2,success,1.8606
build_02910,2025-12-05T02:35:17.543926,2,4,527.72,787,601,39,8,4,0.876,feature,258.86,success,0.9492
build_02911,2025-09-06T21:35:17.543926,21,5,3583.55,368,74,43,16,8,0.868,feature,142.43,success,1.0445
build_02912,2025-12-21T14:35:17.543926,14,6,575.29,51,44,61,8,16,0.746,feature,43.83,success,0.2045
build_02913,2025-09-17T11:35:17.543926,11,2,3064.45,465,24,31,4,8,0.644,feature,305.7,success,0.7133
build_02914,2025-09-02T14:35:17.543926,14,1,157.47,103,253,33,16,4,0.836,main,140.68,success,0.9848
build_02915,2025-11-20T10:35:17.543926,10,3,19955.76,838,166,38,2,16,0.675,release,2117.83,success,4.5886
build_02916,2025-10-13T08:35:17.543926,8,0,4361.58,1746,20,56,8,8,0.95,feature,221.67,success,0.8867
build_02917,2025-12-02T00:35:17.543926,0,1,34796.62,301,1024,47,16,4,0.737,feature,2022.28,failed,14.1559
build_02918,2025-12-02T05:35:17.543926,5,1,52.86,592,120,50,8,8,0.693,feature,55.08,success,0.2203
build_02919,2025-08-04T04:35:17.543926,4,0,1922.86,250,145,31,2,4,0.334,hotfix,230.57,failed,0.269
build_02920,2026-01-06T21:35:17.543926,21,1,137.7,397,257,44,8,4,0.911,feature,108.06,failed,0.3962
build_02921,2025-07-29T19:35:17.543926,19,1,941.96,1500,210,49,4,16,0.895,feature,149.78,success,0.4493
build_02922,2025-12-18T01:35:17.543926,1,3,10795.66,551,125,33,4,8,0.721,release,859.27,success,2.005
build_02923,2025-09-19T07:35:17.543926,7,4,963.0,611,126,38,4,4,0.479,release,214.09,success,0.4282
build_02924,2026-01-12T09:35:17.543926,9,0,757.86,515,448,27,2,32,0.511,feature,309.8,success,1.0843
build_02925,2025-08-13T00:35:17.543926,0,2,2213.21,781,1203,51,4,8,0.548,feature,702.81,success,1.6399
build_02926,2025-08-30T01:35:17.543926,1,5,3915.22,561,149,85,16,8,0.324,feature,218.62,success,1.6032
build_02927,2025-10-13T09:35:17.543926,9,0,7432.97,345,69,60,2,8,0.842,main,780.06,success,1.1701
build_02928,2025-11-17T07:35:17.543926,7,0,25466.7,1220,67,33,2,4,0.842,feature,1629.69,failed,1.9013
build_02929,2025-08-27T16:35:17.543926,16,2,11415.1,435,89,49,4,4,0.686,release,1225.88,success,2.4518
build_02930,2025-09-24T21:35:17.543926,21,2,3311.43,1792,186,61,16,4,0.843,main,328.04,success,2.2963
build_02931,2025-11-26T00:35:17.543926,0,2,1012.48,1120,18,52,8,8,0.694,feature,87.89,success,0.3516
build_02932,2025-09-15T10:35:17.543926,10,0,8568.79,1329,199,33,8,4,0.732,feature,821.3,success,3.0114
build_02933,2025-10-12T02:35:17.543926,2,6,4972.94,90,179,47,4,4,0.317,feature,540.63,success,1.0813
build_02934,2026-01-17T01:35:17.543926,1,5,228.8,432,16,31,4,16,0.893,feature,23.71,success,0.0711
build_02935,2025-08-15T06:35:17.543926,6,4,10888.53,1066,454,33,2,8,0.385,feature,936.3,success,1.4045
build_02936,2025-07-25T04:35:17.543926,4,4,1327.35,469,2489,37,2,4,0.884,feature,1265.46,failed,1.4764
build_02937,2025-12-26T00:35:17.543926,0,4,31.53,277,354,42,4,4,0.79,release,289.21,success,0.5784
build_02938,2025-10-19T07:35:17.543926,7,6,3341.56,139,40,36,4,16,0.646,feature,164.95,success,0.4949
build_02939,2025-12-30T07:35:17.543926,7,1,857.32,1204,351,39,4,8,0.643,feature,245.48,success,0.5728
build_02940,2025-09-22T01:35:17.543926,1,0,838.79,217,97,46,2,4,0.471,feature,139.71,success,0.163
build_02941,2025-12-01T00:35:17.543926,0,0,230.25,1293,8,22,2,8,0.689,feature,69.78,success,0.1047
build_02942,2025-12-04T07:35:17.543926,7,3,10226.18,126,77,44,16,4,0.482,feature,622.42,success,4.357
build_02943,2025-10-16T07:35:17.543926,7,3,1070.55,2768,225,27,8,8,0.734,main,237.84,success,0.9514
build_02944,2025-11-22T11:35:17.543926,11,5,2705.45,1821,370,28,2,8,0.718,main,604.13,success,0.9062
build_02945,2026-01-01T05:35:17.543926,5,3,1350.76,247,489,24,8,16,0.735,feature,190.28,success,0.888
build_02946,2025-11-19T11:35:17.543926,11,2,17073.32,924,1486,43,4,4,0.872,release,2682.48,success,5.365
build_02947,2025-11-02T16:35:17.543926,16,6,439.82,73,16,24,16,16,0.891,release,17.94,success,0.1435
build_02948,2025-08-11T20:35:17.543926,20,0,9294.52,3762,1152,51,2,8,0.937,feature,1159.61,success,1.7394
build_02949,2025-11-19T07:35:17.543926,7,2,805.1,552,119,28,8,16,0.46,release,114.59,success,0.5348
build_02950,2025-08-28T21:35:17.543926,21,3,583.29,451,12,55,8,8,0.62,main,61.38,success,0.2455
build_02951,2025-09-26T15:35:17.543926,15,4,57.95,845,43,91,2,4,0.623,hotfix,78.69,success,0.0918
build_02952,2025-11-07T07:35:17.543926,7,4,42.05,387,67,47,4,8,0.587,feature,60.57,success,0.1413
build_02953,2026-01-16T18:35:17.543926,18,4,4097.05,605,113,52,16,4,0.845,hotfix,217.15,failed,1.52
build_02954,2025-10-27T11:35:17.543926,11,0,123.1,592,469,58,2,4,0.812,hotfix,268.71,success,0.3135
build_02955,2025-10-22T09:35:17.543926,9,2,194.72,212,136,45,16,8,0.639,hotfix,52.56,success,0.3855
build_02956,2025-11-17T21:35:17.543926,21,0,248.44,4812,248,37,2,8,0.911,feature,292.32,success,0.4385
build_02957,2025-11-21T18:35:17.543926,18,4,1210.43,468,660,46,4,8,0.818,feature,359.41,success,0.8386
build_02958,2025-08-03T18:35:17.543926,18,6,20769.37,722,249,38,4,4,0.942,feature,1224.19,failed,2.4484
build_02959,2025-10-23T14:35:17.543926,14,3,4805.99,291,304,21,2,16,0.882,feature,635.28,success,1.3764
build_02960,2025-08-31T19:35:17.543926,19,6,11832.36,459,218,45,4,16,0.61,feature,799.01,success,2.397
build_02961,2025-10-06T10:35:17.543926,10,0,591.91,452,144,47,2,32,0.529,release,191.88,success,0.6716
build_02962,2025-11-02T10:35:17.543926,10,6,622.81,1245,20,36,8,8,0.729,feature,79.66,success,0.3186
build_02963,2026-01-02T20:35:17.543926,20,4,11242.55,339,215,25,16,4,0.899,feature,581.11,failed,4.0678
build_02964,2025-08-07T15:35:17.543926,15,3,1388.77,183,141,47,2,4,0.871,feature,231.22,failed,0.2698
build_02965,2025-12-24T04:35:17.543926,4,2,1358.76,197,382,57,2,16,0.725,release,421.46,success,0.9132
build_02966,2025-12-09T13:35:17.543926,13,1,184.65,354,141,41,2,4,0.663,release,158.42,success,0.1848
build_02967,2025-09-30T15:35:17.543926,15,1,2597.81,142,167,33,16,8,0.813,feature,137.02,success,1.0048
build_02968,2025-10-18T23:35:17.543926,23,5,673.48,483,92,39,2,4,0.728,main,121.17,failed,0.1414
build_02969,2025-11-30T21:35:17.543926,21,6,515.13,310,66,32,8,4,0.597,feature,77.41,success,0.2838
build_02970,2025-09-06T05:35:17.543926,5,5,1581.0,76,352,30,2,32,0.545,release,278.25,success,0.9739
build_02971,2025-08-29T15:35:17.543926,15,4,594.61,922,110,47,8,4,0.816,hotfix,125.41,success,0.4598
build_02972,2025-11-05T12:35:17.543926,12,2,1241.4,1318,567,50,2,8,0.692,feature,623.86,success,0.9358
build_02973,2025-09-27T13:35:17.543926,13,5,1776.31,488,70,28,2,16,0.46,main,243.79,success,0.5282
build_02974,2025-08-05T14:35:17.543926,14,1,1505.88,401,60,20,2,32,0.727,feature,139.34,success,0.4877
build_02975,2025-10-26T09:35:17.543926,9,6,1130.84,366,136,27,2,16,0.594,main,213.67,success,0.463
build_02976,2025-12-12T22:35:17.543926,22,4,243.69,193,891,38,8,4,0.964,hotfix,310.07,success,1.1369
build_02977,2025-12-08T16:35:17.543926,16,0,1190.3,556,138,45,4,16,0.863,main,171.48,success,0.5144
build_02978,2026-01-04T13:35:17.543926,13,6,12483.7,446,234,24,4,8,0.32,feature,1316.79,success,3.0725
build_02979,2025-09-14T01:35:17.543926,1,6,734.25,159,83,44,4,32,0.344,feature,67.46,success,0.2923
build_02980,2025-12-28T18:35:17.543926,18,6,3348.64,479,98,45,16,4,0.765,feature,172.87,success,1.2101
build_02981,2025-12-18T10:35:17.543926,10,3,13792.78,42,73,31,2,8,0.669,feature,1433.3,success,2.15
build_02982,2025-07-24T21:35:17.543926,21,3,293.05,228,950,59,8,4,0.945,main,424.69,success,1.5572
build_02983,2025-07-30T17:35:17.543926,17,2,2531.9,97,630,44,4,8,0.767,feature,533.95,success,1.2459
build_02984,2025-10-30T13:35:17.543926,13,3,549.42,362,129,54,4,4,0.517,feature,166.08,success,0.3322
build_02985,2026-01-07T18:35:17.543926,18,2,1042.9,280,226,37,4,4,0.61,hotfix,163.23,success,0.3265
build_02986,2025-11-22T23:35:17.543926,23,5,168.21,2030,26,42,2,8,0.577,feature,97.96,success,0.1469
build_02987,2025-07-30T20:35:17.543926,20,2,1524.88,303,479,26,8,4,0.887,release,374.8,failed,1.3743
build_02988,2025-08-31T17:35:17.543926,17,6,924.96,716,126,62,8,8,0.653,feature,153.24,success,0.613
build_02989,2025-12-09T00:35:17.543926,0,1,1860.86,388,189,43,8,32,0.496,feature,96.85,success,0.5811
build_02990,2025-10-24T11:35:17.543926,11,4,283.4,159,83,44,4,4,0.39,feature,102.04,success,0.2041
build_02991,2025-09-27T14:35:17.543926,14,5,7667.7,1016,729,52,4,8,0.574,feature,1111.05,failed,2.5925
build_02992,2025-08-09T02:35:17.543926,2,5,4683.23,295,2059,46,4,16,0.796,main,1131.65,success,3.3949
build_02993,2025-10-31T23:35:17.543926,23,4,1144.42,716,126,27,2,8,0.413,release,260.21,success,0.3903
build_02994,2025-08-09T04:35:17.543926,4,5,1358.39,304,153,46,2,8,0.744,feature,209.06,success,0.3136
build_02995,2025-10-26T05:35:17.543926,5,6,491.22,421,242,54,8,8,0.509,feature,125.05,success,0.5002
build_02996,2025-09-28T16:35:17.543926,16,6,6467.96,392,80,46,4,4,0.632,hotfix,434.69,success,0.8694
build_02997,2025-10-09T03:35:17.543926,3,3,401.08,375,268,56,2,8,0.687,main,262.88,success,0.3943
build_02998,2025-08-29T07:35:17.543926,7,4,3707.94,195,37,47,8,4,0.631,release,315.85,failed,1.1581
build_02999,2025-11-02T04:35:17.543926,4,6,513.69,443,273,28,8,32,0.579,main,92.69,success,0.5561
build_03000,2025-09-07T13:35:17.543926,13,6,1025.6,1164,39,20,8,32,0.777,feature,59.22,success,0.3553
build_03001,2025-10-24T18:35:17.543926,18,4,32.92,32,62,48,16,4,0.89,feature,28.16,success,0.1971
build_03002,2025-08-31T04:35:17.543926,4,6,12108.4,552,50,51,2,16,0.754,feature,873.99,success,1.8936
build_03003,2025-09-10T05:35:17.543926,5,2,394.01,206,231,35,4,8,0.778,feature,135.78,success,0.3168
build_03004,2025-10-28T01:35:17.543926,1,1,452.07,176,427,42,4,8,0.766,feature,257.46,success,0.6007
build_03005,2025-09-29T09:35:17.543926,9,0,26127.55,402,142,30,4,8,0.809,feature,2199.91,success,5.1331
build_03006,2025-11-12T03:35:17.543926,3,2,3147.0,531,126,44,4,4,0.93,hotfix,204.01,success,0.408
build_03007,2025-12-03T20:35:17.543926,20,2,277.51,1735,18,37,8,8,0.622,release,82.77,success,0.3311
build_03008,2025-09-04T12:35:17.543926,12,3,12673.91,302,3837,53,4,4,0.748,main,4263.01,success,8.526
build_03009,2025-09-20T21:35:17.543926,21,5,2764.88,125,428,58,16,16,0.595,feature,134.49,success,1.076
build_03010,2025-07-31T06:35:17.543926,6,3,320.86,666,410,40,16,8,0.904,main,143.82,success,1.0547
build_03011,2025-11-03T04:35:17.543926,4,0,4653.42,86,348,53,2,4,0.855,feature,522.8,failed,0.6099
build_03012,2025-12-24T08:35:17.543926,8,2,223.38,265,244,52,2,8,0.626,release,216.61,success,0.3249
build_03013,2025-11-04T23:35:17.543926,23,1,19065.35,95,210,63,8,8,0.523,feature,972.99,failed,3.892
build_03014,2025-08-20T23:35:17.543926,23,2,467.1,1047,208,39,16,8,0.645,release,123.45,success,0.9053
build_03015,2025-08-09T15:35:17.543926,15,5,3101.28,251,428,69,16,16,0.824,main,239.85,success,1.9188
build_03016,2025-07-25T16:35:17.543926,16,4,3423.02,362,314,51,16,8,0.802,release,344.86,success,2.529
build_03017,2025-12-01T17:35:17.543926,17,0,1412.17,449,88,57,2,16,0.371,feature,219.91,success,0.4765
build_03018,2025-12-22T06:35:17.543926,6,0,2536.08,466,62,58,4,8,0.742,feature,188.35,success,0.4395
build_03019,2025-12-28T12:35:17.543926,12,6,1482.06,68,134,31,8,16,0.718,feature,106.99,success,0.4993
build_03020,2025-10-15T18:35:17.543926,18,2,652.52,148,214,49,4,8,0.682,feature,144.7,success,0.3376
build_03021,2025-10-04T16:35:17.543926,16,5,493.77,268,1841,25,16,4,0.955,feature,732.46,success,5.1272
build_03022,2025-12-08T21:35:17.543926,21,0,1028.54,130,526,51,4,8,0.742,feature,289.59,success,0.6757
build_03023,2025-12-04T21:35:17.543926,21,3,532.58,362,177,45,16,8,0.852,feature,74.37,success,0.5454
build_03024,2025-08-06T01:35:17.543926,1,2,7656.2,1054,264,66,4,4,0.639,release,1062.01,success,2.124
build_03025,2025-09-27T10:35:17.543926,10,5,1146.45,639,12,40,8,32,0.845,release,61.71,success,0.3702
build_03026,2025-08-24T13:35:17.543926,13,6,2618.38,356,54,44,4,32,0.787,feature,134.65,success,0.5835
build_03027,2025-08-02T04:35:17.543926,4,5,3646.92,184,20,54,2,4,0.774,main,323.63,success,0.3776
build_03028,2025-10-08T18:35:17.543926,18,2,161.96,1141,734,65,2,4,0.916,main,479.36,success,0.5593
build_03029,2025-07-28T21:35:17.543926,21,0,847.78,305,10,53,4,8,0.467,feature,83.07,success,0.1938
build_03030,2025-10-27T02:35:17.543926,2,0,1872.99,655,69,36,8,4,0.789,feature,175.91,success,0.645
build_03031,2025-11-30T20:35:17.543926,20,6,4263.96,625,131,41,8,4,0.569,release,517.18,success,1.8963
build_03032,2025-09-23T09:35:17.543926,9,1,3111.92,330,459,34,4,8,0.84,feature,560.64,success,1.3082
build_03033,2025-12-09T12:35:17.543926,12,1,64.58,113,278,43,4,8,0.298,feature,198.71,success,0.4637
build_03034,2025-11-11T03:35:17.543926,3,1,440.23,334,456,28,2,8,0.622,feature,316.83,failed,0.4752
build_03035,2025-11-26T13:35:17.543926,13,2,4952.3,140,60,35,2,32,0.962,feature,307.92,success,1.0777
build_03036,2025-08-16T23:35:17.543926,23,5,3595.33,243,93,47,2,16,0.91,main,218.95,success,0.4744
build_03037,2025-11-17T23:35:17.543926,23,0,5554.03,339,70,45,4,4,0.6,main,456.51,success,0.913
build_03038,2025-12-06T19:35:17.543926,19,5,6689.28,223,81,52,2,4,0.86,feature,384.57,success,0.4487
build_03039,2025-10-01T01:35:17.543926,1,2,521.43,363,120,77,8,4,0.366,feature,139.51,success,0.5115
build_03040,2025-10-03T17:35:17.543926,17,4,6330.32,3240,18,57,8,16,0.727,feature,322.44,success,1.5047
build_03041,2025-07-27T01:35:17.543926,1,6,956.28,141,217,45,2,8,0.578,feature,212.0,success,0.318
build_03042,2025-10-28T10:35:17.543926,10,1,634.12,442,60,40,2,8,0.856,hotfix,88.1,success,0.1321
build_03043,2025-08-29T00:35:17.543926,0,4,26873.41,181,462,52,4,16,0.728,release,1938.09,success,5.8143
build_03044,2025-08-10T07:35:17.543926,7,6,9716.25,2287,14,43,4,4,0.837,hotfix,528.22,failed,1.0564
build_03045,2025-12-03T23:35:17.543926,23,2,1921.88,554,62,56,8,4,0.768,feature,180.75,success,0.6627
build_03046,2025-12-12T03:35:17.543926,3,4,1947.21,507,159,56,16,8,0.397,feature,133.25,success,0.9772
build_03047,2025-10-29T11:35:17.543926,11,2,147.43,489,217,62,8,16,0.715,hotfix,80.24,success,0.3745
build_03048,2025-12-23T09:35:17.543926,9,1,458.52,391,377,24,2,4,0.768,hotfix,231.42,success,0.27
build_03049,2025-11-20T19:35:17.543926,19,3,1317.05,204,1195,28,2,4,0.856,main,797.13,success,0.93
build_03050,2025-08-13T03:35:17.543926,3,2,1662.29,256,117,60,2,4,0.444,feature,230.87,success,0.2693
build_03051,2025-07-28T18:35:17.543926,18,0,1789.61,1846,365,26,4,8,0.973,feature,267.41,success,0.624
build_03052,2025-08-28T20:35:17.543926,20,3,2286.94,181,74,47,8,8,0.616,feature,184.48,failed,0.7379
build_03053,2025-10-26T05:35:17.543926,5,6,10845.36,217,582,52,2,4,0.536,feature,1274.1,success,1.4865
build_03054,2025-09-22T12:35:17.543926,12,0,938.34,218,210,47,4,8,0.635,main,248.01,success,0.5787
build_03055,2025-09-13T14:35:17.543926,14,5,22598.89,1541,225,73,4,8,0.648,hotfix,1700.84,success,3.9686
build_03056,2025-11-14T21:35:17.543926,21,4,1269.7,244,4171,35,2,16,0.658,feature,2299.28,failed,4.9818
build_03057,2025-08-11T22:35:17.543926,22,0,717.67,424,88,40,16,32,0.645,feature,22.45,success,0.2096
build_03058,2025-08-22T10:35:17.543926,10,4,358.08,914,602,31,4,8,0.29,feature,458.33,success,1.0694
build_03059,2026-01-17T22:35:17.543926,22,5,10000.32,2240,351,43,16,4,0.772,feature,626.29,success,4.384
build_03060,2025-09-26T22:35:17.543926,22,4,6192.66,148,282,37,16,4,0.442,feature,480.14,success,3.361
build_03061,2025-11-19T05:35:17.543926,5,2,352.0,324,260,45,4,8,0.64,main,172.45,success,0.4024
build_03062,2025-12-10T10:35:17.543926,10,2,7565.77,547,105,36,2,16,0.788,feature,703.56,success,1.5244
build_03063,2025-08-20T23:35:17.543926,23,2,177.64,1157,116,53,2,4,0.518,main,168.46,success,0.1965
build_03064,2025-08-12T13:35:17.543926,13,1,102.44,159,304,44,8,16,0.561,feature,112.54,success,0.5252
build_03065,2025-12-09T16:35:17.543926,16,1,599.33,141,515,40,4,4,0.776,feature,347.95,success,0.6959
build_03066,2025-12-04T00:35:17.543926,0,3,78.72,192,354,29,2,4,0.944,main,244.52,success,0.2853
build_03067,2025-12-03T23:35:17.543926,23,2,1059.06,615,66,37,16,16,0.878,hotfix,30.27,success,0.2422
build_03068,2025-09-23T03:35:17.543926,3,1,189.23,259,31,38,4,8,0.646,main,45.84,success,0.1069
build_03069,2025-12-13T19:35:17.543926,19,5,7915.53,108,74,58,4,8,0.528,feature,552.91,success,1.2901
build_03070,2026-01-04T16:35:17.543926,16,6,1773.78,690,225,54,2,32,0.828,feature,229.47,success,0.8031
build_03071,2025-08-11T20:35:17.543926,20,0,5645.14,975,95,42,8,16,0.604,main,279.59,failed,1.3048
build_03072,2025-08-26T09:35:17.543926,9,1,651.12,171,45,67,2,4,0.665,main,136.63,success,0.1594
build_03073,2025-09-28T03:35:17.543926,3,6,4805.22,281,1443,38,4,16,0.453,feature,828.79,success,2.4864
build_03074,2025-11-05T01:35:17.543926,1,2,165.68,752,109,39,2,4,0.794,feature,96.06,success,0.1121
build_03075,2025-12-05T01:35:17.543926,1,4,1120.82,171,107,44,2,8,0.802,feature,108.4,success,0.1626
build_03076,2025-11-29T02:35:17.543926,2,5,884.22,185,1127,45,2,8,0.483,feature,736.99,success,1.1055
build_03077,2025-08-22T10:35:17.543926,10,4,467.41,196,18,37,4,8,0.937,main,61.72,success,0.144
build_03078,2025-07-29T23:35:17.543926,23,1,21956.51,109,295,62,8,32,0.491,feature,650.88,success,3.9053
build_03079,2025-10-30T13:35:17.543926,13,3,4397.95,3015,676,36,8,4,0.699,feature,788.95,success,2.8928
build_03080,2026-01-18T11:35:17.543926,11,6,1304.15,147,78,47,2,32,0.926,feature,120.19,success,0.4207
build_03081,2025-12-22T23:35:17.543926,23,0,451.44,522,200,43,16,8,0.612,hotfix,63.96,success,0.469
build_03082,2025-10-01T04:35:17.543926,4,2,1175.68,143,133,58,2,32,0.877,main,118.77,success,0.4157
build_03083,2025-09-07T15:35:17.543926,15,6,1107.18,810,78,66,4,4,0.74,feature,190.5,failed,0.381
build_03084,2025-09-24T17:35:17.543926,17,2,4281.71,249,178,35,2,8,0.364,feature,529.48,success,0.7942
build_03085,2025-09-13T21:35:17.543926,21,5,517.52,263,89,35,2,16,0.922,feature,64.4,success,0.1395
build_03086,2025-09-01T17:35:17.543926,17,0,15031.82,225,550,45,8,32,0.672,feature,446.41,success,2.6784
build_03087,2025-11-17T23:35:17.543926,23,0,956.22,175,24,34,2,16,0.893,main,81.32,success,0.1762
build_03088,2025-12-26T16:35:17.543926,16,4,21297.36,963,251,30,4,8,0.81,main,1954.68,success,4.5609
build_03089,2025-08-05T13:35:17.543926,13,1,450.26,302,324,45,4,16,0.304,release,413.74,success,1.2412
build_03090,2026-01-02T23:35:17.543926,23,4,47.78,797,41,50,4,8,0.898,hotfix,36.5,success,0.0852
build_03091,2025-09-05T04:35:17.543926,4,4,1320.22,1611,292,37,16,4,0.838,main,226.79,success,1.5875
build_03092,2025-11-17T04:35:17.543926,4,0,2960.78,1600,71,32,4,16,0.901,feature,181.63,success,0.5449
build_03093,2025-10-18T13:35:17.543926,13,5,585.96,366,148,35,4,16,0.827,feature,113.1,success,0.3393
build_03094,2025-11-30T08:35:17.543926,8,6,766.82,99,272,46,2,4,0.526,hotfix,183.12,success,0.2136
build_03095,2025-08-10T01:35:17.543926,1,6,4681.52,903,55,41,4,8,0.703,feature,273.98,success,0.6393
build_03096,2025-11-05T16:35:17.543926,16,2,838.45,1120,229,47,8,4,0.639,release,361.69,success,1.3262
build_03097,2025-12-14T13:35:17.543926,13,6,1672.42,426,267,38,2,4,0.659,feature,406.72,success,0.4745
build_03098,2025-08-26T00:35:17.543926,0,1,246.11,199,107,49,8,8,0.919,feature,41.37,success,0.1655
build_03099,2025-08-30T21:35:17.543926,21,5,7180.86,588,208,37,2,16,0.911,hotfix,398.26,success,0.8629
build_03100,2025-12-13T12:35:17.543926,12,5,292.43,373,23,61,2,8,0.648,hotfix,64.61,success,0.0969
build_03101,2025-11-05T06:35:17.543926,6,2,2594.9,103,164,48,8,4,0.74,feature,195.14,failed,0.7155
build_03102,2025-09-16T11:35:17.543926,11,1,201.98,2392,562,61,16,8,0.7,feature,249.8,success,1.8319
build_03103,2026-01-04T06:35:17.543926,6,6,647.3,481,61,48,2,4,0.527,release,130.16,success,0.1518
build_03104,2025-12-20T16:35:17.543926,16,5,661.17,503,121,48,16,4,0.822,feature,98.97,success,0.6928
build_03105,2025-08-21T17:35:17.543926,17,3,122.15,621,31,32,2,4,0.955,feature,57.05,success,0.0666
build_03106,2025-12-14T09:35:17.543926,9,6,1049.13,1892,22,41,4,32,0.717,feature,106.36,success,0.4609
build_03107,2026-01-06T18:35:17.543926,18,1,290.68,276,1656,41,4,16,0.876,main,689.69,success,2.0691
build_03108,2026-01-16T16:35:17.543926,16,4,1219.82,141,234,61,2,4,0.622,feature,314.14,success,0.3665
build_03109,2025-11-03T02:35:17.543926,2,0,649.98,871,155,52,4,4,0.576,feature,147.16,success,0.2943
build_03110,2025-08-13T01:35:17.543926,1,2,310.62,305,83,54,2,16,0.832,main,63.03,success,0.1366
build_03111,2025-09-16T03:35:17.543926,3,1,2500.93,633,33,56,4,8,0.784,main,195.37,success,0.4559
build_03112,2025-08-05T03:35:17.543926,3,1,6497.47,927,240,42,4,4,0.833,feature,631.87,success,1.2637
build_03113,2025-10-04T13:35:17.543926,13,5,1427.4,347,699,49,2,4,0.545,feature,563.3,success,0.6572
build_03114,2025-12-10T13:35:17.543926,13,2,92.48,603,215,37,4,16,0.694,feature,131.61,success,0.3948
build_03115,2026-01-18T20:35:17.543926,20,6,18696.47,1019,1006,41,4,16,0.857,feature,1278.5,success,3.8355
build_03116,2025-10-11T10:35:17.543926,10,5,2149.5,2432,160,29,2,4,0.716,feature,423.62,success,0.4942
build_03117,2025-11-06T11:35:17.543926,11,3,1377.81,53,242,45,2,8,0.961,feature,221.95,success,0.3329
build_03118,2025-10-27T18:35:17.543926,18,0,288.7,336,3809,59,16,8,0.771,feature,914.0,success,6.7027
build_03119,2025-10-24T03:35:17.543926,3,4,312.42,2756,800,38,16,4,0.722,feature,361.23,success,2.5286
build_03120,2025-12-15T05:35:17.543926,5,0,169.73,254,121,49,2,8,0.75,main,84.74,success,0.1271
build_03121,2025-12-05T05:35:17.543926,5,4,155.16,1037,47,28,4,4,0.909,feature,53.7,success,0.1074
build_03122,2025-10-15T18:35:17.543926,18,2,2158.33,499,231,48,4,16,0.832,main,213.31,success,0.6399
build_03123,2025-11-21T13:35:17.543926,13,4,2470.48,258,368,36,4,16,0.742,feature,279.48,success,0.8384
build_03124,2026-01-16T07:35:17.543926,7,4,548.93,1656,6,59,8,4,0.822,feature,76.95,failed,0.2822
build_03125,2026-01-18T06:35:17.543926,6,6,391.79,193,241,36,2,4,0.824,feature,168.53,success,0.1966
build_03126,2025-10-08T05:35:17.543926,5,2,9764.96,546,33,71,16,8,0.631,release,446.6,success,3.2751
build_03127,2025-09-09T04:35:17.543926,4,1,45.38,697,40,56,4,16,0.779,feature,42.0,failed,0.126
build_03128,2025-10-08T01:35:17.543926,1,2,173.17,850,64,44,2,16,0.726,feature,69.99,success,0.1516
build_03129,2025-10-18T00:35:17.543926,0,5,15971.54,139,90,62,4,8,0.642,feature,1107.1,success,2.5832
build_03130,2026-01-14T19:35:17.543926,19,2,121.15,221,1028,51,4,4,0.71,hotfix,357.04,success,0.7141
build_03131,2025-11-23T00:35:17.543926,0,6,2454.64,302,832,44,4,4,0.711,feature,664.82,success,1.3296
build_03132,2025-11-17T18:35:17.543926,18,0,8616.13,161,291,35,4,8,0.624,feature,591.39,success,1.3799
build_03133,2026-01-09T07:35:17.543926,7,4,19021.19,1108,314,40,4,4,0.836,feature,1310.82,failed,2.6216
build_03134,2025-12-29T08:35:17.543926,8,0,3058.8,316,345,36,2,4,0.851,feature,431.21,success,0.5031
build_03135,2025-10-08T06:35:17.543926,6,2,1679.59,53,72,43,16,4,0.849,feature,97.98,failed,0.6859
build_03136,2025-12-14T17:35:17.543926,17,6,1333.38,344,523,41,4,32,0.55,feature,247.27,success,1.0715
build_03137,2025-08-05T15:35:17.543926,15,1,1946.75,61,16,64,8,8,0.859,feature,127.28,failed,0.5091
build_03138,2025-10-11T19:35:17.543926,19,5,1682.14,1133,198,43,4,4,0.637,feature,316.36,success,0.6327
build_03139,2025-10-16T22:35:17.543926,22,3,1007.57,429,146,65,4,4,0.93,feature,150.51,success,0.301
build_03140,2025-11-25T23:35:17.543926,23,1,137.29,252,407,40,8,4,0.773,feature,191.76,success,0.7031
build_03141,2025-08-13T03:35:17.543926,3,2,2240.76,161,15,39,8,8,0.798,feature,132.71,success,0.5308
build_03142,2025-12-17T17:35:17.543926,17,2,1776.35,296,313,54,2,8,0.734,main,455.57,success,0.6834
build_03143,2025-09-11T16:35:17.543926,16,3,117.23,1054,88,57,2,16,0.811,main,138.33,success,0.2997
build_03144,2025-12-26T16:35:17.543926,16,4,8113.18,657,45,45,4,4,0.902,feature,604.74,success,1.2095
build_03145,2025-09-13T03:35:17.543926,3,5,14221.3,66,128,46,2,4,0.231,feature,1488.17,success,1.7362
build_03146,2025-08-27T09:35:17.543926,9,2,315.87,402,141,23,4,16,0.792,feature,86.44,success,0.2593
build_03147,2025-08-30T23:35:17.543926,23,5,155.57,245,439,49,4,16,0.548,feature,192.13,success,0.5764
build_03148,2025-09-07T02:35:17.543926,2,6,1748.75,438,60,30,2,8,0.83,feature,168.62,failed,0.2529
build_03149,2025-09-09T08:35:17.543926,8,1,656.37,406,118,65,8,16,0.451,feature,65.35,success,0.305
build_03150,2025-09-19T15:35:17.543926,15,4,3700.5,193,1065,78,8,8,0.897,feature,667.15,success,2.6686
build_03151,2025-12-17T04:35:17.543926,4,2,617.09,748,585,35,4,16,0.607,feature,321.34,success,0.964
build_03152,2025-11-08T02:35:17.543926,2,5,560.92,1299,252,38,2,8,0.672,main,219.88,success,0.3298
build_03153,2025-11-10T21:35:17.543926,21,0,96.71,474,427,69,2,4,0.781,feature,274.55,success,0.3203
build_03154,2025-10-27T00:35:17.543926,0,0,912.5,357,124,70,2,4,0.501,feature,161.91,success,0.1889
build_03155,2025-10-18T13:35:17.543926,13,5,1235.27,749,54,43,4,4,0.538,feature,201.66,failed,0.4033
build_03156,2025-08-25T15:35:17.543926,15,0,1020.9,1704,628,37,8,8,0.812,feature,398.02,success,1.5921
build_03157,2025-10-14T07:35:17.543926,7,1,4447.11,275,661,46,4,4,0.606,feature,580.16,success,1.1603
build_03158,2025-12-04T03:35:17.543926,3,3,488.41,1976,443,45,4,8,0.686,main,301.65,success,0.7039
build_03159,2025-11-13T21:35:17.543926,21,3,366.38,3170,140,48,16,32,0.581,feature,49.74,success,0.4642
build_03160,2025-11-12T05:35:17.543926,5,2,1857.84,1421,1050,41,8,32,0.574,feature,285.12,success,1.7107
build_03161,2025-11-15T11:35:17.543926,11,5,2769.56,299,113,25,2,16,0.904,feature,215.04,success,0.4659
build_03162,2025-11-19T13:35:17.543926,13,2,48.13,1508,131,38,8,4,0.57,feature,135.98,success,0.4986
build_03163,2025-12-06T15:35:17.543926,15,5,1888.45,189,138,35,4,4,0.769,hotfix,230.39,success,0.4608
build_03164,2025-10-29T05:35:17.543926,5,2,5925.72,399,451,74,2,4,0.811,feature,646.14,success,0.7538
build_03165,2025-11-12T01:35:17.543926,1,2,57.33,214,518,54,2,4,0.574,hotfix,274.28,success,0.32
build_03166,2025-12-15T00:35:17.543926,0,0,1124.41,931,244,50,2,4,0.694,main,243.47,success,0.284
build_03167,2025-09-09T09:35:17.543926,9,1,246.44,86,65,44,4,8,0.64,release,102.87,success,0.24
build_03168,2025-12-25T05:35:17.543926,5,3,1640.17,1624,156,57,4,4,0.505,hotfix,215.19,success,0.4304
build_03169,2025-08-31T23:35:17.543926,23,6,3308.33,652,18,27,8,8,0.903,feature,149.1,success,0.5964
build_03170,2025-08-14T10:35:17.543926,10,3,875.24,370,64,50,2,8,0.826,hotfix,100.77,success,0.1512
build_03171,2025-10-06T23:35:17.543926,23,0,2001.06,317,518,39,4,8,0.951,feature,293.07,success,0.6838
build_03172,2025-10-28T20:35:17.543926,20,1,23.4,398,66,55,2,4,0.63,feature,66.21,success,0.0772
build_03173,2025-08-09T04:35:17.543926,4,5,1182.68,1810,28,44,2,8,0.893,feature,111.45,failed,0.1672
build_03174,2025-12-04T07:35:17.543926,7,3,5951.45,337,36,58,4,4,0.735,feature,382.43,success,0.7649
build_03175,2025-08-08T19:35:17.543926,19,4,5600.66,377,306,55,16,4,0.933,feature,244.47,success,1.7113
build_03176,2025-08-30T20:35:17.543926,20,5,585.86,90,497,35,16,16,0.761,hotfix,94.08,success,0.7526
build_03177,2025-12-17T02:35:17.543926,2,2,11378.68,281,374,60,2,16,0.783,feature,814.54,success,1.7648
build_03178,2025-12-08T08:35:17.543926,8,0,3188.53,304,109,49,16,4,0.832,release,211.93,success,1.4835
build_03179,2025-08-14T13:35:17.543926,13,3,268.79,601,1252,47,8,32,0.742,hotfix,226.61,success,1.3596
build_03180,2025-10-30T16:35:17.543926,16,3,3879.55,1056,49,38,4,8,0.814,release,474.4,failed,1.1069
build_03181,2025-12-10T23:35:17.543926,23,2,1184.52,1818,127,29,2,8,0.592,feature,215.29,success,0.3229
build_03182,2025-09-06T08:35:17.543926,8,5,10829.38,476,581,40,8,8,0.513,feature,893.16,success,3.5726
build_03183,2025-08-31T08:35:17.543926,8,6,833.82,294,1892,46,2,8,0.893,feature,866.9,failed,1.3004
build_03184,2025-09-04T10:35:17.543926,10,3,3929.79,937,259,28,8,8,0.941,main,385.43,success,1.5417
build_03185,2026-01-16T04:35:17.543926,4,4,9779.36,434,1138,49,16,8,0.564,feature,755.28,success,5.5388
build_03186,2025-09-06T22:35:17.543926,22,5,932.2,742,126,46,4,8,0.802,main,144.92,success,0.3382
build_03187,2025-09-17T08:35:17.543926,8,2,1998.56,1214,168,38,8,32,0.884,main,82.01,success,0.4921
build_03188,2025-07-28T00:35:17.543926,0,0,4003.07,210,823,38,4,4,0.86,main,729.07,success,1.4581
build_03189,2026-01-11T15:35:17.543926,15,6,330.23,908,26,78,16,8,0.866,feature,43.29,success,0.3174
build_03190,2025-09-10T22:35:17.543926,22,2,1743.57,565,267,43,2,4,0.9,main,352.12,failed,0.4108
build_03191,2025-11-18T06:35:17.543926,6,1,2434.02,214,337,47,2,8,0.629,hotfix,276.5,success,0.4147
build_03192,2025-09-22T22:35:17.543926,22,0,3352.82,418,60,36,2,8,0.766,main,314.86,success,0.4723
build_03193,2025-09-06T18:35:17.543926,18,5,323.57,574,1123,55,8,4,0.661,feature,537.79,success,1.9719
build_03194,2025-07-27T02:35:17.543926,2,6,899.89,58,348,39,8,4,0.78,feature,154.24,success,0.5656
build_03195,2025-09-13T11:35:17.543926,11,5,437.58,567,56,32,16,16,0.784,main,42.54,success,0.3403
build_03196,2025-11-01T06:35:17.543926,6,5,392.29,107,687,38,2,32,0.606,main,359.06,success,1.2567
build_03197,2025-09-22T22:35:17.543926,22,0,975.27,269,264,53,2,4,0.87,release,221.76,success,0.2587
build_03198,2025-08-03T15:35:17.543926,15,6,619.4,1963,250,49,2,16,0.621,main,383.6,success,0.8311
build_03199,2025-10-11T12:35:17.543926,12,5,4607.2,1874,1016,39,2,16,0.857,feature,748.01,success,1.6207
build_03200,2026-01-07T13:35:17.543926,13,2,1050.5,1536,727,42,2,8,0.815,feature,603.83,success,0.9057
build_03201,2026-01-06T21:35:17.543926,21,1,1155.55,2025,398,41,4,8,0.449,feature,314.45,success,0.7337
build_03202,2025-09-02T04:35:17.543926,4,1,4349.25,79,89,81,4,8,0.955,feature,266.88,failed,0.6227
build_03203,2025-10-10T07:35:17.543926,7,4,252.79,401,156,33,8,16,0.504,feature,68.15,success,0.3181
build_03204,2025-08-11T20:35:17.543926,20,0,2958.4,219,51,33,2,4,0.879,feature,169.75,success,0.198
build_03205,2025-10-16T14:35:17.543926,14,3,840.18,349,214,51,2,4,0.829,feature,235.24,success,0.2744
build_03206,2025-10-14T19:35:17.543926,19,1,3876.79,395,1209,57,16,4,0.672,feature,674.5,success,4.7215
build_03207,2025-09-05T11:35:17.543926,11,4,9717.01,417,9,46,2,8,0.862,feature,745.14,success,1.1177
build_03208,2026-01-16T00:35:17.543926,0,4,535.54,1186,1528,59,8,8,0.891,hotfix,461.14,success,1.8446
build_03209,2025-11-22T05:35:17.543926,5,5,3266.41,124,31,42,4,16,0.735,main,217.07,success,0.6512
build_03210,2025-11-24T13:35:17.543926,13,0,521.89,245,79,39,8,16,0.634,main,70.71,success,0.33
build_03211,2025-08-22T19:35:17.543926,19,4,281.66,227,132,31,8,16,0.736,feature,53.73,success,0.2507
build_03212,2025-12-03T13:35:17.543926,13,2,248.35,319,15,44,8,32,0.638,feature,23.52,success,0.1411
build_03213,2025-11-17T00:35:17.543926,0,0,11294.58,863,30,40,2,16,0.583,hotfix,593.91,failed,1.2868
build_03214,2025-12-29T00:35:17.543926,0,0,93.2,630,124,68,4,8,0.827,feature,70.24,success,0.1639
build_03215,2025-09-06T08:35:17.543926,8,5,2661.26,579,4,33,8,32,0.962,feature,45.12,success,0.2707
build_03216,2025-09-06T20:35:17.543926,20,5,4615.68,84,819,40,16,8,0.71,hotfix,313.17,success,2.2966
build_03217,2025-12-21T03:35:17.543926,3,6,520.46,1271,65,28,4,8,0.451,hotfix,84.17,success,0.1964
build_03218,2025-12-20T06:35:17.543926,6,5,2435.62,95,142,62,2,16,0.792,release,268.04,failed,0.5808
build_03219,2025-12-18T20:35:17.543926,20,3,6233.4,1668,382,57,2,4,0.616,feature,766.58,failed,0.8943
build_03220,2025-10-16T23:35:17.543926,23,3,2709.65,490,13,60,4,32,0.653,feature,120.58,success,0.5225
build_03221,2025-11-21T10:35:17.543926,10,4,85.58,1155,117,58,2,8,0.43,feature,164.98,success,0.2475
build_03222,2025-11-08T05:35:17.543926,5,5,5856.85,678,246,50,8,16,0.517,hotfix,296.31,success,1.3828
build_03223,2025-12-27T08:35:17.543926,8,5,6948.44,552,221,32,8,4,0.583,feature,533.28,success,1.9554
build_03224,2025-12-11T19:35:17.543926,19,3,4989.1,262,278,43,8,8,0.545,feature,372.06,success,1.4882
build_03225,2026-01-13T02:35:17.543926,2,1,21544.46,2670,3657,34,2,8,0.664,main,3945.98,success,5.919
build_03226,2025-09-09T22:35:17.543926,22,1,100.11,124,92,46,8,4,0.85,main,69.41,success,0.2545
build_03227,2025-09-14T22:35:17.543926,22,6,891.47,279,144,23,4,8,0.753,feature,105.87,success,0.247
build_03228,2025-07-31T20:35:17.543926,20,3,747.9,123,134,39,8,4,0.609,release,160.0,success,0.5867
build_03229,2025-11-17T21:35:17.543926,21,0,2733.26,964,310,34,8,16,0.889,release,224.82,success,1.0492
build_03230,2025-12-13T18:35:17.543926,18,5,52.96,1680,619,39,4,4,0.752,main,444.4,success,0.8888
build_03231,2025-12-21T13:35:17.543926,13,6,1646.16,496,187,31,4,16,0.732,feature,190.17,success,0.5705
build_03232,2025-08-24T17:35:17.543926,17,6,14820.16,213,43,40,2,4,0.8,main,1442.3,success,1.6827
build_03233,2025-11-18T18:35:17.543926,18,1,1460.48,475,332,76,8,8,0.885,feature,166.72,success,0.6669
build_03234,2025-08-13T17:35:17.543926,17,2,4031.71,647,595,39,4,16,0.91,hotfix,361.46,success,1.0844
build_03235,2025-11-23T13:35:17.543926,13,6,3439.8,153,124,37,4,16,0.481,feature,301.07,success,0.9032
build_03236,2025-09-12T06:35:17.543926,6,4,1306.11,254,65,31,4,4,0.712,feature,120.94,failed,0.2419
build_03237,2026-01-11T23:35:17.543926,23,6,181.75,598,333,59,2,32,0.771,feature,151.66,success,0.5308
build_03238,2025-08-18T16:35:17.543926,16,0,161.17,148,146,93,2,4,0.849,main,152.5,success,0.1779
build_03239,2026-01-12T06:35:17.543926,6,0,4257.4,598,242,23,2,16,0.625,release,427.49,success,0.9262
build_03240,2025-09-21T02:35:17.543926,2,6,2263.4,239,1449,29,2,8,0.893,main,1002.27,success,1.5034
build_03241,2025-10-11T12:35:17.543926,12,5,657.45,288,596,28,2,32,0.57,release,413.58,success,1.4475
build_03242,2025-11-29T14:35:17.543926,14,5,679.39,292,104,48,8,8,0.774,hotfix,81.56,success,0.3262
build_03243,2025-09-09T23:35:17.543926,23,1,2272.73,150,418,60,2,4,0.811,main,457.14,success,0.5333
build_03244,2025-12-24T07:35:17.543926,7,2,1759.73,158,162,55,16,8,0.636,feature,107.93,success,0.7915
build_03245,2025-08-05T09:35:17.543926,9,1,2365.01,369,269,33,16,16,0.701,release,170.71,success,1.3656
build_03246,2025-10-13T15:35:17.543926,15,0,1949.31,3436,99,34,2,8,0.579,feature,388.18,failed,0.5823
build_03247,2025-08-18T04:35:17.543926,4,0,235.41,849,346,40,8,4,0.583,feature,190.36,success,0.698
build_03248,2025-09-01T10:35:17.543926,10,0,116.73,272,233,52,16,8,0.408,main,141.32,success,1.0364
build_03249,2026-01-13T00:35:17.543926,0,1,479.37,271,95,49,8,8,0.796,hotfix,56.81,success,0.2272
build_03250,2025-12-29T22:35:17.543926,22,0,818.01,244,50,43,16,16,0.926,feature,28.81,success,0.2305
build_03251,2025-12-21T22:35:17.543926,22,6,1283.41,473,237,34,8,4,0.855,main,226.76,success,0.8314
build_03252,2026-01-16T03:35:17.543926,3,4,282.27,982,167,57,8,16,0.671,hotfix,66.99,success,0.3126
build_03253,2026-01-12T03:35:17.543926,3,0,455.74,4500,293,56,16,4,0.682,release,313.8,success,2.1966
build_03254,2025-08-01T01:35:17.543926,1,4,909.77,364,31,41,4,8,0.625,feature,86.3,success,0.2014
build_03255,2025-10-23T01:35:17.543926,1,3,229.36,482,46,50,4,8,0.487,feature,64.68,success,0.1509
build_03256,2025-09-26T08:35:17.543926,8,4,501.05,63,162,44,16,8,0.813,feature,69.37,success,0.5087
build_03257,2025-10-28T08:35:17.543926,8,1,1351.41,335,150,77,2,16,0.914,feature,167.42,success,0.3627
build_03258,2025-09-01T04:35:17.543926,4,0,323.66,485,286,25,2,4,0.89,feature,164.63,success,0.1921
build_03259,2025-08-20T15:35:17.543926,15,2,2513.24,128,297,32,8,8,0.754,main,300.91,success,1.2036
build_03260,2026-01-12T23:35:17.543926,23,0,8050.4,220,1967,28,2,4,0.598,main,2131.48,failed,2.4867
build_03261,2025-07-30T09:35:17.543926,9,2,4441.26,941,65,44,4,8,0.464,feature,499.78,success,1.1662
build_03262,2026-01-05T01:35:17.543926,1,0,4172.19,913,156,34,2,32,0.862,feature,251.56,success,0.8805
build_03263,2025-12-16T20:35:17.543926,20,1,139.55,309,239,47,2,16,0.722,release,178.04,success,0.3858
build_03264,2025-12-11T13:35:17.543926,13,3,1752.27,1220,275,26,16,4,0.294,hotfix,250.3,success,1.7521
build_03265,2025-07-29T04:35:17.543926,4,1,19881.74,419,162,23,8,4,0.706,hotfix,908.92,success,3.3327
build_03266,2025-11-24T08:35:17.543926,8,0,270.08,305,226,45,2,8,0.78,feature,120.37,success,0.1805
build_03267,2026-01-07T08:35:17.543926,8,2,533.99,350,87,78,2,4,0.989,feature,107.66,success,0.1256
build_03268,2025-08-13T13:35:17.543926,13,2,6949.68,1111,63,69,2,8,0.63,feature,688.55,success,1.0328
build_03269,2025-12-27T18:35:17.543926,18,5,176.99,133,29,57,8,16,0.621,main,29.68,success,0.1385
build_03270,2025-11-28T16:35:17.543926,16,4,2286.64,168,213,53,2,32,0.725,feature,233.63,success,0.8177
build_03271,2026-01-05T09:35:17.543926,9,0,880.32,4727,174,33,4,8,0.861,hotfix,289.74,success,0.6761
build_03272,2025-11-14T15:35:17.543926,15,4,3987.43,2232,144,63,8,8,0.776,feature,408.5,success,1.634
build_03273,2025-08-27T21:35:17.543926,21,2,3738.76,436,1028,53,4,32,0.668,feature,409.6,success,1.7749
build_03274,2025-11-11T05:35:17.543926,5,1,16735.43,2017,164,59,4,16,0.597,feature,966.12,success,2.8984
build_03275,2025-12-17T20:35:17.543926,20,2,684.22,421,129,47,4,16,0.823,feature,91.26,success,0.2738
build_03276,2026-01-05T07:35:17.543926,7,0,1127.43,769,172,62,2,8,0.942,feature,168.18,success,0.2523
build_03277,2025-10-07T11:35:17.543926,11,1,1395.49,2661,46,37,2,4,0.88,feature,232.72,failed,0.2715
build_03278,2025-09-29T20:35:17.543926,20,0,499.26,1636,263,53,4,32,0.609,feature,116.65,success,0.5055
build_03279,2026-01-04T21:35:17.543926,21,6,1479.79,104,498,46,4,16,0.652,feature,251.9,success,0.7557
build_03280,2025-08-01T23:35:17.543926,23,4,6019.99,591,36,42,16,4,0.673,main,321.51,failed,2.2506
build_03281,2025-08-13T18:35:17.543926,18,2,13318.86,460,72,30,2,16,0.558,feature,831.92,success,1.8025
build_03282,2025-11-05T02:35:17.543926,2,2,13252.02,497,26,27,2,16,0.529,feature,805.94,success,1.7462
build_03283,2025-08-05T07:35:17.543926,7,1,3095.35,251,627,68,2,4,0.908,hotfix,386.27,success,0.4507
build_03284,2026-01-13T16:35:17.543926,16,1,3111.81,233,113,36,4,4,0.963,main,324.42,success,0.6488
build_03285,2025-09-08T09:35:17.543926,9,0,3833.96,1892,146,45,16,8,0.945,feature,199.33,success,1.4617
build_03286,2025-08-23T18:35:17.543926,18,5,497.82,1094,52,72,8,8,0.82,hotfix,62.67,success,0.2507
build_03287,2025-09-09T13:35:17.543926,13,1,444.61,340,17,43,2,4,0.635,feature,86.29,success,0.1007
build_03288,2026-01-04T01:35:17.543926,1,6,1455.04,975,1387,50,2,8,0.603,feature,852.96,success,1.2794
build_03289,2026-01-04T18:35:17.543926,18,6,479.67,198,210,52,8,4,0.579,feature,136.65,success,0.5011
build_03290,2025-08-06T19:35:17.543926,19,2,1006.26,313,382,39,4,8,0.813,feature,204.02,success,0.4761
build_03291,2025-09-04T12:35:17.543926,12,3,124.98,571,79,36,4,8,0.757,release,111.71,success,0.2607
build_03292,2025-12-02T09:35:17.543926,9,1,277.78,270,631,44,2,32,0.886,hotfix,189.43,success,0.663
build_03293,2025-10-06T15:35:17.543926,15,0,2924.95,1646,17,39,2,4,0.615,main,466.58,success,0.5443
build_03294,2026-01-01T11:35:17.543926,11,3,750.05,431,905,34,4,8,0.812,release,741.18,success,1.7294
build_03295,2025-08-30T14:35:17.543926,14,5,10097.43,71,43,31,16,4,0.757,hotfix,425.83,success,2.9808
build_03296,2025-08-10T11:35:17.543926,11,6,532.76,26,106,55,8,4,0.845,feature,95.71,success,0.351
build_03297,2025-09-09T10:35:17.543926,10,1,322.4,62,570,49,16,8,0.922,feature,201.04,success,1.4743
build_03298,2025-10-09T05:35:17.543926,5,3,1965.78,318,113,24,2,8,0.627,release,240.99,success,0.3615
build_03299,2025-11-17T21:35:17.543926,21,0,1539.24,363,693,57,2,4,0.599,feature,498.01,success,0.581
build_03300,2025-08-02T11:35:17.543926,11,5,13237.15,105,91,52,2,4,0.618,feature,1365.86,success,1.5935
build_03301,2025-08-02T12:35:17.543926,12,5,3129.0,2128,101,23,16,8,0.905,feature,175.97,success,1.2904
build_03302,2025-12-12T15:35:17.543926,15,4,4300.76,811,53,59,4,4,0.912,feature,402.49,success,0.805
build_03303,2025-08-16T02:35:17.543926,2,5,394.27,307,263,70,2,4,0.816,hotfix,144.94,success,0.1691
build_03304,2026-01-01T00:35:17.543926,0,3,743.35,479,221,49,8,8,0.779,main,126.16,success,0.5046
build_03305,2025-12-13T04:35:17.543926,4,5,921.78,152,48,48,2,16,0.709,feature,90.25,success,0.1955
build_03306,2025-11-02T02:35:17.543926,2,6,153.4,133,303,66,8,8,0.927,release,126.07,success,0.5043
build_03307,2025-10-13T12:35:17.543926,12,0,1401.15,237,22,56,2,4,0.486,feature,183.1,failed,0.2136
build_03308,2025-12-12T10:35:17.543926,10,4,317.55,3374,119,55,2,4,0.815,feature,208.41,success,0.2431
build_03309,2025-09-26T02:35:17.543926,2,4,1108.96,728,316,48,4,16,0.945,main,182.68,success,0.548
build_03310,2025-11-29T03:35:17.543926,3,5,4289.29,951,191,35,4,8,0.876,feature,377.37,success,0.8805
build_03311,2025-11-21T02:35:17.543926,2,4,869.36,622,96,34,16,4,0.798,feature,97.69,success,0.6838
build_03312,2025-10-30T21:35:17.543926,21,3,12328.86,1899,461,69,4,16,0.698,feature,833.67,success,2.501
build_03313,2025-11-04T20:35:17.543926,20,1,18484.85,326,26,38,4,16,0.289,feature,980.9,success,2.9427
build_03314,2025-12-11T00:35:17.543926,0,3,3311.51,319,135,44,4,4,0.903,feature,266.48,success,0.533
build_03315,2025-09-06T03:35:17.543926,3,5,3698.06,154,251,79,8,4,0.764,main,374.49,failed,1.3731
build_03316,2025-10-15T20:35:17.543926,20,2,481.68,186,77,42,8,16,0.592,release,53.96,success,0.2518
build_03317,2026-01-17T14:35:17.543926,14,5,1802.37,617,231,68,8,4,0.953,feature,217.52,failed,0.7976
build_03318,2025-08-07T22:35:17.543926,22,3,1600.08,212,514,51,8,4,0.687,hotfix,290.53,success,1.0653
build_03319,2025-10-05T05:35:17.543926,5,6,741.93,257,147,44,8,4,0.894,main,123.9,success,0.4543
build_03320,2025-09-07T15:35:17.543926,15,6,291.54,315,248,58,4,4,0.464,feature,217.57,success,0.4351
build_03321,2025-11-05T16:35:17.543926,16,2,4805.16,1284,213,31,2,8,0.917,feature,543.04,success,0.8146
build_03322,2025-11-05T10:35:17.543926,10,2,16373.01,166,147,41,2,4,0.908,main,1638.8,failed,1.9119
build_03323,2025-11-05T14:35:17.543926,14,2,1399.9,575,66,45,2,4,0.658,feature,174.99,success,0.2042
build_03324,2025-08-07T07:35:17.543926,7,3,704.03,794,142,45,16,16,0.884,hotfix,28.74,success,0.2299
build_03325,2025-09-29T05:35:17.543926,5,0,1405.89,1490,104,45,2,4,0.78,feature,163.21,success,0.1904
build_03326,2025-10-22T06:35:17.543926,6,2,883.05,47,73,22,8,16,0.792,feature,52.57,success,0.2453
build_03327,2025-12-05T21:35:17.543926,21,4,28254.28,242,495,39,16,4,0.78,feature,1411.38,failed,9.8796
build_03328,2025-08-03T20:35:17.543926,20,6,1359.72,323,42,45,2,8,0.751,feature,111.72,success,0.1676
build_03329,2025-12-04T18:35:17.543926,18,3,1934.29,88,365,61,2,32,0.655,main,275.06,success,0.9627
build_03330,2025-12-20T05:35:17.543926,5,5,711.69,691,29,46,8,8,0.457,main,78.85,success,0.3154
build_03331,2025-08-27T17:35:17.543926,17,2,224.91,157,39,36,8,32,0.952,release,23.72,failed,0.1423
build_03332,2025-09-17T02:35:17.543926,2,2,124.2,120,492,40,4,16,0.849,feature,184.54,success,0.5536
build_03333,2025-08-13T10:35:17.543926,10,2,5842.53,299,39,59,2,16,0.423,hotfix,344.61,success,0.7466
build_03334,2025-12-30T20:35:17.543926,20,1,109.91,2223,387,54,4,8,0.702,main,274.01,success,0.6393
build_03335,2025-09-22T21:35:17.543926,21,0,1108.83,434,634,41,8,4,0.869,feature,223.97,failed,0.8212
build_03336,2025-12-03T06:35:17.543926,6,2,1173.41,1584,324,34,4,4,0.909,main,296.41,success,0.5928
build_03337,2025-10-22T22:35:17.543926,22,2,512.53,483,168,50,16,4,0.746,main,125.28,success,0.8769
build_03338,2025-08-11T18:35:17.543926,18,0,1821.5,444,370,29,2,8,0.838,release,359.13,success,0.5387
build_03339,2025-09-05T02:35:17.543926,2,4,552.61,14,207,25,8,4,0.828,main,127.03,success,0.4658
build_03340,2025-11-16T13:35:17.543926,13,6,467.04,204,16,63,2,8,0.906,feature,56.91,success,0.0854
build_03341,2025-08-15T07:35:17.543926,7,4,398.05,569,189,67,4,8,0.9,feature,128.61,success,0.3001
build_03342,2025-10-08T05:35:17.543926,5,2,520.21,3187,1236,38,4,4,0.823,feature,612.14,success,1.2243
build_03343,2025-11-24T13:35:17.543926,13,0,115.44,580,910,57,2,8,0.952,release,631.79,success,0.9477
build_03344,2025-12-26T23:35:17.543926,23,4,713.34,157,162,42,16,4,0.54,feature,92.05,success,0.6444
build_03345,2025-11-03T18:35:17.543926,18,0,659.98,465,3,33,2,4,0.574,feature,81.23,success,0.0948
build_03346,2025-12-09T12:35:17.543926,12,1,306.71,690,300,50,4,8,0.679,main,271.66,success,0.6339
build_03347,2025-10-26T21:35:17.543926,21,6,138.53,921,853,46,4,32,0.601,feature,260.59,success,1.1292
build_03348,2025-12-02T03:35:17.543926,3,1,2307.9,430,285,39,2,8,0.733,main,403.67,success,0.6055
build_03349,2026-01-14T05:35:17.543926,5,2,2560.33,845,203,35,2,8,0.791,hotfix,250.91,success,0.3764
build_03350,2025-08-31T07:35:17.543926,7,6,1142.52,502,49,32,8,4,0.627,hotfix,99.89,success,0.3663
build_03351,2025-09-22T04:35:17.543926,4,0,2453.41,2765,106,49,2,8,0.556,feature,330.75,success,0.4961
build_03352,2025-09-17T14:35:17.543926,14,2,195.83,444,88,29,4,8,0.864,feature,93.07,success,0.2172
build_03353,2025-12-05T21:35:17.543926,21,4,7948.54,576,184,37,2,8,0.4,feature,674.25,success,1.0114
build_03354,2025-11-08T06:35:17.543926,6,5,12133.99,912,16,31,8,8,0.435,feature,698.19,success,2.7928
build_03355,2025-11-17T18:35:17.543926,18,0,5481.13,456,159,67,16,16,0.805,hotfix,104.87,success,0.839
build_03356,2025-09-28T03:35:17.543926,3,6,995.24,369,191,39,16,16,0.666,release,78.43,success,0.6275
build_03357,2025-07-25T18:35:17.543926,18,4,3148.99,222,873,25,16,4,0.853,feature,379.85,failed,2.659
build_03358,2025-08-12T03:35:17.543926,3,1,9705.28,1750,1528,35,8,8,0.937,main,1012.81,success,4.0513
build_03359,2025-12-30T22:35:17.543926,22,1,2284.19,1135,154,41,2,4,0.809,feature,273.52,success,0.3191
build_03360,2026-01-10T02:35:17.543926,2,5,1301.29,252,17,37,16,4,0.825,feature,75.38,success,0.5276
build_03361,2025-12-05T11:35:17.543926,11,4,2534.75,128,903,55,2,4,0.834,feature,847.69,success,0.989
build_03362,2025-12-27T09:35:17.543926,9,5,1360.52,712,325,37,2,4,0.814,release,503.85,success,0.5878
build_03363,2025-11-22T22:35:17.543926,22,5,7328.05,1121,142,46,2,4,0.754,feature,638.34,success,0.7447
build_03364,2026-01-15T17:35:17.543926,17,3,38.41,561,38,49,16,8,0.545,main,49.14,success,0.3604
build_03365,2025-10-10T11:35:17.543926,11,4,392.39,541,1292,47,4,8,0.583,feature,854.73,success,1.9944
build_03366,2025-12-16T15:35:17.543926,15,1,429.74,152,106,60,4,8,0.72,feature,105.91,success,0.2471
build_03367,2025-11-09T17:35:17.543926,17,6,20007.97,103,94,40,8,8,0.766,main,1559.36,success,6.2374
build_03368,2025-08-14T23:35:17.543926,23,3,802.5,328,30,60,8,16,0.772,release,65.09,success,0.3038
build_03369,2025-08-17T08:35:17.543926,8,6,510.56,389,305,33,4,4,0.879,hotfix,137.18,success,0.2744
build_03370,2025-07-24T23:35:17.543926,23,3,4423.07,39,12,63,2,4,0.754,main,394.46,success,0.4602
build_03371,2025-11-25T10:35:17.543926,10,1,931.13,163,191,44,2,32,0.895,feature,152.29,success,0.533
build_03372,2025-08-08T20:35:17.543926,20,4,338.92,755,123,28,4,16,0.829,feature,75.7,success,0.2271
build_03373,2025-12-03T13:35:17.543926,13,2,326.77,235,107,42,4,32,0.727,feature,62.51,success,0.2709
build_03374,2025-08-05T16:35:17.543926,16,1,777.47,669,445,29,2,8,0.741,feature,307.97,success,0.462
build_03375,2026-01-04T04:35:17.543926,4,6,3056.8,218,254,50,2,8,0.503,main,445.47,success,0.6682
build_03376,2025-08-17T07:35:17.543926,7,6,1358.52,277,307,40,2,16,0.671,feature,225.45,success,0.4885
build_03377,2025-09-18T16:35:17.543926,16,3,1295.24,493,54,39,8,8,0.722,main,129.84,success,0.5194
build_03378,2025-12-16T08:35:17.543926,8,1,11707.45,1291,740,30,4,16,0.693,hotfix,558.03,success,1.6741
build_03379,2026-01-11T18:35:17.543926,18,6,16584.93,153,117,39,2,4,0.981,feature,1030.16,failed,1.2019
build_03380,2026-01-13T22:35:17.543926,22,1,855.42,702,521,39,2,4,0.788,feature,318.1,failed,0.3711
build_03381,2025-09-10T00:35:17.543926,0,2,965.36,50,54,38,2,16,0.589,feature,102.37,success,0.2218
build_03382,2025-09-20T11:35:17.543926,11,5,999.38,544,395,46,8,16,0.774,feature,168.47,success,0.7862
build_03383,2025-10-04T18:35:17.543926,18,5,380.81,340,42,55,2,8,0.635,feature,67.71,success,0.1016
build_03384,2025-08-06T00:35:17.543926,0,2,226.32,364,223,60,2,8,0.777,release,211.11,success,0.3167
build_03385,2025-12-06T09:35:17.543926,9,5,595.86,896,294,46,8,4,0.915,feature,277.6,success,1.0179
build_03386,2025-12-14T07:35:17.543926,7,6,366.63,103,250,47,8,4,0.513,feature,164.27,success,0.6023
build_03387,2025-07-27T10:35:17.543926,10,6,554.1,680,33,52,2,32,0.927,hotfix,44.78,success,0.1567
build_03388,2025-12-15T14:35:17.543926,14,0,4367.51,247,22,33,8,8,0.595,feature,312.52,success,1.2501
build_03389,2025-11-23T00:35:17.543926,0,6,55575.52,784,190,34,4,4,0.606,feature,4002.74,success,8.0055
build_03390,2025-11-11T20:35:17.543926,20,1,3068.43,7717,2893,41,2,4,0.706,hotfix,1487.78,success,1.7357
build_03391,2025-08-14T10:35:17.543926,10,3,1385.65,59,50,37,4,8,0.912,feature,127.34,success,0.2971
build_03392,2025-10-02T23:35:17.543926,23,3,3262.75,857,171,37,2,8,0.87,hotfix,245.48,success,0.3682
build_03393,2025-10-06T05:35:17.543926,5,0,7160.8,1018,19,42,16,16,0.593,feature,183.72,success,1.4697
build_03394,2026-01-03T20:35:17.543926,20,5,544.67,753,226,26,16,16,0.766,release,68.43,success,0.5474
build_03395,2025-08-07T12:35:17.543926,12,3,204.76,688,506,44,8,16,0.89,feature,181.51,success,0.8471
build_03396,2025-10-02T13:35:17.543926,13,3,132.4,421,88,30,2,4,0.633,feature,97.18,success,0.1134
build_03397,2025-08-13T05:35:17.543926,5,2,1097.56,1121,21,76,2,8,0.973,feature,126.07,success,0.1891
build_03398,2025-10-29T01:35:17.543926,1,2,504.96,471,640,46,8,4,0.623,feature,288.37,success,1.0574
build_03399,2025-08-25T06:35:17.543926,6,0,3656.48,47,127,30,4,4,0.552,main,413.05,success,0.8261
build_03400,2025-08-04T03:35:17.543926,3,0,416.77,1097,3320,44,2,8,0.872,feature,1359.47,success,2.0392
build_03401,2025-11-10T15:35:17.543926,15,0,1357.08,872,285,44,8,16,0.717,feature,181.18,success,0.8455
build_03402,2025-12-07T14:35:17.543926,14,6,13961.6,248,31,68,2,4,0.963,hotfix,871.62,success,1.0169
build_03403,2025-10-24T19:35:17.543926,19,4,54.43,427,22,50,8,16,0.384,main,23.55,success,0.1099
build_03404,2025-11-24T21:35:17.543926,21,0,281.89,1407,23,44,4,4,0.798,feature,63.1,success,0.1262
build_03405,2025-12-19T07:35:17.543926,7,4,1159.15,249,17,54,2,4,0.783,main,124.9,success,0.1457
build_03406,2025-11-18T01:35:17.543926,1,1,393.11,2239,141,61,2,16,0.847,main,169.34,failed,0.3669
build_03407,2025-09-30T17:35:17.543926,17,1,4925.72,217,3,44,2,32,0.447,feature,359.39,success,1.2579
build_03408,2025-09-09T03:35:17.543926,3,1,636.07,1791,393,56,4,8,0.808,feature,268.88,success,0.6274
build_03409,2025-10-17T22:35:17.543926,22,4,1284.79,768,341,39,2,16,0.641,feature,268.24,success,0.5812
build_03410,2025-09-19T06:35:17.543926,6,4,1266.8,1748,236,52,8,8,0.751,feature,184.0,success,0.736
build_03411,2025-09-21T23:35:17.543926,23,6,460.49,860,80,75,4,16,0.794,feature,77.09,failed,0.2313
build_03412,2026-01-06T06:35:17.543926,6,1,803.69,4305,179,50,8,4,0.719,feature,241.98,success,0.8873
build_03413,2025-12-17T22:35:17.543926,22,2,1022.5,491,129,54,4,4,0.704,feature,154.41,success,0.3088
build_03414,2025-08-08T21:35:17.543926,21,4,1180.64,525,457,48,16,16,0.643,feature,118.06,success,0.9445
build_03415,2025-11-08T14:35:17.543926,14,5,1701.46,234,1014,48,4,16,0.887,hotfix,425.9,success,1.2777
build_03416,2025-10-12T12:35:17.543926,12,6,666.43,285,327,38,4,8,0.717,release,343.42,success,0.8013
build_03417,2025-10-18T08:35:17.543926,8,5,24876.01,358,250,38,2,4,0.757,feature,1560.1,failed,1.8201
build_03418,2025-09-06T09:35:17.543926,9,5,1860.85,335,50,50,2,4,0.845,feature,212.01,success,0.2473
build_03419,2025-08-10T08:35:17.543926,8,6,299.47,255,26,34,2,4,0.683,feature,45.57,success,0.0532
build_03420,2025-08-07T14:35:17.543926,14,3,213.22,424,28,40,4,16,0.963,feature,37.55,success,0.1126
build_03421,2025-10-17T17:35:17.543926,17,4,1828.46,150,167,42,8,16,0.694,feature,158.85,success,0.7413
build_03422,2026-01-08T10:35:17.543926,10,3,585.05,259,27,35,4,4,0.79,feature,81.38,success,0.1628
build_03423,2025-09-06T04:35:17.543926,4,5,351.73,481,180,37,4,8,0.794,feature,106.11,success,0.2476
build_03424,2026-01-03T22:35:17.543926,22,5,3677.42,54,232,51,2,4,0.493,feature,426.97,failed,0.4981
build_03425,2025-09-15T06:35:17.543926,6,0,84.05,576,75,34,4,8,0.843,hotfix,51.75,success,0.1207
build_03426,2026-01-14T11:35:17.543926,11,2,213.41,494,7,36,8,8,0.747,feature,33.74,success,0.135
build_03427,2025-11-21T12:35:17.543926,12,4,1416.35,151,502,44,4,16,0.641,feature,339.53,success,1.0186
build_03428,2025-08-18T20:35:17.543926,20,0,105.01,299,516,48,8,8,0.494,release,341.29,success,1.3652
build_03429,2026-01-05T18:35:17.543926,18,0,39944.11,623,70,65,2,8,0.864,main,2543.03,success,3.8145
build_03430,2025-10-26T18:35:17.543926,18,6,3139.73,77,274,29,2,8,0.919,main,303.53,success,0.4553
build_03431,2025-09-22T09:35:17.543926,9,0,422.43,2184,51,55,4,8,0.404,feature,198.93,success,0.4642
build_03432,2025-12-28T10:35:17.543926,10,6,10208.9,274,499,41,2,32,0.786,feature,721.96,success,2.5269
build_03433,2025-10-17T15:35:17.543926,15,4,1330.56,190,21,57,2,8,0.659,main,146.74,success,0.2201
build_03434,2026-01-11T00:35:17.543926,0,6,392.14,340,3236,54,2,32,0.501,hotfix,1037.95,success,3.6328
build_03435,2025-12-20T15:35:17.543926,15,5,4530.13,402,11,31,8,4,0.411,feature,436.96,success,1.6022
build_03436,2025-07-31T07:35:17.543926,7,3,7405.15,238,64,40,2,16,0.816,main,403.8,success,0.8749
build_03437,2025-09-10T16:35:17.543926,16,2,1954.02,976,71,50,4,8,0.716,hotfix,154.67,success,0.3609
build_03438,2025-08-31T21:35:17.543926,21,6,1173.14,159,499,44,8,32,0.293,feature,141.82,success,0.8509
build_03439,2025-09-19T03:35:17.543926,3,4,709.34,977,282,49,2,4,0.972,feature,233.89,success,0.2729
build_03440,2025-12-05T20:35:17.543926,20,4,2086.38,1220,150,60,2,4,0.819,feature,281.8,failed,0.3288
build_03441,2025-07-26T17:35:17.543926,17,5,5491.32,103,1798,27,8,8,0.662,feature,1160.64,success,4.6425
build_03442,2025-10-08T06:35:17.543926,6,2,2434.42,261,21,41,2,16,0.516,feature,172.17,success,0.373
build_03443,2025-12-06T03:35:17.543926,3,5,983.5,379,41,45,2,16,0.668,feature,92.81,success,0.2011
build_03444,2025-11-10T21:35:17.543926,21,0,241.95,361,1050,68,4,4,0.597,feature,578.02,success,1.156
build_03445,2026-01-20T10:35:17.543926,10,1,2445.09,1009,119,35,2,8,0.668,feature,323.44,success,0.4852
build_03446,2025-12-21T03:35:17.543926,3,6,479.82,1397,91,33,2,16,0.631,feature,108.35,success,0.2348
build_03447,2025-12-13T14:35:17.543926,14,5,158.31,459,163,48,4,16,0.495,feature,142.68,success,0.428
build_03448,2025-08-21T12:35:17.543926,12,3,24223.4,250,505,52,2,8,0.872,feature,2166.28,failed,3.2494
build_03449,2025-10-15T02:35:17.543926,2,2,3029.37,94,148,30,8,8,0.849,feature,162.77,success,0.6511
build_03450,2026-01-12T15:35:17.543926,15,0,1603.71,208,303,53,8,8,0.989,main,270.41,success,1.0817
build_03451,2025-09-17T23:35:17.543926,23,2,533.6,184,675,47,8,16,0.826,feature,189.68,success,0.8852
build_03452,2025-08-17T13:35:17.543926,13,6,6318.08,983,72,48,4,4,0.587,feature,726.56,success,1.4531
build_03453,2026-01-18T05:35:17.543926,5,6,559.23,759,354,39,4,32,0.839,main,132.42,success,0.5738
build_03454,2025-08-03T17:35:17.543926,17,6,20936.07,690,940,41,4,4,0.744,feature,2458.55,success,4.9171
build_03455,2025-10-15T12:35:17.543926,12,2,1974.04,1324,159,36,8,4,0.828,feature,247.24,success,0.9066
build_03456,2025-09-23T06:35:17.543926,6,1,903.3,57,103,44,2,4,0.809,feature,115.02,success,0.1342
build_03457,2026-01-13T21:35:17.543926,21,1,448.41,271,92,38,8,16,0.963,main,57.95,success,0.2704
build_03458,2026-01-10T09:35:17.543926,9,5,313.39,201,78,56,2,8,0.867,feature,106.51,success,0.1598
build_03459,2025-09-15T02:35:17.543926,2,0,994.43,26,34,43,2,8,0.557,feature,89.22,success,0.1338
build_03460,2025-10-30T04:35:17.543926,4,3,9185.24,148,87,36,8,4,0.94,feature,495.87,success,1.8182
build_03461,2025-10-27T20:35:17.543926,20,0,3155.86,414,177,34,4,8,0.595,feature,300.04,success,0.7001
build_03462,2025-08-19T01:35:17.543926,1,1,3024.35,1413,27,26,4,16,0.584,feature,202.12,success,0.6064
build_03463,2026-01-03T13:35:17.543926,13,5,1820.7,336,1721,48,16,32,0.497,feature,273.14,success,2.5493
build_03464,2025-09-04T12:35:17.543926,12,3,624.16,660,126,46,8,8,0.706,feature,131.3,success,0.5252
build_03465,2025-12-19T07:35:17.543926,7,4,1601.92,144,76,39,4,16,0.599,feature,119.48,success,0.3585
build_03466,2025-12-04T14:35:17.543926,14,3,3280.59,157,490,35,8,8,0.827,feature,377.87,success,1.5115
build_03467,2025-09-24T07:35:17.543926,7,2,7425.69,488,931,54,4,32,0.782,hotfix,434.6,success,1.8833
build_03468,2025-10-29T11:35:17.543926,11,2,11631.39,184,819,35,8,32,0.465,main,747.26,success,4.4835
build_03469,2025-09-24T12:35:17.543926,12,2,422.5,1183,64,50,4,4,0.782,feature,124.67,success,0.2493
build_03470,2025-09-17T23:35:17.543926,23,2,1108.04,641,105,47,2,4,0.623,feature,161.41,success,0.1883
build_03471,2026-01-10T04:35:17.543926,4,5,790.06,761,765,41,2,8,0.83,feature,464.77,success,0.6971
build_03472,2025-10-19T02:35:17.543926,2,6,337.87,397,59,62,4,8,0.766,feature,61.13,success,0.1426
build_03473,2025-11-27T06:35:17.543926,6,3,1693.48,912,157,44,16,4,0.684,feature,161.76,success,1.1323
build_03474,2025-08-06T17:35:17.543926,17,2,631.29,572,1499,35,4,4,0.484,feature,1256.46,success,2.5129
build_03475,2025-09-20T16:35:17.543926,16,5,2056.24,3674,83,55,8,16,0.965,feature,166.45,success,0.7768
build_03476,2025-08-26T10:35:17.543926,10,1,12742.36,149,33,57,2,4,0.538,feature,1094.92,failed,1.2774
build_03477,2025-09-18T19:35:17.543926,19,3,4336.84,28,251,41,4,4,0.631,main,554.78,success,1.1096
build_03478,2026-01-05T07:35:17.543926,7,0,1195.64,125,11,74,4,4,0.85,feature,96.31,success,0.1926
build_03479,2025-09-14T00:35:17.543926,0,6,1235.51,1030,528,47,8,16,0.907,feature,186.3,success,0.8694
build_03480,2025-08-20T10:35:17.543926,10,2,925.12,3489,247,63,8,8,0.42,main,411.57,success,1.6463
build_03481,2025-08-31T04:35:17.543926,4,6,1251.61,262,24,25,2,4,0.83,feature,108.13,failed,0.1262
build_03482,2025-08-27T13:35:17.543926,13,2,1053.58,71,441,34,8,4,0.713,feature,308.69,success,1.1319
build_03483,2025-10-16T12:35:17.543926,12,3,428.65,641,902,44,2,8,0.731,feature,553.61,success,0.8304
build_03484,2025-12-27T20:35:17.543926,20,5,4821.78,196,158,38,2,8,0.785,release,356.57,success,0.5349
build_03485,2025-12-29T06:35:17.543926,6,0,3192.25,272,237,20,4,4,0.609,feature,345.75,success,0.6915
build_03486,2025-12-03T02:35:17.543926,2,2,671.61,249,783,33,4,8,0.387,feature,529.83,success,1.2363
build_03487,2026-01-10T08:35:17.543926,8,5,409.99,240,276,42,8,8,0.688,feature,137.58,success,0.5503
build_03488,2025-10-26T17:35:17.543926,17,6,212.23,1391,155,52,2,8,0.857,feature,147.29,success,0.2209
build_03489,2025-08-16T15:35:17.543926,15,5,448.92,870,111,47,8,16,0.816,release,93.29,success,0.4353
build_03490,2025-12-08T20:35:17.543926,20,0,436.38,352,138,32,16,16,0.776,feature,34.88,success,0.279
build_03491,2025-09-23T18:35:17.543926,18,1,629.87,33,26,54,2,4,0.607,main,94.12,success,0.1098
build_03492,2025-08-06T16:35:17.543926,16,2,8268.4,211,22,46,16,16,0.678,feature,240.51,success,1.9241
build_03493,2025-12-27T09:35:17.543926,9,5,712.01,410,76,54,4,16,0.932,feature,89.3,success,0.2679
build_03494,2025-08-30T08:35:17.543926,8,5,1510.8,309,148,64,4,4,0.73,feature,172.13,success,0.3443
build_03495,2025-07-30T21:35:17.543926,21,2,31.6,955,3785,60,4,4,0.601,feature,1868.25,success,3.7365
build_03496,2025-10-04T03:35:17.543926,3,5,4237.91,477,18,39,2,8,0.886,hotfix,241.83,success,0.3628
build_03497,2025-08-29T00:35:17.543926,0,4,8628.46,697,323,46,4,4,0.637,feature,918.48,success,1.837
build_03498,2025-09-25T06:35:17.543926,6,3,808.9,182,162,42,2,8,0.718,hotfix,136.69,success,0.205
build_03499,2025-10-20T11:35:17.543926,11,0,2366.91,210,816,33,4,16,0.474,main,716.7,success,2.1501
build_03500,2025-10-06T11:35:17.543926,11,0,14956.01,365,52,29,8,8,0.875,feature,784.22,success,3.1369
build_03501,2025-09-27T00:35:17.543926,0,5,94.11,1006,762,30,2,32,0.871,feature,276.82,success,0.9689
build_03502,2025-11-18T13:35:17.543926,13,1,1949.72,59,590,37,2,16,0.73,feature,473.16,success,1.0252
build_03503,2025-10-23T00:35:17.543926,0,3,1377.45,175,325,57,2,8,0.811,feature,256.4,success,0.3846
build_03504,2025-11-08T01:35:17.543926,1,5,4452.34,479,28,51,2,8,0.887,main,291.65,success,0.4375
build_03505,2025-12-01T20:35:17.543926,20,0,698.65,510,32,30,8,8,0.898,feature,55.88,success,0.2235
build_03506,2025-12-26T13:35:17.543926,13,4,324.43,399,144,52,2,32,0.867,feature,108.05,success,0.3782
build_03507,2025-09-10T20:35:17.543926,20,2,4582.29,154,1219,48,8,32,0.691,main,280.1,success,1.6806
build_03508,2025-12-08T07:35:17.543926,7,0,10343.77,1500,124,31,2,8,0.543,feature,808.17,success,1.2122
build_03509,2025-09-06T07:35:17.543926,7,5,1057.91,101,22,31,2,8,0.832,main,89.76,success,0.1346
build_03510,2025-11-12T02:35:17.543926,2,2,2275.86,361,5,37,4,8,0.812,hotfix,128.09,success,0.2989
build_03511,2025-12-14T15:35:17.543926,15,6,220.91,1103,182,52,2,8,0.768,feature,206.66,success,0.31
build_03512,2025-11-17T05:35:17.543926,5,0,7227.99,674,65,56,2,32,0.607,main,423.74,success,1.4831
build_03513,2025-12-27T11:35:17.543926,11,5,317.99,195,1206,43,16,32,0.863,feature,145.8,success,1.3608
build_03514,2025-12-15T18:35:17.543926,18,0,121.57,581,162,35,2,16,0.905,feature,83.17,failed,0.1802
build_03515,2025-11-17T19:35:17.543926,19,0,1333.16,203,503,55,8,16,0.21,feature,278.12,success,1.2979
build_03516,2025-08-04T13:35:17.543926,13,0,46544.83,129,135,34,8,16,0.943,release,2068.62,success,9.6535
build_03517,2026-01-14T09:35:17.543926,9,2,4073.5,282,135,47,4,4,0.528,feature,463.41,failed,0.9268
build_03518,2025-07-24T21:35:17.543926,21,3,296.36,358,523,50,8,8,0.857,main,219.03,success,0.8761
build_03519,2025-11-28T09:35:17.543926,9,4,1830.59,584,121,56,8,32,0.535,release,135.8,success,0.8148
build_03520,2025-09-15T19:35:17.543926,19,0,3415.89,151,337,28,4,4,0.579,feature,358.52,success,0.717
build_03521,2025-09-28T06:35:17.543926,6,6,474.15,932,178,56,2,32,0.497,release,158.65,success,0.5553
build_03522,2025-11-25T11:35:17.543926,11,1,45180.08,1560,137,60,4,4,0.494,feature,3479.76,failed,6.9595
build_03523,2025-12-31T09:35:17.543926,9,2,1139.6,62,43,40,2,4,0.731,release,135.31,failed,0.1579
build_03524,2025-12-19T17:35:17.543926,17,4,199.93,242,29,40,8,16,0.714,main,30.93,success,0.1443
build_03525,2025-08-30T00:35:17.543926,0,5,389.93,1905,66,61,16,8,0.759,feature,77.36,success,0.5673
build_03526,2025-11-19T05:35:17.543926,5,2,162.05,569,1161,34,4,4,0.821,feature,579.71,success,1.1594
build_03527,2026-01-17T01:35:17.543926,1,5,24735.18,2423,1560,48,8,4,0.829,release,2424.48,failed,8.8898
build_03528,2025-11-03T19:35:17.543926,19,0,5461.47,1311,6769,49,2,16,0.573,feature,3794.81,success,8.2221
build_03529,2025-12-31T01:35:17.543926,1,2,379.85,312,82,50,8,16,0.527,hotfix,38.21,success,0.1783
build_03530,2025-08-02T08:35:17.543926,8,5,46121.42,1074,132,50,2,8,0.751,main,3556.44,success,5.3347
build_03531,2025-12-25T22:35:17.543926,22,3,423.4,995,901,42,2,4,0.682,feature,517.95,success,0.6043
build_03532,2025-08-23T06:35:17.543926,6,5,21424.05,116,88,50,4,4,0.632,feature,1311.32,success,2.6226
build_03533,2025-11-29T11:35:17.543926,11,5,569.12,1075,49,32,2,16,0.715,hotfix,87.05,success,0.1886
build_03534,2025-08-29T02:35:17.543926,2,4,4722.37,404,28,36,4,4,0.805,feature,333.44,success,0.6669
build_03535,2025-08-11T16:35:17.543926,16,0,3064.76,256,486,31,4,4,0.508,main,543.18,failed,1.0864
build_03536,2025-12-31T03:35:17.543926,3,2,7270.24,425,98,69,4,4,0.804,feature,513.88,success,1.0278
build_03537,2025-11-29T15:35:17.543926,15,5,4479.64,704,371,39,2,4,0.592,feature,673.94,success,0.7863
build_03538,2026-01-16T04:35:17.543926,4,4,158.69,95,209,70,8,4,0.785,feature,103.23,success,0.3785
build_03539,2026-01-14T20:35:17.543926,20,2,757.41,422,1306,44,2,8,0.694,main,615.97,success,0.924
build_03540,2025-10-17T23:35:17.543926,23,4,145.34,481,46,44,2,4,0.629,feature,63.22,success,0.0738
build_03541,2025-12-30T09:35:17.543926,9,1,679.93,1420,142,58,16,8,0.606,feature,120.89,success,0.8865
build_03542,2025-11-14T08:35:17.543926,8,4,483.0,1394,68,63,4,8,0.944,feature,87.76,success,0.2048
build_03543,2025-10-18T00:35:17.543926,0,5,1496.71,395,45,52,2,4,0.775,feature,123.09,success,0.1436
build_03544,2025-09-08T03:35:17.543926,3,0,528.87,764,34,53,16,8,0.865,feature,37.72,success,0.2766
build_03545,2025-07-29T18:35:17.543926,18,1,2525.24,249,112,31,4,4,0.724,feature,221.85,success,0.4437
build_03546,2025-11-20T20:35:17.543926,20,3,1476.32,1520,90,57,2,4,0.706,feature,232.16,success,0.2709
build_03547,2026-01-09T22:35:17.543926,22,4,5514.27,1240,1270,41,2,16,0.748,feature,899.44,success,1.9488
build_03548,2025-10-05T03:35:17.543926,3,6,245.15,126,307,67,2,16,0.628,feature,197.18,success,0.4272
build_03549,2025-10-14T03:35:17.543926,3,1,371.33,280,115,30,4,32,0.838,main,47.05,success,0.2039
build_03550,2025-10-16T16:35:17.543926,16,3,5559.57,236,108,41,4,4,0.771,feature,574.36,success,1.1487
build_03551,2025-08-21T03:35:17.543926,3,3,843.05,129,62,40,4,4,0.694,hotfix,82.75,success,0.1655
build_03552,2025-11-23T21:35:17.543926,21,6,1309.6,688,24,56,4,4,0.669,release,191.13,success,0.3823
build_03553,2026-01-11T13:35:17.543926,13,6,1082.79,579,37,67,4,8,0.717,feature,131.39,success,0.3066
build_03554,2025-08-17T23:35:17.543926,23,6,1462.6,431,33,47,4,8,0.879,feature,99.62,success,0.2325
build_03555,2026-01-11T09:35:17.543926,9,6,241.47,431,53,31,2,4,0.58,hotfix,70.51,success,0.0823
build_03556,2025-12-24T12:35:17.543926,12,2,241.38,6940,186,24,8,8,0.523,feature,306.84,success,1.2274
build_03557,2025-11-27T00:35:17.543926,0,3,870.37,415,976,32,4,32,0.448,main,381.25,success,1.6521
build_03558,2025-09-06T09:35:17.543926,9,5,167.73,239,262,57,2,8,0.665,hotfix,170.16,success,0.2552
build_03559,2026-01-07T07:35:17.543926,7,2,226.45,258,53,42,2,32,0.731,feature,42.8,success,0.1498
build_03560,2026-01-03T21:35:17.543926,21,5,731.1,57,204,40,16,4,0.631,main,144.23,success,1.0096
build_03561,2025-11-04T02:35:17.543926,2,1,915.92,311,174,55,2,4,0.76,main,170.61,success,0.199
build_03562,2025-11-12T01:35:17.543926,1,2,359.53,744,41,40,8,8,0.766,feature,57.66,success,0.2306
build_03563,2025-08-26T18:35:17.543926,18,1,165.17,208,67,34,2,8,0.706,hotfix,35.81,success,0.0537
build_03564,2025-09-25T16:35:17.543926,16,3,14328.38,390,2949,37,4,4,0.438,main,4323.12,success,8.6462
build_03565,2025-12-18T00:35:17.543926,0,3,3243.88,6164,232,32,2,16,0.747,feature,494.39,success,1.0712
build_03566,2025-11-12T22:35:17.543926,22,2,60082.77,457,38,29,2,32,0.882,feature,2346.9,success,8.2142
build_03567,2025-08-30T01:35:17.543926,1,5,159.57,567,437,32,2,8,0.903,feature,206.68,success,0.31
build_03568,2025-12-30T08:35:17.543926,8,1,2031.07,386,81,50,2,8,0.964,feature,170.92,success,0.2564
build_03569,2025-09-18T07:35:17.543926,7,3,563.6,111,137,57,2,8,0.749,feature,113.4,success,0.1701
build_03570,2025-09-23T17:35:17.543926,17,1,143.58,495,387,30,4,16,0.872,feature,187.62,success,0.5629
build_03571,2025-08-04T07:35:17.543926,7,0,1293.6,171,68,37,16,8,0.331,feature,72.42,success,0.5311
build_03572,2025-10-05T07:35:17.543926,7,6,6052.07,803,168,43,2,32,0.662,release,440.52,success,1.5418
build_03573,2025-10-19T14:35:17.543926,14,6,79.92,431,51,55,4,8,0.876,feature,50.61,success,0.1181
build_03574,2025-09-02T01:35:17.543926,1,1,499.37,426,106,40,4,16,0.41,feature,81.99,success,0.246
build_03575,2025-09-28T03:35:17.543926,3,6,652.78,381,1285,45,8,16,0.689,feature,335.65,success,1.5663
build_03576,2025-09-14T21:35:17.543926,21,6,456.66,156,219,55,16,16,0.784,main,55.98,success,0.4479
build_03577,2025-09-25T08:35:17.543926,8,3,8891.99,278,249,29,4,4,0.617,feature,656.33,success,1.3127
build_03578,2025-09-15T07:35:17.543926,7,0,1733.15,548,228,37,4,32,0.826,feature,121.69,success,0.5273
build_03579,2025-10-05T00:35:17.543926,0,6,3856.86,952,56,79,4,16,0.874,feature,178.21,success,0.5346
build_03580,2026-01-11T22:35:17.543926,22,6,386.24,99,94,49,4,8,0.526,feature,102.91,success,0.2401
build_03581,2025-11-17T04:35:17.543926,4,0,1767.89,617,123,39,2,8,0.87,hotfix,153.82,success,0.2307
build_03582,2025-10-16T12:35:17.543926,12,3,14411.63,1289,77,24,8,4,0.918,feature,985.32,success,3.6129
build_03583,2025-07-29T20:35:17.543926,20,1,1379.64,1003,1001,43,4,4,0.983,main,635.08,success,1.2702
build_03584,2025-07-30T12:35:17.543926,12,2,2907.19,66,536,36,2,4,0.786,feature,578.33,success,0.6747
build_03585,2026-01-01T05:35:17.543926,5,3,331.08,119,15,69,8,8,0.822,main,32.34,success,0.1294
build_03586,2025-08-08T18:35:17.543926,18,4,1230.98,341,101,41,4,4,0.543,feature,124.52,success,0.249
build_03587,2025-12-16T15:35:17.543926,15,1,4043.44,479,130,32,8,4,0.786,feature,414.19,success,1.5187
build_03588,2025-10-08T15:35:17.543926,15,2,4627.21,169,323,47,4,8,0.489,hotfix,542.49,success,1.2658
build_03589,2025-11-12T04:35:17.543926,4,2,11266.93,271,93,46,2,8,0.86,feature,672.89,failed,1.0093
build_03590,2025-11-01T05:35:17.543926,5,5,236.49,151,498,41,2,16,0.812,feature,198.19,success,0.4294
build_03591,2025-10-26T19:35:17.543926,19,6,1780.89,432,33,25,2,4,0.903,feature,124.42,failed,0.1452
build_03592,2025-08-29T11:35:17.543926,11,4,799.97,116,199,33,2,8,0.837,feature,162.67,success,0.244
build_03593,2025-10-08T00:35:17.543926,0,2,8513.26,602,131,54,2,16,0.823,release,645.57,success,1.3987
build_03594,2025-09-01T19:35:17.543926,19,0,7072.64,732,74,37,2,4,0.949,feature,485.62,success,0.5666
build_03595,2025-11-25T01:35:17.543926,1,1,590.74,258,43,74,2,8,0.713,feature,70.78,success,0.1062
build_03596,2025-12-07T01:35:17.543926,1,6,2111.68,774,12,41,4,16,0.725,feature,129.52,success,0.3886
build_03597,2025-09-26T18:35:17.543926,18,4,3139.64,907,135,48,4,16,0.583,release,315.01,success,0.945
build_03598,2025-10-26T15:35:17.543926,15,6,1185.74,1327,191,26,2,4,0.732,feature,290.5,failed,0.3389
build_03599,2025-11-19T20:35:17.543926,20,2,403.78,247,74,33,2,8,0.737,feature,75.97,success,0.114
build_03600,2025-08-28T00:35:17.543926,0,3,15234.66,175,964,39,4,8,0.533,feature,1295.34,success,3.0225
build_03601,2025-11-07T03:35:17.543926,3,4,904.78,180,1267,36,16,4,0.371,main,608.88,success,4.2622
build_03602,2025-11-16T08:35:17.543926,8,6,1192.88,602,107,41,2,4,0.98,feature,135.51,success,0.1581
build_03603,2025-09-16T01:35:17.543926,1,1,1956.47,127,128,38,4,8,0.842,feature,147.66,success,0.3446
build_03604,2025-11-13T11:35:17.543926,11,3,1439.55,366,31,43,2,4,0.813,feature,182.32,success,0.2127
build_03605,2026-01-01T21:35:17.543926,21,3,775.66,172,86,33,4,4,0.503,hotfix,91.46,success,0.1829
build_03606,2025-10-18T05:35:17.543926,5,5,6251.75,262,54,30,2,4,0.891,feature,405.15,success,0.4727
build_03607,2025-10-06T21:35:17.543926,21,0,635.4,598,170,52,8,8,0.623,release,137.67,success,0.5507
build_03608,2025-11-05T02:35:17.543926,2,2,1296.61,638,397,34,2,8,0.801,feature,247.28,success,0.3709
build_03609,2025-10-27T06:35:17.543926,6,0,925.56,544,55,54,4,4,0.764,release,149.94,failed,0.2999
build_03610,2025-07-29T06:35:17.543926,6,1,393.76,514,582,53,2,4,0.785,feature,388.21,success,0.4529
build_03611,2025-11-25T21:35:17.543926,21,1,925.77,261,439,43,4,8,0.452,main,372.18,success,0.8684
build_03612,2025-09-08T09:35:17.543926,9,0,213.62,531,93,64,4,16,0.533,feature,92.92,success,0.2788
build_03613,2025-09-29T15:35:17.543926,15,0,1902.99,417,258,41,2,8,0.795,main,370.12,success,0.5552
build_03614,2025-09-09T18:35:17.543926,18,1,1693.45,143,468,48,4,8,0.847,release,401.34,success,0.9365
build_03615,2025-11-05T08:35:17.543926,8,2,101.75,842,177,22,8,16,0.683,hotfix,47.31,success,0.2208
build_03616,2025-08-11T03:35:17.543926,3,0,8084.16,333,118,66,8,4,0.739,feature,495.49,success,1.8168
build_03617,2025-10-19T14:35:17.543926,14,6,909.38,653,378,32,2,32,0.826,main,291.89,success,1.0216
build_03618,2025-08-10T16:35:17.543926,16,6,960.53,185,224,45,16,8,0.393,main,167.86,success,1.231
build_03619,2025-08-12T21:35:17.543926,21,1,543.79,264,68,36,4,4,0.432,feature,109.57,success,0.2191
build_03620,2025-11-13T03:35:17.543926,3,3,138.77,113,86,54,2,4,0.84,feature,67.46,success,0.0787
build_03621,2025-08-26T08:35:17.543926,8,1,341.44,359,1058,79,16,4,0.28,release,747.43,success,5.232
build_03622,2025-07-26T22:35:17.543926,22,5,353.11,566,424,77,16,4,0.314,main,307.04,success,2.1493
build_03623,2025-09-14T01:35:17.543926,1,6,1746.9,697,233,55,4,4,0.802,feature,209.22,success,0.4184
build_03624,2025-11-13T17:35:17.543926,17,3,3042.13,155,1471,35,2,4,0.843,main,1352.47,success,1.5779
build_03625,2025-11-26T08:35:17.543926,8,2,1823.32,340,250,49,4,4,0.663,feature,274.95,success,0.5499
build_03626,2025-11-17T16:35:17.543926,16,0,11771.08,408,253,36,4,8,0.704,feature,1015.0,success,2.3683
build_03627,2025-11-08T01:35:17.543926,1,5,381.01,294,144,39,4,4,0.783,feature,113.54,success,0.2271
build_03628,2026-01-19T07:35:17.543926,7,0,83.61,162,271,36,2,32,0.937,feature,89.75,success,0.3141
build_03629,2025-10-30T13:35:17.543926,13,3,237.32,1402,114,36,16,8,0.68,hotfix,67.65,success,0.4961
build_03630,2025-12-25T09:35:17.543926,9,3,960.78,393,83,54,2,4,0.455,feature,183.89,success,0.2145
build_03631,2025-12-01T21:35:17.543926,21,0,34.87,525,42,49,8,4,0.523,feature,48.31,success,0.1771
build_03632,2025-12-05T17:35:17.543926,17,4,1537.05,310,15,57,4,16,0.79,main,128.11,success,0.3843
build_03633,2025-08-15T13:35:17.543926,13,4,106.59,1086,107,33,2,16,0.682,feature,123.15,success,0.2668
build_03634,2025-10-18T07:35:17.543926,7,5,398.53,256,107,74,4,8,0.914,feature,75.13,success,0.1753
build_03635,2025-10-17T02:35:17.543926,2,4,1747.83,1900,64,40,2,4,0.478,feature,267.54,success,0.3121
build_03636,2026-01-10T20:35:17.543926,20,5,591.18,544,610,32,4,16,0.449,feature,271.52,success,0.8145
build_03637,2025-12-06T05:35:17.543926,5,5,5057.11,93,68,34,2,4,0.578,hotfix,328.29,success,0.383
build_03638,2025-10-16T12:35:17.543926,12,3,1090.93,1102,141,54,2,8,0.417,main,315.97,failed,0.474
build_03639,2025-12-18T06:35:17.543926,6,3,1591.19,365,156,46,8,8,0.81,feature,84.44,success,0.3378
build_03640,2025-11-18T14:35:17.543926,14,1,1879.65,333,846,41,2,4,0.863,main,829.97,success,0.9683
build_03641,2025-12-13T08:35:17.543926,8,5,2525.39,216,219,40,16,4,0.683,feature,178.75,success,1.2513
build_03642,2025-12-28T23:35:17.543926,23,6,191.12,493,1201,38,4,8,0.543,release,869.13,success,2.028
build_03643,2025-09-19T14:35:17.543926,14,4,7133.02,292,828,43,2,4,0.837,feature,1210.57,success,1.4123
build_03644,2025-12-23T02:35:17.543926,2,1,1311.32,609,20,47,8,4,0.676,feature,105.9,success,0.3883
build_03645,2025-12-31T13:35:17.543926,13,2,508.57,87,31,55,2,16,0.863,feature,66.21,success,0.1435
build_03646,2025-11-26T03:35:17.543926,3,2,329.64,737,326,35,16,4,0.653,feature,138.07,success,0.9665
build_03647,2025-11-13T19:35:17.543926,19,3,3679.55,867,131,34,16,4,0.975,feature,188.92,success,1.3224
build_03648,2025-10-11T01:35:17.543926,1,5,11125.59,123,196,40,4,8,0.749,feature,672.84,success,1.57
build_03649,2025-07-25T23:35:17.543926,23,4,877.8,121,293,49,16,8,0.574,feature,98.33,success,0.7211
build_03650,2025-12-17T10:35:17.543926,10,2,3708.2,800,16,53,2,8,0.819,feature,346.95,success,0.5204
build_03651,2025-11-13T14:35:17.543926,14,3,3517.49,810,123,39,16,4,0.679,hotfix,209.59,success,1.4671
build_03652,2026-01-13T12:35:17.543926,12,1,1934.22,246,36,54,2,16,0.714,release,199.34,success,0.4319
build_03653,2025-10-17T01:35:17.543926,1,4,11724.41,861,224,66,4,4,0.656,feature,949.0,failed,1.898
build_03654,2025-07-27T11:35:17.543926,11,6,2368.81,2503,44,51,4,4,0.915,feature,269.01,success,0.538
build_03655,2025-09-17T08:35:17.543926,8,2,3738.67,226,376,34,2,8,0.54,hotfix,447.45,success,0.6712
build_03656,2025-11-07T19:35:17.543926,19,4,373.0,197,14,35,2,4,0.903,feature,37.63,success,0.0439
build_03657,2025-10-06T00:35:17.543926,0,0,265.41,445,41,41,2,8,0.715,feature,52.36,success,0.0785
build_03658,2025-12-23T00:35:17.543926,0,1,121.77,394,213,33,2,4,0.883,feature,142.45,success,0.1662
build_03659,2025-08-17T13:35:17.543926,13,6,1203.05,1003,326,41,8,16,0.799,feature,163.1,success,0.7611
build_03660,2025-09-18T07:35:17.543926,7,3,4023.28,442,1396,38,2,8,0.927,main,1013.75,success,1.5206
build_03661,2025-07-29T16:35:17.543926,16,1,405.9,93,283,45,2,8,0.991,hotfix,161.25,success,0.2419
build_03662,2025-11-02T05:35:17.543926,5,6,52.05,141,34,48,2,32,0.58,main,36.57,success,0.128
build_03663,2025-12-25T02:35:17.543926,2,3,63.12,374,284,32,2,4,0.831,feature,176.58,success,0.206
build_03664,2025-08-30T21:35:17.543926,21,5,4057.09,196,346,50,8,8,0.84,main,356.18,success,1.4247
build_03665,2025-11-12T08:35:17.543926,8,2,685.23,681,406,42,2,4,0.819,hotfix,224.04,success,0.2614
build_03666,2025-09-12T03:35:17.543926,3,4,107.04,211,23,45,2,32,0.948,feature,19.85,failed,0.0695
build_03667,2025-09-15T09:35:17.543926,9,0,2752.92,606,288,25,8,8,0.906,hotfix,239.49,success,0.9579
build_03668,2025-08-08T06:35:17.543926,6,4,146.3,216,10,25,16,4,0.692,feature,17.18,success,0.1202
build_03669,2025-10-12T22:35:17.543926,22,6,8442.78,39,978,50,4,4,0.672,release,1300.14,success,2.6003
build_03670,2025-12-19T09:35:17.543926,9,4,1631.3,904,176,40,4,8,0.717,feature,255.9,success,0.5971
build_03671,2025-08-29T00:35:17.543926,0,4,203.7,284,184,50,2,8,0.417,feature,142.53,success,0.2138
build_03672,2025-10-10T19:35:17.543926,19,4,14034.83,274,1216,48,2,8,0.75,feature,1409.61,success,2.1144
build_03673,2025-08-13T02:35:17.543926,2,2,874.54,164,168,36,8,4,0.54,feature,144.8,success,0.5309
build_03674,2025-08-09T15:35:17.543926,15,5,5162.96,163,593,56,8,8,0.407,feature,643.55,success,2.5742
build_03675,2025-11-29T00:35:17.543926,0,5,522.29,996,378,22,4,4,0.497,feature,268.19,success,0.5364
build_03676,2025-09-16T08:35:17.543926,8,1,666.5,1386,39,51,4,4,0.894,feature,102.01,success,0.204
build_03677,2025-12-06T05:35:17.543926,5,5,281.72,850,66,27,16,32,0.395,main,23.69,success,0.2211
build_03678,2025-12-20T19:35:17.543926,19,5,23331.22,728,39,35,4,4,0.796,feature,1483.82,failed,2.9676
build_03679,2025-10-15T01:35:17.543926,1,2,2479.2,288,39,30,16,8,0.76,main,101.64,success,0.7453
build_03680,2025-11-30T08:35:17.543926,8,6,892.77,213,490,52,2,16,0.773,feature,265.79,success,0.5759
build_03681,2025-08-14T14:35:17.543926,14,3,8371.46,190,313,48,2,32,0.833,feature,600.6,success,2.1021
build_03682,2025-10-22T06:35:17.543926,6,2,2147.34,234,604,51,2,16,0.785,main,487.66,success,1.0566
build_03683,2025-12-07T21:35:17.543926,21,6,479.4,59,117,47,8,8,0.694,feature,52.55,success,0.2102
build_03684,2025-08-02T04:35:17.543926,4,5,1004.98,166,619,48,8,8,0.945,feature,264.61,success,1.0584
build_03685,2025-11-30T00:35:17.543926,0,6,85.7,525,238,46,16,4,0.401,release,194.75,success,1.3633
build_03686,2025-08-25T07:35:17.543926,7,0,658.08,155,549,45,4,8,0.703,feature,307.16,success,0.7167
build_03687,2025-07-29T06:35:17.543926,6,1,2734.8,170,328,45,4,32,0.58,release,237.77,success,1.0304
build_03688,2026-01-02T06:35:17.543926,6,4,266.04,372,35,43,16,16,0.816,feature,17.05,success,0.1364
build_03689,2026-01-20T06:35:17.543926,6,1,2061.26,997,1050,34,2,8,0.523,feature,615.89,success,0.9238
build_03690,2026-01-10T21:35:17.543926,21,5,4585.93,185,470,46,2,8,0.786,release,527.1,success,0.7907
build_03691,2025-08-16T05:35:17.543926,5,5,51.02,572,559,56,16,4,0.682,release,271.43,success,1.9
build_03692,2025-07-31T17:35:17.543926,17,3,19.57,103,40,55,2,8,0.918,hotfix,34.01,success,0.051
build_03693,2025-12-15T03:35:17.543926,3,0,2665.19,607,194,41,16,16,0.453,main,116.62,success,0.9329
build_03694,2025-11-11T14:35:17.543926,14,1,1532.5,465,24,69,2,8,0.689,feature,139.49,success,0.2092
build_03695,2025-09-30T11:35:17.543926,11,1,714.81,544,181,44,4,16,0.73,release,212.79,success,0.6384
build_03696,2025-12-10T16:35:17.543926,16,2,2699.01,503,1612,47,2,8,0.679,feature,1487.68,success,2.2315
build_03697,2025-12-09T04:35:17.543926,4,1,235.23,1923,88,55,2,32,0.493,feature,108.79,success,0.3808
build_03698,2026-01-18T21:35:17.543926,21,6,206.3,106,162,41,16,8,0.471,feature,65.85,success,0.4829
build_03699,2025-12-19T02:35:17.543926,2,4,2831.29,1109,30,51,2,8,0.725,feature,218.1,success,0.3272
build_03700,2025-10-28T06:35:17.543926,6,1,1867.59,605,381,61,8,8,0.539,feature,262.62,success,1.0505
build_03701,2025-12-16T22:35:17.543926,22,1,2092.68,245,59,55,2,4,0.773,feature,165.51,success,0.1931
build_03702,2026-01-16T07:35:17.543926,7,4,10271.23,1173,27,38,4,8,0.587,feature,714.32,success,1.6668
build_03703,2025-08-24T06:35:17.543926,6,6,2433.02,30,123,42,2,16,0.849,feature,175.33,success,0.3799
build_03704,2025-08-21T21:35:17.543926,21,3,2930.02,318,123,17,2,8,0.862,feature,256.93,success,0.3854
build_03705,2025-07-29T00:35:17.543926,0,1,2701.48,2270,451,40,2,8,0.884,feature,473.79,success,0.7107
build_03706,2025-12-18T10:35:17.543926,10,3,2536.38,117,239,40,16,8,0.687,release,282.33,success,2.0704
build_03707,2025-12-28T20:35:17.543926,20,6,89.8,475,76,33,8,16,0.364,feature,42.85,success,0.2
build_03708,2025-09-30T06:35:17.543926,6,1,294.06,1421,104,40,4,32,0.559,hotfix,57.94,success,0.2511
build_03709,2025-08-21T13:35:17.543926,13,3,654.21,279,2404,54,16,16,0.631,feature,594.55,success,4.7564
build_03710,2025-12-29T04:35:17.543926,4,0,401.68,1974,116,28,2,8,0.847,feature,141.82,success,0.2127
build_03711,2025-12-23T06:35:17.543926,6,1,1297.02,668,29,44,8,4,0.883,feature,104.17,success,0.382
build_03712,2025-10-23T13:35:17.543926,13,3,241.14,297,640,33,2,16,0.668,release,545.67,success,1.1823
build_03713,2026-01-03T04:35:17.543926,4,5,633.62,84,59,38,8,8,0.713,feature,60.65,success,0.2426
build_03714,2025-08-19T12:35:17.543926,12,1,685.45,743,16,50,2,8,0.243,feature,129.83,success,0.1948
build_03715,2025-09-20T17:35:17.543926,17,5,327.7,95,69,55,4,16,0.333,feature,75.78,success,0.2273
build_03716,2025-10-23T09:35:17.543926,9,3,1111.47,90,263,39,2,4,0.912,feature,290.35,success,0.3387
build_03717,2025-08-05T21:35:17.543926,21,1,980.07,434,28,46,8,16,0.538,feature,44.81,success,0.2091
build_03718,2025-12-18T06:35:17.543926,6,3,43.98,106,106,36,2,4,0.921,feature,59.5,success,0.0694
build_03719,2025-10-18T13:35:17.543926,13,5,3710.73,197,22,46,2,16,0.95,feature,292.18,success,0.6331
build_03720,2025-09-18T22:35:17.543926,22,3,6041.79,224,72,64,16,8,0.82,main,234.96,success,1.723
build_03721,2025-10-20T16:35:17.543926,16,0,2156.36,477,133,34,4,8,0.802,feature,238.45,success,0.5564
build_03722,2025-08-09T05:35:17.543926,5,5,616.78,88,137,49,2,16,0.95,release,128.56,success,0.2785
build_03723,2025-08-16T10:35:17.543926,10,5,23081.7,1447,377,39,4,4,0.659,main,2947.64,failed,5.8953
build_03724,2025-08-08T11:35:17.543926,11,4,35497.6,687,441,38,2,4,0.917,main,3757.91,success,4.3842
build_03725,2025-08-11T20:35:17.543926,20,0,920.37,2653,28,32,2,8,0.899,feature,140.98,success,0.2115
build_03726,2025-09-23T06:35:17.543926,6,1,20821.52,126,93,32,4,8,0.643,feature,1336.84,success,3.1193
build_03727,2025-11-18T09:35:17.543926,9,1,160.44,1139,332,48,8,8,0.604,hotfix,164.78,success,0.6591
build_03728,2025-10-23T10:35:17.543926,10,3,2255.7,468,360,31,2,8,0.795,feature,422.06,success,0.6331
build_03729,2026-01-17T09:35:17.543926,9,5,219.91,1256,277,44,8,4,0.755,feature,205.31,success,0.7528
build_03730,2025-07-31T19:35:17.543926,19,3,4157.78,54,128,46,2,8,0.686,feature,374.01,success,0.561
build_03731,2025-08-13T16:35:17.543926,16,2,1968.67,1372,199,54,8,16,0.462,feature,197.57,success,0.922
build_03732,2025-08-02T09:35:17.543926,9,5,6.81,49,158,68,4,8,0.582,feature,110.74,success,0.2584
build_03733,2025-08-03T06:35:17.543926,6,6,3896.23,71,148,51,16,8,0.806,feature,151.65,success,1.1121
build_03734,2025-10-15T17:35:17.543926,17,2,14296.51,214,130,75,8,8,0.854,main,987.37,success,3.9495
build_03735,2026-01-15T16:35:17.543926,16,3,188.46,724,51,54,2,32,0.849,feature,55.44,success,0.1941
build_03736,2025-11-19T00:35:17.543926,0,2,108.0,565,59,53,8,4,0.851,main,61.57,success,0.2258
build_03737,2025-09-02T16:35:17.543926,16,1,1582.11,269,388,33,8,4,0.683,feature,356.51,success,1.3072
build_03738,2025-12-30T16:35:17.543926,16,1,1050.31,824,233,49,8,32,0.406,hotfix,95.15,failed,0.5709
build_03739,2026-01-06T03:35:17.543926,3,1,7145.5,428,397,40,2,8,0.708,hotfix,565.32,success,0.848
build_03740,2025-12-25T17:35:17.543926,17,3,30522.56,100,45,37,16,32,0.816,feature,468.68,success,4.3744
build_03741,2025-07-30T12:35:17.543926,12,2,9296.95,355,9,45,4,8,0.609,main,933.17,failed,2.1774
build_03742,2025-11-10T02:35:17.543926,2,0,6017.73,730,339,43,2,8,0.723,main,676.49,success,1.0147
build_03743,2025-08-11T15:35:17.543926,15,0,286.75,250,304,61,8,16,0.795,hotfix,100.37,success,0.4684
build_03744,2025-11-21T12:35:17.543926,12,4,348.87,997,21,29,2,8,0.735,hotfix,52.52,success,0.0788
build_03745,2026-01-19T22:35:17.543926,22,0,3041.94,478,139,31,2,8,0.837,feature,259.72,success,0.3896
build_03746,2025-12-06T07:35:17.543926,7,5,2335.34,284,330,29,2,8,0.825,feature,359.57,success,0.5394
build_03747,2025-09-04T07:35:17.543926,7,3,567.5,803,161,40,2,4,0.704,feature,179.9,success,0.2099
build_03748,2025-12-11T20:35:17.543926,20,3,1644.58,286,96,63,16,4,0.711,feature,141.82,failed,0.9927
build_03749,2025-08-06T15:35:17.543926,15,2,3476.02,349,27,31,2,8,0.275,feature,370.87,success,0.5563
build_03750,2025-12-13T18:35:17.543926,18,5,1224.06,136,205,39,8,16,0.87,release,126.17,success,0.5888
build_03751,2025-11-11T12:35:17.543926,12,1,9990.35,786,60,37,4,16,0.691,feature,724.68,success,2.174
build_03752,2025-08-08T15:35:17.543926,15,4,395.64,606,63,54,8,16,0.883,hotfix,48.55,success,0.2266
build_03753,2025-11-22T03:35:17.543926,3,5,1078.41,886,193,49,4,8,0.72,feature,161.14,success,0.376
build_03754,2025-07-30T15:35:17.543926,15,2,475.31,145,97,46,2,16,0.732,release,126.82,success,0.2748
build_03755,2025-10-02T06:35:17.543926,6,3,97.95,230,105,45,4,8,0.891,feature,64.57,success,0.1507
build_03756,2025-09-12T05:35:17.543926,5,4,1331.13,41,159,32,4,8,0.653,feature,161.19,success,0.3761
build_03757,2025-12-12T08:35:17.543926,8,4,31418.97,1913,210,50,4,32,0.812,feature,1062.31,success,4.6034
build_03758,2025-12-24T13:35:17.543926,13,2,14.12,137,136,43,16,32,0.774,feature,19.41,success,0.1811
build_03759,2025-09-30T16:35:17.543926,16,1,1740.03,282,191,75,4,8,0.82,main,342.57,success,0.7993
build_03760,2025-11-16T06:35:17.543926,6,6,30.12,1655,129,36,2,32,0.736,hotfix,68.83,success,0.2409
build_03761,2025-07-26T03:35:17.543926,3,5,14548.69,206,89,35,4,8,0.73,feature,804.83,success,1.8779
build_03762,2025-10-02T01:35:17.543926,1,3,2181.45,411,261,52,8,16,0.842,feature,130.0,success,0.6067
build_03763,2025-09-18T21:35:17.543926,21,3,3121.96,1054,303,53,16,8,0.458,feature,225.35,success,1.6526
build_03764,2025-08-13T00:35:17.543926,0,2,1885.99,501,79,35,4,8,0.692,main,207.03,success,0.4831
build_03765,2025-12-12T05:35:17.543926,5,4,1057.68,973,182,43,2,4,0.825,feature,264.4,success,0.3085
build_03766,2025-11-03T22:35:17.543926,22,0,4500.0,1266,168,43,2,8,0.809,release,640.51,success,0.9608
build_03767,2026-01-12T13:35:17.543926,13,0,30929.68,307,90,45,8,8,0.914,main,2162.8,success,8.6512
build_03768,2025-10-23T21:35:17.543926,21,3,5217.99,1273,14,38,16,8,0.513,feature,240.29,success,1.7621
build_03769,2025-12-14T09:35:17.543926,9,6,3339.72,190,89,48,8,8,0.901,feature,245.57,success,0.9823
build_03770,2025-10-13T06:35:17.543926,6,0,600.04,910,739,37,4,8,0.804,feature,348.36,success,0.8128
build_03771,2025-10-25T20:35:17.543926,20,5,395.64,1681,313,44,2,4,0.59,feature,297.24,success,0.3468
build_03772,2026-01-16T06:35:17.543926,6,4,4438.06,171,1248,67,8,4,0.784,feature,717.46,failed,2.6307
build_03773,2025-07-28T13:35:17.543926,13,0,440.83,220,245,51,4,4,0.726,feature,221.45,success,0.4429
build_03774,2025-09-02T10:35:17.543926,10,1,69.56,1421,192,49,2,32,0.822,feature,114.58,success,0.401
build_03775,2025-11-08T16:35:17.543926,16,5,8992.64,374,30,50,8,32,0.303,hotfix,253.02,success,1.5181
build_03776,2025-09-29T06:35:17.543926,6,0,7159.21,202,115,63,4,4,0.852,hotfix,366.12,success,0.7322
build_03777,2025-08-04T15:35:17.543926,15,0,9804.84,557,108,47,4,4,0.9,feature,892.64,success,1.7853
build_03778,2025-10-02T09:35:17.543926,9,3,304.95,468,79,45,4,8,0.815,feature,84.75,success,0.1977
build_03779,2026-01-02T08:35:17.543926,8,4,3073.6,212,119,34,16,4,0.755,feature,182.5,failed,1.2775
build_03780,2026-01-19T09:35:17.543926,9,0,4337.26,384,303,52,4,8,0.604,feature,539.61,success,1.2591
build_03781,2025-08-31T04:35:17.543926,4,6,297.11,300,558,52,2,4,0.803,release,332.41,success,0.3878
build_03782,2025-08-04T01:35:17.543926,1,0,62.05,179,25,50,2,32,0.656,feature,25.63,success,0.0897
build_03783,2025-11-04T03:35:17.543926,3,1,1275.42,354,233,42,8,4,0.694,feature,142.23,success,0.5215
build_03784,2025-10-21T22:35:17.543926,22,1,114.0,655,283,49,16,16,0.787,main,73.39,success,0.5871
build_03785,2025-12-01T12:35:17.543926,12,0,1780.59,2593,47,45,8,8,0.982,feature,194.39,success,0.7776
build_03786,2025-09-12T14:35:17.543926,14,4,462.57,375,562,52,8,4,0.962,release,459.56,success,1.6851
build_03787,2025-09-22T13:35:17.543926,13,0,2043.23,1067,244,48,2,8,0.708,feature,335.2,success,0.5028
build_03788,2025-09-26T01:35:17.543926,1,4,560.14,1461,132,59,8,16,0.548,hotfix,56.19,success,0.2622
build_03789,2025-07-26T22:35:17.543926,22,5,766.62,998,160,69,2,4,0.884,feature,151.45,success,0.1767
build_03790,2025-09-04T17:35:17.543926,17,3,202.12,2005,81,39,4,8,0.524,feature,166.94,success,0.3895
build_03791,2025-10-10T20:35:17.543926,20,4,1809.91,629,142,36,2,16,0.68,main,174.01,success,0.377
build_03792,2025-07-29T00:35:17.543926,0,1,266.5,496,144,34,2,4,0.569,main,151.44,success,0.1767
build_03793,2025-09-24T08:35:17.543926,8,2,2504.03,305,924,28,16,4,0.556,release,672.39,success,4.7067
build_03794,2025-07-26T04:35:17.543926,4,5,1282.46,147,88,71,8,4,0.881,feature,128.14,success,0.4698
build_03795,2025-09-08T18:35:17.543926,18,0,381.51,70,147,46,8,8,0.583,feature,95.52,success,0.3821
build_03796,2025-09-16T03:35:17.543926,3,1,2078.12,301,37,40,4,4,0.797,feature,137.66,success,0.2753
build_03797,2025-11-29T16:35:17.543926,16,5,666.4,1239,849,47,16,16,0.735,feature,194.74,success,1.558
build_03798,2025-09-17T20:35:17.543926,20,2,22810.12,131,74,37,4,16,0.829,feature,965.71,success,2.8971
build_03799,2026-01-10T00:35:17.543926,0,5,6230.24,189,973,38,8,16,0.642,release,600.27,success,2.8012
build_03800,2026-01-17T08:35:17.543926,8,5,537.08,139,403,36,2,4,0.666,hotfix,209.15,success,0.244
build_03801,2025-09-26T13:35:17.543926,13,4,970.72,578,88,47,2,4,0.868,hotfix,140.1,success,0.1634
build_03802,2025-10-28T03:35:17.543926,3,1,2424.65,215,64,44,2,8,0.583,main,245.14,success,0.3677
build_03803,2025-09-07T05:35:17.543926,5,6,274.88,114,351,38,4,32,0.945,feature,86.97,success,0.3769
build_03804,2026-01-05T18:35:17.543926,18,0,399.18,103,64,34,4,8,0.69,feature,50.46,success,0.1177
build_03805,2025-11-01T01:35:17.543926,1,5,1010.56,467,1292,39,2,16,0.781,feature,542.28,success,1.1749
build_03806,2025-09-03T23:35:17.543926,23,2,19570.57,379,724,64,2,8,0.647,release,2129.72,success,3.1946
build_03807,2025-10-12T15:35:17.543926,15,6,67.32,458,197,38,2,8,0.625,feature,167.21,success,0.2508
build_03808,2026-01-19T13:35:17.543926,13,0,4131.52,115,49,64,4,4,0.769,hotfix,261.53,success,0.5231
build_03809,2025-09-09T03:35:17.543926,3,1,2295.31,430,12,40,16,32,0.858,feature,32.84,success,0.3065
build_03810,2025-10-15T14:35:17.543926,14,2,1220.74,984,34,34,2,16,0.575,feature,110.21,success,0.2388
build_03811,2026-01-01T17:35:17.543926,17,3,1251.71,278,245,39,16,16,0.872,feature,91.24,success,0.73
build_03812,2026-01-08T12:35:17.543926,12,3,1543.93,1181,38,36,4,32,0.549,hotfix,82.93,success,0.3593
build_03813,2025-08-14T05:35:17.543926,5,3,4350.05,1942,25,45,8,4,0.863,feature,320.0,success,1.1733
build_03814,2025-09-20T14:35:17.543926,14,5,2576.43,2350,40,62,2,4,0.845,feature,343.2,success,0.4004
build_03815,2025-11-13T06:35:17.543926,6,3,2235.84,632,191,46,16,4,0.639,feature,184.75,failed,1.2932
build_03816,2025-11-21T22:35:17.543926,22,4,517.73,479,24,50,2,16,0.723,feature,62.84,success,0.1362
build_03817,2025-08-30T17:35:17.543926,17,5,1398.74,414,596,60,2,8,0.983,feature,434.2,success,0.6513
build_03818,2025-11-08T16:35:17.543926,16,5,3025.42,1180,719,40,2,8,0.848,feature,662.53,success,0.9938
build_03819,2026-01-08T17:35:17.543926,17,3,39.29,838,116,52,8,32,0.772,hotfix,33.57,success,0.2014
build_03820,2026-01-08T06:35:17.543926,6,3,3147.23,203,30,42,2,4,0.887,feature,208.38,success,0.2431
build_03821,2026-01-03T16:35:17.543926,16,5,1764.31,173,70,44,2,4,0.661,main,241.26,success,0.2815
build_03822,2025-10-05T19:35:17.543926,19,6,1399.46,418,305,37,16,8,0.648,feature,148.92,success,1.0921
build_03823,2025-08-09T02:35:17.543926,2,5,430.76,534,173,45,16,4,0.49,feature,116.39,success,0.8148
build_03824,2025-11-02T17:35:17.543926,17,6,509.62,436,194,58,8,32,0.643,main,83.69,success,0.5021
build_03825,2025-10-25T13:35:17.543926,13,5,442.52,278,165,34,4,8,0.933,main,164.2,success,0.3831
build_03826,2025-08-07T23:35:17.543926,23,3,54988.01,327,162,61,2,16,0.787,feature,3279.96,success,7.1066
build_03827,2025-12-28T22:35:17.543926,22,6,2168.54,270,103,57,4,8,0.46,feature,212.29,success,0.4953
build_03828,2025-12-19T03:35:17.543926,3,4,475.67,191,2299,36,4,8,0.768,hotfix,735.49,success,1.7161
build_03829,2025-12-31T13:35:17.543926,13,2,13882.62,714,458,39,2,4,0.868,release,1962.93,success,2.2901
build_03830,2025-09-08T18:35:17.543926,18,0,629.48,2462,63,33,2,4,0.765,feature,174.17,success,0.2032
build_03831,2025-10-31T08:35:17.543926,8,4,910.6,377,42,46,2,32,0.725,hotfix,55.85,success,0.1955
build_03832,2025-12-09T16:35:17.543926,16,1,56.2,198,106,49,16,4,0.55,feature,72.75,success,0.5092
build_03833,2026-01-09T09:35:17.543926,9,4,24391.66,134,398,54,4,8,0.731,feature,1763.78,success,4.1155
build_03834,2025-12-30T08:35:17.543926,8,1,12814.67,2534,79,38,4,4,0.905,hotfix,670.88,success,1.3418
build_03835,2026-01-18T14:35:17.543926,14,6,2578.85,561,50,37,2,16,0.837,hotfix,159.43,success,0.3454
build_03836,2025-12-25T03:35:17.543926,3,3,330.22,813,810,28,8,8,0.535,feature,299.99,success,1.2
build_03837,2026-01-02T10:35:17.543926,10,4,3743.22,269,167,37,8,4,0.712,feature,297.9,success,1.0923
build_03838,2025-10-11T03:35:17.543926,3,5,596.76,493,711,38,2,8,0.756,feature,341.86,success,0.5128
build_03839,2025-08-29T22:35:17.543926,22,4,9128.97,647,6,32,2,4,0.602,main,793.86,success,0.9262
build_03840,2025-10-18T17:35:17.543926,17,5,434.09,648,1362,45,8,8,0.669,feature,692.05,success,2.7682
build_03841,2025-10-22T17:35:17.543926,17,2,1980.91,390,28,54,2,8,0.573,feature,210.51,success,0.3158
build_03842,2025-09-23T02:35:17.543926,2,1,1881.41,138,33,44,4,32,0.555,hotfix,69.38,success,0.3006
build_03843,2025-11-11T05:35:17.543926,5,1,832.33,4301,8,54,2,32,0.728,feature,158.41,success,0.5544
build_03844,2025-08-30T09:35:17.543926,9,5,40754.76,224,453,36,2,8,0.919,main,4472.01,success,6.708
build_03845,2026-01-20T12:35:17.543926,12,1,533.11,226,1545,62,2,8,0.474,feature,1164.38,success,1.7466
build_03846,2025-10-09T09:35:17.543926,9,3,2166.45,722,83,46,16,16,0.782,main,92.5,success,0.74
build_03847,2025-12-16T07:35:17.543926,7,1,613.71,210,44,35,16,8,0.898,feature,33.26,success,0.2439
build_03848,2025-12-21T11:35:17.543926,11,6,11038.82,201,104,48,8,4,0.875,feature,857.82,success,3.1453
build_03849,2025-10-17T12:35:17.543926,12,4,6023.47,2681,19,37,2,16,0.808,feature,522.42,success,1.1319
build_03850,2025-11-17T13:35:17.543926,13,0,461.89,2682,410,40,2,32,0.792,main,383.99,success,1.344
build_03851,2025-08-06T08:35:17.543926,8,2,754.02,326,57,42,2,8,0.937,main,94.9,success,0.1424
build_03852,2025-11-07T12:35:17.543926,12,4,428.62,227,55,36,8,8,0.663,hotfix,58.13,success,0.2325
build_03853,2025-09-23T14:35:17.543926,14,1,11666.87,823,73,62,16,4,0.687,feature,815.58,success,5.7091
build_03854,2025-11-10T15:35:17.543926,15,0,323.14,666,1365,50,2,32,0.805,feature,639.34,success,2.2377
build_03855,2025-11-09T09:35:17.543926,9,6,889.11,1017,163,47,4,4,0.831,feature,198.38,success,0.3968
build_03856,2025-09-30T17:35:17.543926,17,1,1384.57,480,124,31,4,16,0.575,feature,177.31,success,0.5319
build_03857,2025-10-08T20:35:17.543926,20,2,181.97,346,241,36,8,8,0.693,feature,100.98,success,0.4039
build_03858,2025-09-30T10:35:17.543926,10,1,1741.47,230,335,68,2,8,0.42,feature,480.43,success,0.7206
build_03859,2025-09-09T01:35:17.543926,1,1,253.03,429,100,33,8,8,0.843,feature,55.09,success,0.2204
build_03860,2025-08-23T23:35:17.543926,23,5,546.78,78,37,61,2,16,0.757,main,68.72,success,0.1489
build_03861,2025-10-08T05:35:17.543926,5,2,461.11,173,2320,26,2,8,0.74,hotfix,938.6,success,1.4079
build_03862,2025-08-05T17:35:17.543926,17,1,258.17,170,796,68,8,8,0.641,feature,435.11,success,1.7404
build_03863,2025-08-06T14:35:17.543926,14,2,355.37,884,78,37,2,4,0.939,main,127.58,success,0.1488
build_03864,2025-12-12T20:35:17.543926,20,4,83.56,215,31,54,2,8,0.802,main,46.7,success,0.07
build_03865,2025-11-09T12:35:17.543926,12,6,1577.27,531,442,74,2,8,0.787,feature,455.22,success,0.6828
build_03866,2025-08-23T15:35:17.543926,15,5,2767.28,154,13,34,8,8,0.697,main,219.71,success,0.8788
build_03867,2025-11-20T09:35:17.543926,9,3,3649.86,515,93,48,2,8,0.927,feature,298.16,success,0.4472
build_03868,2025-07-26T17:35:17.543926,17,5,86.05,545,298,63,2,4,0.539,feature,204.46,success,0.2385
build_03869,2025-09-28T01:35:17.543926,1,6,249.88,65,410,28,2,32,0.767,main,205.43,success,0.719
build_03870,2025-08-16T02:35:17.543926,2,5,2550.29,135,1089,36,2,8,0.858,main,701.53,success,1.0523
build_03871,2025-07-28T00:35:17.543926,0,0,1621.05,144,57,26,4,32,0.65,feature,81.86,success,0.3547
build_03872,2025-11-15T07:35:17.543926,7,5,1387.65,2364,408,40,8,32,0.23,feature,146.24,failed,0.8774
build_03873,2025-08-19T09:35:17.543926,9,1,1097.37,703,32,54,8,4,0.908,feature,114.48,failed,0.4198
build_03874,2025-08-15T18:35:17.543926,18,4,493.75,100,15,40,2,32,0.547,main,41.61,success,0.1456
build_03875,2025-11-07T22:35:17.543926,22,4,34089.8,725,253,51,8,8,0.88,main,1575.17,success,6.3007
build_03876,2026-01-01T13:35:17.543926,13,3,2355.54,181,244,63,8,4,0.686,hotfix,297.1,success,1.0894
build_03877,2026-01-06T06:35:17.543926,6,1,867.57,274,164,29,2,16,0.626,release,159.62,success,0.3458
build_03878,2025-10-03T09:35:17.543926,9,4,1139.06,633,82,40,2,8,0.827,release,247.96,success,0.3719
build_03879,2025-09-19T12:35:17.543926,12,4,65.58,248,19,48,4,8,0.767,feature,32.15,success,0.075
build_03880,2025-10-17T21:35:17.543926,21,4,4799.4,163,17,37,2,4,0.838,main,361.47,success,0.4217
build_03881,2025-11-04T03:35:17.543926,3,1,53404.39,84,265,60,2,4,0.74,feature,3650.67,success,4.2591
build_03882,2025-08-23T08:35:17.543926,8,5,1204.12,407,79,39,8,16,0.774,main,78.75,success,0.3675
build_03883,2025-11-16T03:35:17.543926,3,6,1717.86,340,279,70,16,4,0.969,feature,160.0,failed,1.12
build_03884,2025-12-18T00:35:17.543926,0,3,6480.62,188,94,40,4,16,0.768,hotfix,303.38,success,0.9101
build_03885,2025-08-03T15:35:17.543926,15,6,711.84,212,970,38,4,16,0.808,release,580.22,success,1.7407
build_03886,2025-08-20T06:35:17.543926,6,2,76.14,919,94,61,2,8,0.764,feature,85.39,success,0.1281
build_03887,2025-11-24T19:35:17.543926,19,0,5421.93,256,50,45,8,16,0.701,main,231.83,success,1.0819
build_03888,2025-08-08T10:35:17.543926,10,4,820.49,1262,137,40,4,4,0.903,main,226.09,success,0.4522
build_03889,2025-10-14T03:35:17.543926,3,1,153.75,707,1104,34,4,16,0.74,feature,386.56,success,1.1597
build_03890,2025-12-03T15:35:17.543926,15,2,298.27,401,1044,34,2,16,0.464,feature,740.32,success,1.604
build_03891,2026-01-06T18:35:17.543926,18,1,214.05,242,126,42,4,8,0.794,hotfix,62.53,success,0.1459
build_03892,2025-09-08T02:35:17.543926,2,0,1899.48,162,1173,68,2,8,0.693,feature,635.17,success,0.9527
build_03893,2025-10-30T17:35:17.543926,17,3,422.06,748,103,38,4,4,0.916,feature,127.34,success,0.2547
build_03894,2025-09-11T11:35:17.543926,11,3,67.0,625,592,45,2,4,0.526,feature,388.82,success,0.4536
build_03895,2025-09-08T03:35:17.543926,3,0,1178.68,1350,29,48,16,32,0.49,main,42.43,success,0.396
build_03896,2025-09-03T19:35:17.543926,19,2,800.58,173,95,63,4,4,0.709,feature,123.85,success,0.2477
build_03897,2025-11-30T03:35:17.543926,3,6,259.0,182,111,54,4,8,0.244,feature,109.98,success,0.2566
build_03898,2025-08-28T01:35:17.543926,1,3,1324.57,363,43,43,8,4,0.885,main,123.6,failed,0.4532
build_03899,2025-12-01T04:35:17.543926,4,0,4056.22,430,524,40,8,16,0.765,feature,311.13,success,1.4519
build_03900,2025-10-13T03:35:17.543926,3,0,1703.1,66,101,43,2,4,0.987,feature,163.14,success,0.1903
build_03901,2025-12-31T06:35:17.543926,6,2,784.68,92,252,26,2,32,0.798,feature,137.28,success,0.4805
build_03902,2025-11-16T00:35:17.543926,0,6,921.33,769,15,55,2,8,0.773,feature,88.72,success,0.1331
build_03903,2025-11-03T16:35:17.543926,16,0,923.61,251,175,45,8,16,0.48,feature,126.14,success,0.5887
build_03904,2025-10-24T00:35:17.543926,0,4,8067.39,441,25,37,16,4,0.759,main,416.82,success,2.9177
build_03905,2026-01-07T22:35:17.543926,22,2,4003.07,76,200,37,8,8,0.913,hotfix,161.02,success,0.6441
build_03906,2025-08-25T20:35:17.543926,20,0,864.65,171,251,39,16,4,0.798,main,130.08,success,0.9106
build_03907,2025-12-26T11:35:17.543926,11,4,17819.44,1339,374,24,2,16,0.67,feature,1403.99,success,3.042
build_03908,2026-01-20T11:35:17.543926,11,1,7071.31,741,416,65,8,8,0.793,feature,597.64,success,2.3906
build_03909,2025-10-10T20:35:17.543926,20,4,1608.02,458,37,37,8,16,0.654,feature,81.0,success,0.378
build_03910,2025-10-06T08:35:17.543926,8,0,29161.91,847,227,41,4,16,0.738,main,1794.63,success,5.3839
build_03911,2025-08-27T07:35:17.543926,7,2,1435.52,1159,106,41,8,16,0.694,feature,96.85,success,0.452
build_03912,2025-09-12T02:35:17.543926,2,4,15674.64,1346,16,38,2,4,0.472,feature,1581.17,success,1.8447
build_03913,2025-07-29T15:35:17.543926,15,1,79.64,975,32,50,2,8,0.838,release,102.62,success,0.1539
build_03914,2025-11-05T01:35:17.543926,1,2,653.54,244,2,40,8,16,0.442,feature,40.37,success,0.1884
build_03915,2025-10-06T12:35:17.543926,12,0,389.13,320,14,46,2,8,0.692,main,84.06,success,0.1261
build_03916,2025-08-22T02:35:17.543926,2,4,3105.51,425,291,56,2,8,0.658,feature,358.65,success,0.538
build_03917,2025-07-30T15:35:17.543926,15,2,5276.45,1310,692,51,4,8,0.594,release,1089.01,success,2.541
build_03918,2025-08-29T19:35:17.543926,19,4,17578.34,230,304,34,2,4,0.784,feature,1276.96,success,1.4898
build_03919,2025-11-29T14:35:17.543926,14,5,2447.65,966,125,33,8,8,0.814,feature,185.4,success,0.7416
build_03920,2025-11-02T01:35:17.543926,1,6,6830.38,1262,149,47,2,16,0.426,hotfix,463.35,success,1.0039
build_03921,2025-10-01T15:35:17.543926,15,2,12644.69,400,227,37,2,4,0.944,hotfix,933.78,success,1.0894
build_03922,2025-10-22T15:35:17.543926,15,2,724.16,951,25,45,16,32,0.883,feature,22.51,failed,0.2101
build_03923,2025-10-02T21:35:17.543926,21,3,447.7,122,173,33,8,4,0.973,main,106.74,success,0.3914
build_03924,2025-11-13T02:35:17.543926,2,3,361.21,130,16,52,2,8,0.818,hotfix,33.42,success,0.0501
build_03925,2025-09-25T06:35:17.543926,6,3,35.91,1933,225,27,4,4,0.587,main,237.77,success,0.4755
build_03926,2025-12-08T15:35:17.543926,15,0,1445.55,348,29,33,2,8,0.469,release,265.84,success,0.3988
build_03927,2025-08-08T14:35:17.543926,14,4,1161.48,237,48,67,4,32,0.899,hotfix,49.71,success,0.2154
build_03928,2025-08-06T19:35:17.543926,19,2,8251.45,540,155,43,8,4,0.476,release,820.17,success,3.0073
build_03929,2025-08-24T11:35:17.543926,11,6,353.6,1050,412,36,2,4,0.728,feature,341.99,success,0.399
build_03930,2025-11-23T13:35:17.543926,13,6,1400.23,803,15,37,2,4,0.751,main,181.8,success,0.2121
build_03931,2026-01-18T10:35:17.543926,10,6,945.1,126,83,46,2,8,0.64,hotfix,125.35,success,0.188
build_03932,2025-08-25T11:35:17.543926,11,0,12395.68,942,904,59,2,32,0.638,feature,1443.73,failed,5.0531
build_03933,2025-12-17T08:35:17.543926,8,2,289.44,102,538,53,8,8,0.65,feature,192.3,success,0.7692
build_03934,2025-12-03T18:35:17.543926,18,2,428.09,995,878,56,8,32,0.955,feature,142.91,success,0.8575
build_03935,2025-10-04T17:35:17.543926,17,5,3150.68,1697,128,54,16,16,0.848,feature,127.32,success,1.0186
build_03936,2025-11-19T21:35:17.543926,21,2,1172.57,197,1027,24,4,8,0.616,feature,595.39,success,1.3892
build_03937,2025-11-01T01:35:17.543926,1,5,305.78,363,813,46,2,16,0.69,release,532.35,success,1.1534
build_03938,2025-08-02T01:35:17.543926,1,5,2656.45,263,176,53,4,4,0.679,feature,304.58,success,0.6092
build_03939,2025-11-26T12:35:17.543926,12,2,924.26,190,320,66,8,4,0.603,hotfix,234.64,success,0.8603
build_03940,2025-09-02T00:35:17.543926,0,1,121.69,82,55,48,2,8,0.627,release,63.91,success,0.0959
build_03941,2025-09-13T20:35:17.543926,20,5,20427.53,901,281,49,2,16,0.803,feature,1237.39,success,2.681
build_03942,2025-12-17T17:35:17.543926,17,2,1133.65,842,154,38,2,16,0.674,hotfix,152.65,success,0.3307
build_03943,2026-01-02T23:35:17.543926,23,4,534.98,1414,155,39,2,4,0.541,main,249.48,success,0.2911
build_03944,2025-08-20T05:35:17.543926,5,2,27055.75,1903,51,48,2,8,0.716,main,2057.78,success,3.0867
build_03945,2025-11-25T18:35:17.543926,18,1,287.01,191,323,63,16,8,0.808,hotfix,80.62,success,0.5912
build_03946,2025-10-03T10:35:17.543926,10,4,1037.72,394,134,41,2,8,0.767,feature,177.43,success,0.2661
build_03947,2025-09-15T12:35:17.543926,12,0,1000.46,863,618,49,16,32,0.508,main,144.74,success,1.3509
build_03948,2025-12-23T22:35:17.543926,22,1,409.25,140,21,24,2,16,0.528,feature,45.14,success,0.0978
build_03949,2025-10-18T03:35:17.543926,3,5,3023.69,1022,102,61,2,8,0.986,feature,251.06,success,0.3766
build_03950,2025-12-07T07:35:17.543926,7,6,1230.16,400,281,32,4,8,0.818,feature,192.3,success,0.4487
build_03951,2026-01-03T09:35:17.543926,9,5,1741.33,790,193,75,4,8,0.982,feature,271.63,success,0.6338
build_03952,2025-07-31T18:35:17.543926,18,3,226.9,88,10,38,4,4,0.718,feature,27.13,success,0.0543
build_03953,2025-07-28T13:35:17.543926,13,0,4767.17,324,46,39,2,4,0.525,main,637.78,success,0.7441
build_03954,2025-08-08T04:35:17.543926,4,4,329.17,173,162,46,8,8,0.729,hotfix,77.98,success,0.3119
build_03955,2026-01-12T23:35:17.543926,23,0,2273.62,812,128,35,8,4,0.61,hotfix,162.18,failed,0.5947
build_03956,2025-10-15T11:35:17.543926,11,2,154.05,267,234,53,2,4,0.44,main,256.94,success,0.2998
build_03957,2025-09-04T21:35:17.543926,21,3,481.71,442,3633,31,2,4,0.85,feature,1555.99,success,1.8153
build_03958,2025-09-02T11:35:17.543926,11,1,392.4,139,502,42,8,4,0.546,feature,358.06,success,1.3129
build_03959,2025-12-05T20:35:17.543926,20,4,5648.45,2175,244,36,2,16,0.839,feature,418.27,success,0.9062
build_03960,2025-09-30T02:35:17.543926,2,1,2437.82,333,121,58,2,16,0.871,hotfix,171.46,success,0.3715
build_03961,2025-09-02T10:35:17.543926,10,1,1880.84,845,88,38,2,4,0.88,feature,269.71,success,0.3147
build_03962,2025-11-06T14:35:17.543926,14,3,733.62,569,157,57,2,4,0.535,feature,259.93,failed,0.3033
build_03963,2025-08-11T12:35:17.543926,12,0,1752.74,607,296,26,2,8,0.494,feature,420.83,success,0.6312
build_03964,2025-11-08T09:35:17.543926,9,5,1376.52,55,2,42,2,8,0.927,feature,114.79,success,0.1722
build_03965,2025-11-16T13:35:17.543926,13,6,642.49,1212,76,58,4,4,0.574,main,234.92,success,0.4698
build_03966,2025-11-18T14:35:17.543926,14,1,1949.59,179,597,57,16,16,0.718,hotfix,127.57,success,1.0206
build_03967,2025-12-19T09:35:17.543926,9,4,31.5,929,2577,44,16,4,0.466,feature,1518.61,success,10.6303
build_03968,2025-12-08T20:35:17.543926,20,0,183.43,435,798,41,8,8,0.522,feature,411.72,success,1.6469
build_03969,2025-12-18T19:35:17.543926,19,3,197.83,306,94,41,2,32,0.592,feature,62.8,success,0.2198
build_03970,2025-10-31T06:35:17.543926,6,4,206.39,392,188,46,8,8,0.872,feature,89.18,failed,0.3567
build_03971,2025-09-24T16:35:17.543926,16,2,760.56,674,68,59,2,16,0.44,feature,165.59,success,0.3588
build_03972,2025-10-20T12:35:17.543926,12,0,627.11,847,250,29,2,4,0.781,hotfix,208.59,success,0.2434
build_03973,2025-10-01T23:35:17.543926,23,2,14797.04,510,77,44,2,4,0.353,main,1488.66,success,1.7368
build_03974,2026-01-09T12:35:17.543926,12,4,581.75,276,63,30,2,8,0.757,feature,105.76,success,0.1586
build_03975,2025-08-30T20:35:17.543926,20,5,2160.37,598,885,39,4,4,0.693,hotfix,457.26,success,0.9145
build_03976,2025-08-18T23:35:17.543926,23,0,911.65,319,235,38,2,8,0.685,feature,175.41,success,0.2631
build_03977,2025-09-24T05:35:17.543926,5,2,689.65,437,44,33,8,4,0.774,feature,71.34,success,0.2616
build_03978,2025-12-22T21:35:17.543926,21,0,50.61,1018,53,59,2,4,0.847,feature,73.05,success,0.0852
build_03979,2025-11-07T00:35:17.543926,0,4,2298.47,140,72,27,2,8,0.697,feature,206.47,success,0.3097
build_03980,2025-09-30T08:35:17.543926,8,1,2655.96,221,117,38,4,8,0.937,feature,188.88,success,0.4407
build_03981,2025-12-26T14:35:17.543926,14,4,720.01,146,8,39,8,4,0.719,feature,77.49,success,0.2841
build_03982,2025-08-09T19:35:17.543926,19,5,627.37,212,96,55,8,8,0.67,feature,82.26,success,0.329
build_03983,2025-08-16T06:35:17.543926,6,5,763.71,1256,67,37,2,32,0.788,feature,79.9,success,0.2797
build_03984,2025-09-25T16:35:17.543926,16,3,17423.37,485,37,46,8,8,0.665,release,1152.08,success,4.6083
build_03985,2025-10-05T18:35:17.543926,18,6,2199.0,333,187,57,2,4,0.756,feature,226.42,success,0.2642
build_03986,2025-10-02T06:35:17.543926,6,3,561.16,927,144,49,2,4,0.487,feature,169.42,success,0.1977
build_03987,2025-08-08T13:35:17.543926,13,4,1598.8,409,27,47,4,8,0.348,feature,174.05,success,0.4061
build_03988,2025-07-24T19:35:17.543926,19,3,15079.37,16,46,74,16,16,0.823,feature,338.35,success,2.7068
build_03989,2025-11-17T08:35:17.543926,8,0,5094.91,677,96,51,2,16,0.718,feature,362.8,success,0.7861
build_03990,2025-11-15T19:35:17.543926,19,5,1617.03,622,936,61,8,4,0.447,feature,492.18,success,1.8046
build_03991,2025-12-23T13:35:17.543926,13,1,794.22,1613,36,48,8,16,0.554,feature,92.73,success,0.4327
build_03992,2025-10-20T04:35:17.543926,4,0,14244.98,1911,244,30,4,16,0.768,feature,706.82,success,2.1205
build_03993,2025-11-20T14:35:17.543926,14,3,2506.63,475,24,52,8,4,0.905,main,204.38,success,0.7494
build_03994,2025-08-03T12:35:17.543926,12,6,199.34,5203,73,56,4,32,0.437,main,194.01,success,0.8407
build_03995,2025-12-31T22:35:17.543926,22,2,6475.6,45,42,48,2,16,0.874,main,414.11,success,0.8972
build_03996,2025-08-22T23:35:17.543926,23,4,267.2,785,477,28,8,8,0.509,release,286.26,success,1.1451
build_03997,2025-09-09T14:35:17.543926,14,1,360.04,599,784,50,2,16,0.624,feature,553.23,success,1.1987
build_03998,2025-11-14T06:35:17.543926,6,4,47.34,881,766,29,4,32,0.452,hotfix,203.59,success,0.8822
build_03999,2025-10-20T23:35:17.543926,23,0,5689.8,548,105,45,2,4,0.547,feature,507.86,success,0.5925
build_04000,2025-10-27T10:35:17.543926,10,0,9073.94,723,210,48,8,4,0.603,feature,968.26,success,3.5503
build_04001,2025-08-30T02:35:17.543926,2,5,13008.13,940,362,70,2,4,0.624,feature,1056.82,failed,1.233
build_04002,2025-12-30T21:35:17.543926,21,1,111.11,129,391,46,8,4,0.674,release,237.28,success,0.87
build_04003,2025-08-03T06:35:17.543926,6,6,51.71,99,41,43,4,8,0.354,hotfix,26.73,failed,0.0624
build_04004,2026-01-07T14:35:17.543926,14,2,5796.77,53,143,52,4,8,0.563,feature,535.85,success,1.2503
build_04005,2025-12-06T11:35:17.543926,11,5,13052.03,273,764,57,2,4,0.761,feature,1559.53,success,1.8194
build_04006,2025-12-16T21:35:17.543926,21,1,3114.95,417,366,54,8,8,0.841,feature,274.58,success,1.0983
build_04007,2025-11-17T02:35:17.543926,2,0,896.82,397,193,36,4,8,0.686,feature,132.8,success,0.3099
build_04008,2025-12-16T23:35:17.543926,23,1,699.06,572,101,50,4,8,0.662,hotfix,89.94,success,0.2099
build_04009,2025-12-11T15:35:17.543926,15,3,863.48,547,244,34,2,16,0.513,feature,261.97,success,0.5676
build_04010,2026-01-01T01:35:17.543926,1,3,49.44,194,473,23,8,8,0.797,feature,171.57,success,0.6863
build_04011,2025-11-08T12:35:17.543926,12,5,296.82,687,106,49,2,8,0.843,feature,117.09,success,0.1756
build_04012,2025-09-29T16:35:17.543926,16,0,1751.34,159,624,37,4,4,0.824,main,716.6,success,1.4332
build_04013,2025-12-30T13:35:17.543926,13,1,15722.8,437,24,59,2,8,0.658,feature,1477.88,success,2.2168
build_04014,2025-08-07T18:35:17.543926,18,3,6918.56,800,34,48,8,8,0.876,main,312.87,success,1.2515
build_04015,2025-08-31T09:35:17.543926,9,6,12539.44,1257,386,65,4,32,0.381,release,1153.18,success,4.9971
build_04016,2026-01-17T00:35:17.543926,0,5,208.08,658,269,39,4,4,0.83,release,206.31,failed,0.4126
build_04017,2025-08-04T17:35:17.543926,17,0,1068.47,461,112,36,2,32,0.377,feature,154.48,success,0.5407
build_04018,2026-01-07T09:35:17.543926,9,2,69.93,1107,139,30,8,4,0.402,feature,146.83,success,0.5384
build_04019,2025-12-27T13:35:17.543926,13,5,23579.3,233,1149,22,16,16,0.76,main,1210.96,success,9.6877
build_04020,2025-12-15T02:35:17.543926,2,0,1230.71,1054,52,37,2,8,0.683,feature,163.7,success,0.2455
build_04021,2025-11-18T15:35:17.543926,15,1,2360.49,432,129,37,2,8,0.77,feature,301.3,success,0.452
build_04022,2025-07-29T15:35:17.543926,15,1,5933.18,1292,1208,53,4,16,0.714,hotfix,764.56,success,2.2937
build_04023,2025-09-20T20:35:17.543926,20,5,2467.78,1043,566,37,2,8,0.853,feature,491.24,success,0.7369
build_04024,2025-11-18T03:35:17.543926,3,1,686.81,175,195,44,2,32,0.746,hotfix,78.64,success,0.2752
build_04025,2026-01-14T22:35:17.543926,22,2,316.77,1166,794,38,16,16,0.316,feature,171.87,success,1.375
build_04026,2025-09-16T19:35:17.543926,19,1,530.54,439,496,68,8,4,0.93,main,312.56,success,1.1461
build_04027,2025-11-06T02:35:17.543926,2,3,69.17,561,46,62,2,4,0.671,feature,58.1,success,0.0678
build_04028,2025-09-20T15:35:17.543926,15,5,3168.63,543,267,39,4,8,0.507,hotfix,374.66,success,0.8742
build_04029,2025-10-09T23:35:17.543926,23,3,1582.28,287,7,38,4,16,0.613,feature,99.22,success,0.2977
build_04030,2025-10-03T01:35:17.543926,1,4,965.36,470,265,45,4,16,0.845,feature,148.52,success,0.4456
build_04031,2025-10-24T07:35:17.543926,7,4,1618.31,52,608,19,8,8,0.763,feature,317.16,success,1.2687
build_04032,2025-09-13T17:35:17.543926,17,5,302.58,86,405,70,16,16,0.859,main,105.55,success,0.8444
build_04033,2025-11-29T13:35:17.543926,13,5,427.33,99,20,42,2,4,0.904,feature,59.37,success,0.0693
build_04034,2025-10-04T05:35:17.543926,5,5,70.54,114,118,46,2,16,0.661,feature,58.61,success,0.127
build_04035,2025-08-30T02:35:17.543926,2,5,5247.78,210,234,30,8,4,0.912,feature,388.48,failed,1.4244
build_04036,2025-12-24T17:35:17.543926,17,2,420.1,1832,421,42,16,4,0.75,feature,300.64,success,2.1045
build_04037,2025-07-25T23:35:17.543926,23,4,274.12,721,60,38,2,4,0.804,release,101.62,success,0.1186
build_04038,2025-08-03T09:35:17.543926,9,6,492.27,753,53,45,4,4,0.831,hotfix,80.57,failed,0.1611
build_04039,2025-12-13T18:35:17.543926,18,5,218.71,237,771,61,2,4,0.438,feature,490.03,success,0.5717
build_04040,2025-11-30T14:35:17.543926,14,6,1886.33,350,506,42,4,8,0.424,feature,570.62,success,1.3315
build_04041,2025-11-15T07:35:17.543926,7,5,4216.87,414,411,54,16,8,0.827,main,241.68,success,1.7723
build_04042,2025-11-10T03:35:17.543926,3,0,2538.09,103,253,39,2,4,0.423,feature,387.01,success,0.4515
build_04043,2026-01-04T02:35:17.543926,2,6,7245.98,364,143,32,4,4,0.742,feature,579.33,success,1.1587
build_04044,2025-11-01T18:35:17.543926,18,5,132.18,466,153,57,8,8,0.553,feature,95.93,success,0.3837
build_04045,2025-12-16T04:35:17.543926,4,1,1080.38,408,172,36,4,8,0.294,feature,175.64,success,0.4098
build_04046,2025-10-16T16:35:17.543926,16,3,3687.83,167,150,45,16,16,0.586,feature,155.45,success,1.2436
build_04047,2025-09-29T12:35:17.543926,12,0,976.06,1087,154,49,4,4,0.801,feature,172.24,success,0.3445
build_04048,2025-11-06T13:35:17.543926,13,3,256.45,339,22,50,4,8,0.81,feature,54.57,success,0.1273
build_04049,2025-11-14T04:35:17.543926,4,4,3249.52,1332,91,62,4,8,0.53,feature,272.61,success,0.6361
build_04050,2025-12-29T05:35:17.543926,5,0,1445.2,148,174,53,2,16,0.529,hotfix,135.85,success,0.2943
build_04051,2025-12-07T21:35:17.543926,21,6,57.51,341,201,70,4,8,0.449,feature,120.7,success,0.2816
build_04052,2026-01-18T08:35:17.543926,8,6,156.08,1188,57,56,4,16,0.81,main,67.56,success,0.2027
build_04053,2025-10-31T19:35:17.543926,19,4,600.89,701,242,63,2,16,0.728,feature,198.18,success,0.4294
build_04054,2025-11-18T19:35:17.543926,19,1,5771.47,309,143,40,2,32,0.751,hotfix,267.49,success,0.9362
build_04055,2025-08-16T18:35:17.543926,18,5,2446.84,798,83,39,2,32,0.474,feature,165.15,success,0.578
build_04056,2025-07-31T14:35:17.543926,14,3,3349.83,79,250,51,8,4,0.848,main,453.5,failed,1.6628
build_04057,2025-10-28T05:35:17.543926,5,1,22450.16,310,231,33,8,16,0.578,feature,834.76,success,3.8955
build_04058,2026-01-08T13:35:17.543926,13,3,691.4,724,73,37,8,4,0.788,main,165.17,failed,0.6056
build_04059,2025-10-08T13:35:17.543926,13,2,263.43,1225,51,26,4,16,0.954,main,89.64,success,0.2689
build_04060,2025-12-25T03:35:17.543926,3,3,1826.56,311,523,42,16,8,0.554,feature,241.73,success,1.7727
build_04061,2025-09-02T14:35:17.543926,14,1,32842.96,339,486,30,2,8,0.903,feature,3045.77,success,4.5687
build_04062,2026-01-15T01:35:17.543926,1,3,2002.18,2102,43,36,2,8,0.709,feature,223.18,success,0.3348
build_04063,2025-10-04T14:35:17.543926,14,5,217.08,440,767,25,16,16,0.957,release,197.96,success,1.5837
build_04064,2025-12-30T23:35:17.543926,23,1,125.16,65,124,36,8,8,0.431,feature,54.97,success,0.2199
build_04065,2025-08-27T17:35:17.543926,17,2,5033.06,197,93,65,2,16,0.878,feature,401.06,success,0.869
build_04066,2025-08-26T07:35:17.543926,7,1,703.3,209,14,39,4,32,0.813,feature,30.9,success,0.1339
build_04067,2026-01-08T12:35:17.543926,12,3,440.64,74,160,52,2,4,0.575,feature,208.04,success,0.2427
build_04068,2025-09-19T12:35:17.543926,12,4,3466.33,2240,390,42,4,4,0.712,main,641.09,success,1.2822
build_04069,2025-08-09T12:35:17.543926,12,5,2147.93,756,789,56,2,16,0.617,feature,825.31,success,1.7882
build_04070,2025-12-09T07:35:17.543926,7,1,499.74,1004,42,39,2,32,0.909,release,91.99,success,0.322
build_04071,2025-11-01T04:35:17.543926,4,5,618.8,617,550,25,2,4,0.901,feature,341.65,success,0.3986
build_04072,2025-12-09T01:35:17.543926,1,1,142.27,183,66,65,4,8,0.544,main,68.02,success,0.1587
build_04073,2025-09-02T03:35:17.543926,3,1,1303.96,905,214,68,4,16,0.534,hotfix,129.81,success,0.3894
build_04074,2025-08-21T15:35:17.543926,15,3,1872.52,298,10,44,2,4,0.402,feature,224.44,success,0.2618
build_04075,2025-08-12T04:35:17.543926,4,1,15998.68,626,59,44,2,8,0.823,feature,1015.85,success,1.5238
build_04076,2025-08-20T10:35:17.543926,10,2,5278.15,805,75,49,2,8,0.52,main,669.15,failed,1.0037
build_04077,2025-10-01T20:35:17.543926,20,2,717.54,355,16,44,2,16,0.854,main,74.01,success,0.1604
build_04078,2025-09-13T22:35:17.543926,22,5,1393.52,106,148,50,2,8,0.882,feature,169.84,success,0.2548
build_04079,2025-12-24T22:35:17.543926,22,2,4642.71,1680,43,38,4,8,0.891,feature,337.34,success,0.7871
build_04080,2025-11-05T11:35:17.543926,11,2,2143.28,30,90,32,2,8,0.873,feature,202.92,success,0.3044
build_04081,2025-10-10T18:35:17.543926,18,4,822.37,375,265,51,2,16,0.846,release,155.97,success,0.3379
build_04082,2025-11-14T21:35:17.543926,21,4,4195.26,181,1121,28,8,4,0.757,feature,665.39,success,2.4398
build_04083,2025-12-10T17:35:17.543926,17,2,2914.53,215,63,36,16,8,0.63,feature,161.22,success,1.1823
build_04084,2025-08-10T07:35:17.543926,7,6,11.4,644,100,52,4,8,0.886,feature,68.7,success,0.1603
build_04085,2025-12-09T19:35:17.543926,19,1,2024.08,608,16,41,4,8,0.729,hotfix,124.2,failed,0.2898
build_04086,2026-01-10T00:35:17.543926,0,5,5722.52,97,394,44,2,8,0.742,feature,528.64,success,0.793
build_04087,2025-11-06T13:35:17.543926,13,3,295.26,421,81,61,2,8,0.801,main,137.72,success,0.2066
build_04088,2025-10-16T23:35:17.543926,23,3,15693.51,387,58,47,4,4,0.727,feature,1019.3,success,2.0386
build_04089,2025-09-16T05:35:17.543926,5,1,768.73,459,232,61,2,32,0.796,feature,110.04,success,0.3851
build_04090,2025-08-08T09:35:17.543926,9,4,2060.42,412,224,49,8,8,0.636,feature,257.68,success,1.0307
build_04091,2025-09-13T06:35:17.543926,6,5,421.89,172,212,32,8,8,0.593,feature,105.69,success,0.4228
build_04092,2025-10-17T12:35:17.543926,12,4,2809.36,32,175,35,2,8,0.539,main,428.71,success,0.6431
build_04093,2025-09-08T15:35:17.543926,15,0,2726.02,453,101,65,4,4,0.917,hotfix,272.91,success,0.5458
build_04094,2025-12-16T11:35:17.543926,11,1,797.32,127,260,61,4,8,0.553,feature,246.96,success,0.5762
build_04095,2025-12-02T01:35:17.543926,1,1,2733.06,543,233,32,2,32,0.709,feature,271.76,failed,0.9511
build_04096,2025-11-01T12:35:17.543926,12,5,861.1,77,39,50,4,8,0.959,feature,89.22,success,0.2082
build_04097,2026-01-16T01:35:17.543926,1,4,452.88,105,580,40,4,8,0.58,feature,259.7,success,0.606
build_04098,2025-07-31T14:35:17.543926,14,3,710.41,592,142,44,8,16,0.482,main,131.44,success,0.6134
build_04099,2025-12-07T05:35:17.543926,5,6,1829.15,153,111,56,8,8,0.468,feature,147.29,success,0.5892
build_04100,2025-08-18T08:35:17.543926,8,0,8772.09,234,1684,70,8,8,0.911,feature,771.12,success,3.0845
build_04101,2026-01-10T21:35:17.543926,21,5,1130.28,713,381,32,2,4,0.767,feature,293.93,failed,0.3429
build_04102,2025-08-19T18:35:17.543926,18,1,2537.1,279,42,51,4,16,0.991,main,130.94,success,0.3928
build_04103,2025-12-09T17:35:17.543926,17,1,709.36,516,468,56,4,8,0.77,hotfix,279.63,success,0.6525
build_04104,2025-09-13T02:35:17.543926,2,5,307.79,280,420,36,2,4,0.947,main,332.9,success,0.3884
build_04105,2025-12-12T13:35:17.543926,13,4,4156.49,239,135,33,2,4,0.383,main,502.05,success,0.5857
build_04106,2025-09-28T12:35:17.543926,12,6,5479.3,144,100,47,16,16,0.875,release,179.39,success,1.4351
build_04107,2025-12-14T16:35:17.543926,16,6,51.36,1298,69,53,8,32,0.899,hotfix,30.65,success,0.1839
build_04108,2025-08-02T04:35:17.543926,4,5,1190.2,1061,410,49,8,32,0.719,hotfix,81.51,success,0.4891
build_04109,2025-08-18T20:35:17.543926,20,0,297.13,260,89,40,2,8,0.637,main,92.16,success,0.1382
build_04110,2025-09-14T17:35:17.543926,17,6,2576.18,487,410,52,2,16,0.637,main,573.85,success,1.2433
build_04111,2025-08-19T02:35:17.543926,2,1,103.94,1502,72,37,16,16,0.821,feature,34.92,success,0.2793
build_04112,2025-12-21T00:35:17.543926,0,6,1962.1,524,17,35,2,4,0.649,feature,152.6,success,0.178
build_04113,2025-12-10T13:35:17.543926,13,2,222.57,273,216,57,8,8,0.836,main,156.94,success,0.6277
build_04114,2025-08-14T22:35:17.543926,22,3,4005.11,323,17,48,4,4,0.781,main,420.03,failed,0.8401
build_04115,2025-11-20T19:35:17.543926,19,3,1402.33,265,38,37,2,4,0.888,main,136.64,success,0.1594
build_04116,2025-08-16T14:35:17.543926,14,5,1567.68,2502,21,58,8,4,0.801,feature,233.73,success,0.857
build_04117,2026-01-10T19:35:17.543926,19,5,2135.77,538,7,56,4,4,0.913,feature,151.87,failed,0.3037
build_04118,2025-10-01T21:35:17.543926,21,2,1236.93,457,33,56,4,16,0.658,release,124.3,success,0.3729
build_04119,2025-08-18T14:35:17.543926,14,0,65701.72,1667,64,41,2,16,0.336,release,7411.06,success,16.0573
build_04120,2025-09-11T03:35:17.543926,3,3,3187.27,108,391,68,4,16,0.883,main,359.45,success,1.0784
build_04121,2025-08-29T11:35:17.543926,11,4,274.58,81,423,54,4,8,0.523,release,435.35,success,1.0158
build_04122,2025-12-12T03:35:17.543926,3,4,1266.78,355,85,47,2,4,0.899,release,182.3,success,0.2127
build_04123,2025-11-06T17:35:17.543926,17,3,2643.1,857,194,55,2,16,0.969,release,432.93,success,0.938
build_04124,2025-08-23T02:35:17.543926,2,5,1055.07,1526,227,53,2,32,0.394,hotfix,164.28,success,0.575
build_04125,2025-09-28T20:35:17.543926,20,6,672.2,522,109,56,8,4,0.976,feature,96.61,success,0.3542
build_04126,2025-11-30T12:35:17.543926,12,6,371.6,261,6,44,4,16,0.483,feature,45.38,success,0.1361
build_04127,2026-01-08T11:35:17.543926,11,3,315.72,1455,59,26,8,4,0.554,feature,101.77,success,0.3732
build_04128,2025-11-26T08:35:17.543926,8,2,1611.12,736,108,45,2,32,0.649,feature,136.61,success,0.4781
build_04129,2025-09-14T07:35:17.543926,7,6,5052.07,1439,130,36,4,8,0.647,feature,444.75,success,1.0377
build_04130,2025-11-13T19:35:17.543926,19,3,6281.22,115,65,45,2,4,0.899,feature,467.25,success,0.5451
build_04131,2026-01-01T10:35:17.543926,10,3,2051.63,923,107,26,2,32,0.801,feature,186.02,success,0.6511
build_04132,2025-11-29T03:35:17.543926,3,5,1275.73,69,11,37,4,4,0.676,feature,84.13,success,0.1683
build_04133,2025-08-07T23:35:17.543926,23,3,1080.93,467,52,46,4,4,0.69,feature,116.05,success,0.2321
build_04134,2025-12-22T06:35:17.543926,6,0,1323.93,348,31,47,4,32,0.775,hotfix,42.73,success,0.1852
build_04135,2025-11-02T22:35:17.543926,22,6,81.98,414,24,31,2,8,0.514,feature,32.65,success,0.049
build_04136,2025-12-04T22:35:17.543926,22,3,197.67,205,7,36,2,8,0.704,main,34.65,success,0.052
build_04137,2025-07-26T04:35:17.543926,4,5,1184.13,44,89,24,2,16,0.561,feature,148.64,success,0.3221
build_04138,2025-08-14T12:35:17.543926,12,3,2840.81,593,110,41,4,8,0.717,feature,318.71,success,0.7436
build_04139,2025-09-11T16:35:17.543926,16,3,116.44,266,1795,47,2,16,0.972,feature,884.17,success,1.9157
build_04140,2025-08-02T17:35:17.543926,17,5,204.31,39,376,48,4,8,0.851,hotfix,195.86,failed,0.457
build_04141,2025-10-23T08:35:17.543926,8,3,97.25,605,1071,50,2,8,0.546,feature,518.12,success,0.7772
build_04142,2025-12-03T17:35:17.543926,17,2,2961.89,1404,45,74,8,8,0.339,feature,294.9,success,1.1796
build_04143,2025-08-18T23:35:17.543926,23,0,1274.27,1085,17,48,4,16,0.623,feature,94.41,success,0.2832
build_04144,2025-08-25T07:35:17.543926,7,0,188.94,258,64,50,2,8,0.614,feature,61.66,success,0.0925
build_04145,2025-09-24T20:35:17.543926,20,2,210.2,145,497,63,8,16,0.521,feature,157.93,success,0.737
build_04146,2025-09-17T07:35:17.543926,7,2,269.42,1375,126,49,2,4,0.439,feature,158.09,success,0.1844
build_04147,2025-11-13T09:35:17.543926,9,3,264.39,137,179,42,2,8,0.628,feature,166.19,success,0.2493
build_04148,2025-08-22T11:35:17.543926,11,4,141.07,89,137,51,4,8,0.866,main,112.67,success,0.2629
build_04149,2025-12-06T06:35:17.543926,6,5,3167.97,839,830,39,4,4,0.97,feature,544.32,success,1.0886
build_04150,2026-01-17T09:35:17.543926,9,5,463.77,779,301,29,2,8,0.55,main,362.22,success,0.5433
build_04151,2025-09-01T22:35:17.543926,22,0,528.44,62,16,32,2,8,0.847,hotfix,34.67,success,0.052
build_04152,2025-11-23T21:35:17.543926,21,6,1121.84,1077,1503,55,4,8,0.815,feature,682.88,success,1.5934
build_04153,2025-09-29T08:35:17.543926,8,0,1022.06,327,299,48,2,8,0.685,feature,194.52,success,0.2918
build_04154,2025-12-10T23:35:17.543926,23,2,4097.29,65,323,51,8,8,0.833,feature,288.67,success,1.1547
build_04155,2026-01-10T20:35:17.543926,20,5,364.69,489,18,63,8,32,0.608,hotfix,14.67,success,0.088
build_04156,2025-11-27T23:35:17.543926,23,3,288.05,518,22,48,2,4,0.833,feature,56.48,success,0.0659
build_04157,2025-09-18T12:35:17.543926,12,3,53.42,360,2,44,2,4,0.698,feature,34.37,success,0.0401
build_04158,2025-09-10T00:35:17.543926,0,2,2519.22,139,70,33,8,32,0.932,feature,61.05,success,0.3663
build_04159,2025-12-13T20:35:17.543926,20,5,3816.59,291,427,52,8,4,0.868,feature,414.73,success,1.5207
build_04160,2025-09-02T20:35:17.543926,20,1,1117.55,103,3870,32,2,32,0.837,feature,1056.2,success,3.6967
build_04161,2025-11-28T13:35:17.543926,13,4,276.87,680,30,37,4,8,0.85,feature,59.49,success,0.1388
build_04162,2025-11-13T01:35:17.543926,1,3,160.89,299,70,35,2,4,0.704,main,74.62,success,0.0871
build_04163,2026-01-04T19:35:17.543926,19,6,336.34,585,38,47,2,4,0.869,hotfix,41.53,success,0.0485
build_04164,2025-09-05T14:35:17.543926,14,4,261.59,301,24,29,2,8,0.739,feature,50.25,success,0.0754
build_04165,2025-11-04T07:35:17.543926,7,1,575.77,190,1721,74,2,8,0.4,feature,1063.69,success,1.5955
build_04166,2025-08-18T13:35:17.543926,13,0,2032.96,512,263,35,4,4,0.729,feature,369.48,success,0.739
build_04167,2025-12-27T23:35:17.543926,23,5,75.55,53,274,56,4,16,0.804,hotfix,74.78,success,0.2244
build_04168,2025-12-04T01:35:17.543926,1,3,3611.23,600,153,34,2,4,0.46,feature,426.55,success,0.4976
build_04169,2025-12-26T09:35:17.543926,9,4,239.95,333,677,53,8,8,0.663,hotfix,281.73,success,1.1269
build_04170,2025-08-28T05:35:17.543926,5,3,13437.58,1164,44,56,2,4,0.774,feature,843.84,failed,0.9845
build_04171,2025-09-10T02:35:17.543926,2,2,3393.77,1432,179,49,16,8,0.709,feature,189.66,success,1.3908
build_04172,2025-10-30T05:35:17.543926,5,3,586.07,446,431,20,8,8,0.647,main,276.6,success,1.1064
build_04173,2025-08-31T21:35:17.543926,21,6,9090.06,1636,53,67,4,8,0.695,main,759.04,success,1.7711
build_04174,2026-01-04T20:35:17.543926,20,6,6234.68,406,256,65,16,16,0.949,feature,172.85,success,1.3828
build_04175,2026-01-04T10:35:17.543926,10,6,510.83,422,506,35,2,32,0.401,feature,366.19,failed,1.2817
build_04176,2025-11-15T23:35:17.543926,23,5,3077.65,433,165,50,8,16,0.723,hotfix,116.34,success,0.5429
build_04177,2025-12-06T22:35:17.543926,22,5,372.03,311,513,61,2,4,0.709,feature,337.65,success,0.3939
build_04178,2025-09-16T07:35:17.543926,7,1,799.54,511,145,43,4,8,0.74,main,145.8,success,0.3402
build_04179,2025-10-18T05:35:17.543926,5,5,1227.77,899,330,42,8,8,0.709,feature,193.33,success,0.7733
build_04180,2025-12-10T11:35:17.543926,11,2,1964.46,83,141,29,2,32,0.629,feature,192.05,success,0.6722
build_04181,2025-08-29T03:35:17.543926,3,4,61.18,671,1323,56,4,8,0.692,feature,575.57,failed,1.343
build_04182,2026-01-06T07:35:17.543926,7,1,2176.02,410,13,47,4,4,0.882,feature,144.4,success,0.2888
build_04183,2025-10-05T23:35:17.543926,23,6,1358.7,720,104,47,2,16,0.645,feature,140.24,success,0.3039
build_04184,2025-11-13T21:35:17.543926,21,3,4002.47,1197,16,35,4,4,0.681,main,379.7,success,0.7594
build_04185,2025-08-06T12:35:17.543926,12,2,4245.57,215,156,45,2,32,0.771,release,369.84,success,1.2944
build_04186,2025-08-25T22:35:17.543926,22,0,129.02,186,436,29,4,4,0.816,feature,208.49,success,0.417
build_04187,2026-01-12T22:35:17.543926,22,0,703.85,859,24,30,8,8,0.829,feature,67.62,success,0.2705
build_04188,2025-12-20T07:35:17.543926,7,5,97.75,371,21,47,2,16,0.688,hotfix,27.14,success,0.0588
build_04189,2025-09-07T07:35:17.543926,7,6,202.25,427,15,38,8,8,0.856,hotfix,22.94,success,0.0918
build_04190,2025-09-05T03:35:17.543926,3,4,435.23,1115,288,51,2,4,0.727,main,261.14,success,0.3047
build_04191,2025-11-26T13:35:17.543926,13,2,408.88,757,96,42,2,8,0.953,feature,113.38,success,0.1701
build_04192,2025-11-26T14:35:17.543926,14,2,1167.6,146,223,32,4,8,0.583,feature,229.31,success,0.5351
build_04193,2025-12-30T09:35:17.543926,9,1,6747.77,3773,348,25,4,16,0.767,feature,637.05,success,1.9112
build_04194,2025-11-17T17:35:17.543926,17,0,594.16,189,144,26,2,8,0.462,main,244.23,success,0.3663
build_04195,2025-08-11T05:35:17.543926,5,0,9315.37,753,339,43,2,4,0.704,feature,666.96,failed,0.7781
build_04196,2025-07-31T14:35:17.543926,14,3,1729.14,274,3715,28,2,4,0.615,feature,2581.32,success,3.0115
build_04197,2025-10-16T14:35:17.543926,14,3,2596.56,236,708,30,8,4,0.881,hotfix,401.74,failed,1.4731
build_04198,2025-10-06T00:35:17.543926,0,0,683.36,117,106,40,2,8,0.557,main,140.06,success,0.2101
build_04199,2026-01-16T01:35:17.543926,1,4,22809.97,147,257,37,4,16,0.606,feature,1194.51,success,3.5835
build_04200,2025-08-02T08:35:17.543926,8,5,330.79,1020,262,23,2,4,0.549,feature,215.78,success,0.2517
build_04201,2025-08-14T18:35:17.543926,18,3,621.77,440,220,59,2,8,0.899,main,186.92,success,0.2804
build_04202,2025-09-10T15:35:17.543926,15,2,1305.54,187,36,49,2,4,0.874,feature,132.77,failed,0.1549
build_04203,2026-01-17T19:35:17.543926,19,5,9883.1,112,1407,37,8,4,0.572,feature,1180.12,success,4.3271
build_04204,2025-09-10T12:35:17.543926,12,2,904.38,846,18,43,2,8,0.856,feature,109.24,success,0.1639
build_04205,2025-11-30T08:35:17.543926,8,6,137.43,241,68,47,2,4,0.868,feature,61.37,success,0.0716
build_04206,2025-10-29T00:35:17.543926,0,2,139608.99,325,246,51,4,8,0.32,hotfix,9389.57,success,21.909
build_04207,2025-12-03T23:35:17.543926,23,2,3263.87,307,35,52,4,8,0.946,feature,169.95,success,0.3965
build_04208,2026-01-05T13:35:17.543926,13,0,2119.6,390,313,48,8,8,0.452,feature,382.61,success,1.5304
build_04209,2025-10-07T03:35:17.543926,3,1,276.14,169,629,33,2,32,0.455,main,269.95,success,0.9448
build_04210,2026-01-13T01:35:17.543926,1,1,1373.94,1014,123,46,16,8,0.828,feature,73.85,success,0.5415
build_04211,2026-01-17T16:35:17.543926,16,5,7059.64,437,36,32,2,4,0.422,feature,634.11,failed,0.7398
build_04212,2026-01-12T08:35:17.543926,8,0,39.0,508,143,36,8,4,0.67,feature,78.82,success,0.289
build_04213,2025-12-05T03:35:17.543926,3,4,366.96,1370,217,54,2,8,0.934,release,226.58,success,0.3399
build_04214,2025-11-14T23:35:17.543926,23,4,120.11,1060,185,45,2,32,0.756,feature,107.51,success,0.3763
build_04215,2025-12-31T00:35:17.543926,0,2,290.47,36,566,48,16,4,0.818,feature,218.09,success,1.5266
build_04216,2025-12-12T21:35:17.543926,21,4,2176.82,271,95,31,4,16,0.82,feature,127.16,success,0.3815
build_04217,2025-09-04T19:35:17.543926,19,3,2601.41,592,127,35,16,4,0.721,feature,167.41,failed,1.1719
build_04218,2025-08-28T01:35:17.543926,1,3,10058.64,19,247,23,8,16,0.804,feature,396.95,success,1.8524
build_04219,2025-10-23T10:35:17.543926,10,3,657.44,492,36,35,4,8,0.592,feature,90.73,success,0.2117
build_04220,2025-10-03T12:35:17.543926,12,4,93.76,761,289,39,8,4,0.599,main,230.37,success,0.8447
build_04221,2025-10-24T16:35:17.543926,16,4,2661.59,264,1138,65,2,4,0.753,feature,965.74,success,1.1267
build_04222,2025-08-27T07:35:17.543926,7,2,501.01,259,28,56,8,32,0.417,feature,24.54,success,0.1473
build_04223,2025-12-26T05:35:17.543926,5,4,5221.62,402,1353,32,4,4,0.468,feature,1240.96,failed,2.4819
build_04224,2025-07-27T17:35:17.543926,17,6,2143.78,712,49,39,2,4,0.468,hotfix,241.31,failed,0.2815
build_04225,2025-08-16T12:35:17.543926,12,5,507.7,327,285,32,2,8,0.897,release,307.75,success,0.4616
build_04226,2025-08-18T16:35:17.543926,16,0,348.38,211,60,24,8,8,0.924,hotfix,43.77,success,0.1751
build_04227,2025-10-26T20:35:17.543926,20,6,505.92,120,233,40,2,16,0.497,release,216.1,success,0.4682
build_04228,2025-11-22T21:35:17.543926,21,5,128.95,3920,60,39,4,16,0.576,main,165.92,success,0.4978
build_04229,2025-12-09T06:35:17.543926,6,1,595.65,215,226,64,2,8,0.536,release,264.97,success,0.3975
build_04230,2025-11-05T21:35:17.543926,21,2,151.12,225,1031,29,2,4,0.756,feature,459.39,success,0.536
build_04231,2025-09-11T22:35:17.543926,22,3,808.36,320,414,24,16,4,0.875,feature,161.86,success,1.133
build_04232,2025-09-01T01:35:17.543926,1,0,51.99,164,22,66,16,4,0.808,feature,17.48,success,0.1224
build_04233,2025-11-11T01:35:17.543926,1,1,2165.26,478,113,45,2,4,0.356,feature,267.27,success,0.3118
build_04234,2025-08-07T14:35:17.543926,14,3,780.03,365,458,49,4,32,0.594,feature,241.84,success,1.048
build_04235,2025-11-30T05:35:17.543926,5,6,4561.81,915,500,59,8,32,0.77,release,265.81,failed,1.5949
build_04236,2025-10-04T14:35:17.543926,14,5,404.78,128,65,47,16,8,0.786,main,59.25,success,0.4345
build_04237,2025-11-24T01:35:17.543926,1,0,272.19,96,27,48,2,32,0.812,release,33.93,success,0.1188
build_04238,2025-12-25T01:35:17.543926,1,3,17.93,487,51,63,2,16,0.835,main,55.21,success,0.1196
build_04239,2025-09-01T01:35:17.543926,1,0,1217.44,333,3187,44,4,16,0.487,feature,1467.89,success,4.4037
build_04240,2025-11-10T16:35:17.543926,16,0,754.64,125,295,22,2,4,0.629,feature,287.42,success,0.3353
build_04241,2025-10-04T18:35:17.543926,18,5,662.06,55,335,28,2,4,0.808,release,315.07,success,0.3676
build_04242,2025-07-26T13:35:17.543926,13,5,1328.0,103,1602,52,2,4,0.822,feature,1104.48,success,1.2886
build_04243,2025-12-24T02:35:17.543926,2,2,109.11,1361,29,54,2,32,0.775,feature,53.42,success,0.187
build_04244,2025-09-14T04:35:17.543926,4,6,3837.07,182,29,56,2,8,0.687,release,358.68,success,0.538
build_04245,2025-08-18T10:35:17.543926,10,0,1392.11,2798,182,41,4,4,0.755,feature,342.69,success,0.6854
build_04246,2025-07-29T05:35:17.543926,5,1,663.1,21,548,30,2,8,0.872,main,336.92,success,0.5054
build_04247,2025-12-19T10:35:17.543926,10,4,468.45,191,90,30,2,4,0.878,feature,97.28,success,0.1135
build_04248,2025-12-17T03:35:17.543926,3,2,3056.51,249,34,43,16,8,0.82,feature,111.48,success,0.8175
build_04249,2026-01-01T02:35:17.543926,2,3,155.73,1405,251,37,8,32,0.606,feature,78.35,success,0.4701
build_04250,2025-08-21T16:35:17.543926,16,3,2005.08,547,46,33,8,8,0.809,feature,140.69,success,0.5628
build_04251,2025-08-24T19:35:17.543926,19,6,315.21,166,63,46,4,4,0.777,feature,66.67,success,0.1333
build_04252,2025-10-16T11:35:17.543926,11,3,983.22,82,2047,36,8,32,0.767,feature,466.3,success,2.7978
build_04253,2025-12-15T01:35:17.543926,1,0,6033.01,2001,47,43,4,32,0.902,main,236.99,success,1.027
build_04254,2025-11-15T14:35:17.543926,14,5,200.64,792,284,48,16,4,0.848,feature,160.24,success,1.1217
build_04255,2025-10-21T23:35:17.543926,23,1,792.59,326,71,55,16,8,0.584,feature,63.8,success,0.4679
build_04256,2025-12-05T23:35:17.543926,23,4,530.9,69,545,60,2,8,0.578,release,404.4,failed,0.6066
build_04257,2025-08-25T01:35:17.543926,1,0,325.74,448,330,84,8,8,0.918,feature,131.53,success,0.5261
build_04258,2025-10-27T22:35:17.543926,22,0,274079.44,88,43,54,4,4,0.852,feature,15894.96,failed,31.7899
build_04259,2025-10-04T08:35:17.543926,8,5,3939.22,80,111,35,2,4,0.576,release,389.34,success,0.4542
build_04260,2025-11-12T02:35:17.543926,2,2,775.82,2007,2838,36,8,8,0.605,feature,1105.78,success,4.4231
build_04261,2025-10-31T20:35:17.543926,20,4,3098.97,288,72,42,2,8,0.301,main,338.15,success,0.5072
build_04262,2025-10-05T18:35:17.543926,18,6,765.83,230,168,69,2,8,0.592,feature,159.68,success,0.2395
build_04263,2025-08-08T09:35:17.543926,9,4,704.9,484,302,51,4,4,0.827,release,329.69,failed,0.6594
build_04264,2025-08-05T10:35:17.543926,10,1,874.12,671,62,56,4,16,0.803,feature,109.18,success,0.3276
build_04265,2025-11-05T20:35:17.543926,20,2,49.94,3524,320,42,4,8,0.866,main,216.37,success,0.5049
build_04266,2026-01-19T11:35:17.543926,11,0,639.61,44,335,52,2,4,0.637,release,408.08,success,0.4761
build_04267,2025-08-18T02:35:17.543926,2,0,50.93,147,45,32,2,8,0.679,main,42.71,success,0.0641
build_04268,2025-11-13T08:35:17.543926,8,3,1254.47,304,63,40,4,4,0.614,feature,135.49,success,0.271
build_04269,2025-09-11T19:35:17.543926,19,3,132286.46,165,35,58,8,8,0.803,feature,4721.06,success,18.8843
build_04270,2025-09-30T10:35:17.543926,10,1,2795.57,110,114,52,4,4,0.509,feature,337.95,success,0.6759
build_04271,2025-11-14T16:35:17.543926,16,4,104.23,453,510,51,2,32,0.909,feature,213.06,success,0.7457
build_04272,2025-08-01T11:35:17.543926,11,4,573.18,295,347,46,4,8,0.816,feature,232.55,success,0.5426
build_04273,2026-01-08T20:35:17.543926,20,3,11744.46,296,30,31,4,4,0.619,feature,681.29,failed,1.3626
build_04274,2025-08-18T02:35:17.543926,2,0,4792.72,233,1014,51,4,16,0.832,main,567.12,success,1.7014
build_04275,2025-12-27T19:35:17.543926,19,5,1140.84,314,360,49,16,8,0.405,main,187.26,success,1.3732
build_04276,2025-11-18T03:35:17.543926,3,1,159.4,270,251,35,4,4,0.633,feature,148.96,success,0.2979
build_04277,2026-01-08T11:35:17.543926,11,3,1767.86,212,466,38,4,4,0.694,feature,403.04,failed,0.8061
build_04278,2025-10-06T22:35:17.543926,22,0,463.31,103,22,70,2,16,0.525,release,73.88,success,0.1601
build_04279,2025-10-02T17:35:17.543926,17,3,922.15,133,47,33,2,16,0.774,feature,110.75,success,0.24
build_04280,2025-11-14T19:35:17.543926,19,4,4239.47,203,1289,34,16,4,0.42,feature,732.95,success,5.1306
build_04281,2025-10-15T14:35:17.543926,14,2,3796.9,151,635,45,16,4,0.716,release,785.32,success,5.4972
build_04282,2025-09-25T05:35:17.543926,5,3,363.5,1874,122,40,8,4,0.769,hotfix,99.63,success,0.3653
build_04283,2025-07-28T07:35:17.543926,7,0,1875.73,147,109,43,2,8,0.438,feature,215.71,success,0.3236
build_04284,2025-12-15T15:35:17.543926,15,0,2300.75,707,666,41,16,32,0.716,feature,108.01,failed,1.0081
build_04285,2025-11-16T10:35:17.543926,10,6,6433.19,3457,224,38,4,4,0.762,hotfix,687.62,success,1.3752
build_04286,2025-11-10T06:35:17.543926,6,0,485.1,380,12,75,4,32,0.736,hotfix,24.99,success,0.1083
build_04287,2025-08-31T17:35:17.543926,17,6,860.48,1053,127,47,4,4,0.526,feature,244.06,success,0.4881
build_04288,2025-11-18T10:35:17.543926,10,1,864.94,500,295,28,2,8,0.701,feature,278.95,success,0.4184
build_04289,2025-10-21T00:35:17.543926,0,1,691.89,2940,6,44,16,8,0.465,hotfix,81.0,success,0.594
build_04290,2025-08-10T15:35:17.543926,15,6,3225.09,54,209,25,4,4,0.737,main,428.69,success,0.8574
build_04291,2025-12-15T20:35:17.543926,20,0,172.9,1141,150,34,2,8,0.769,main,126.52,success,0.1898
build_04292,2025-10-15T17:35:17.543926,17,2,805.38,704,295,63,16,8,0.975,feature,162.99,success,1.1953
build_04293,2025-08-17T20:35:17.543926,20,6,379.72,208,104,59,4,16,0.867,feature,63.31,success,0.1899
build_04294,2026-01-06T03:35:17.543926,3,1,2555.56,507,352,63,2,4,0.771,main,446.47,success,0.5209
build_04295,2026-01-16T10:35:17.543926,10,4,288.61,1006,616,55,2,8,0.844,hotfix,339.52,success,0.5093
build_04296,2025-11-24T13:35:17.543926,13,0,6708.89,259,63,54,8,8,0.642,main,597.09,success,2.3884
build_04297,2025-11-16T05:35:17.543926,5,6,3617.39,402,747,50,4,8,0.889,feature,398.14,success,0.929
build_04298,2025-10-20T23:35:17.543926,23,0,1176.14,476,382,44,2,4,0.561,feature,394.69,success,0.4605
build_04299,2025-12-08T03:35:17.543926,3,0,3896.28,1708,13,30,2,4,0.588,feature,354.34,success,0.4134
build_04300,2025-09-30T04:35:17.543926,4,1,567.64,176,38,45,16,16,0.888,main,27.12,success,0.217
build_04301,2025-07-26T05:35:17.543926,5,5,555.35,502,190,44,8,4,0.666,main,184.07,success,0.6749
build_04302,2026-01-01T01:35:17.543926,1,3,122.28,296,303,55,2,16,0.865,feature,148.43,success,0.3216
build_04303,2025-12-03T22:35:17.543926,22,2,77.16,768,118,61,8,32,0.717,feature,36.2,success,0.2172
build_04304,2025-09-14T05:35:17.543926,5,6,6720.59,314,65,52,2,4,0.756,main,607.97,success,0.7093
build_04305,2026-01-15T00:35:17.543926,0,3,364.07,284,42,40,16,32,0.718,feature,13.58,success,0.1268
build_04306,2025-12-08T14:35:17.543926,14,0,2711.22,1286,183,41,8,4,0.885,hotfix,246.62,success,0.9043
build_04307,2025-12-11T13:35:17.543926,13,3,1944.28,2903,160,42,2,32,0.678,feature,344.31,failed,1.2051
build_04308,2025-09-07T22:35:17.543926,22,6,2314.55,458,276,33,2,8,0.739,release,398.79,success,0.5982
build_04309,2025-09-23T14:35:17.543926,14,1,1121.29,276,1457,20,16,16,0.885,hotfix,220.01,success,1.7601
build_04310,2025-11-08T08:35:17.543926,8,5,121.64,140,240,28,8,8,0.619,feature,102.76,success,0.411
build_04311,2025-12-16T21:35:17.543926,21,1,9049.82,546,759,56,2,16,0.717,feature,855.22,success,1.853
build_04312,2025-10-13T08:35:17.543926,8,0,252.5,972,124,25,2,32,0.47,hotfix,73.56,success,0.2575
build_04313,2025-08-22T02:35:17.543926,2,4,645.56,175,230,36,4,8,0.729,main,181.22,success,0.4229
build_04314,2025-10-22T13:35:17.543926,13,2,288.44,142,37,48,4,16,0.769,feature,41.92,success,0.1257
build_04315,2025-09-24T14:35:17.543926,14,2,141.18,122,66,45,4,4,0.666,main,92.96,success,0.1859
build_04316,2025-07-29T23:35:17.543926,23,1,53.0,272,21,31,8,8,0.465,main,29.01,success,0.116
build_04317,2025-12-22T19:35:17.543926,19,0,2183.78,295,124,39,2,16,0.563,feature,204.98,success,0.4441
build_04318,2026-01-08T16:35:17.543926,16,3,208.04,139,7,32,2,8,0.793,feature,32.54,success,0.0488
build_04319,2025-10-05T15:35:17.543926,15,6,2387.62,389,151,27,2,32,0.674,hotfix,180.07,success,0.6302
build_04320,2025-11-24T02:35:17.543926,2,0,543.38,259,26,35,16,4,0.882,feature,43.91,success,0.3074
build_04321,2026-01-17T18:35:17.543926,18,5,2349.03,568,53,57,2,8,0.774,feature,201.14,success,0.3017
build_04322,2025-08-20T17:35:17.543926,17,2,174.38,492,227,55,8,16,0.72,main,111.74,success,0.5215
build_04323,2025-11-07T15:35:17.543926,15,4,1419.03,3929,236,33,2,8,0.636,release,525.68,success,0.7885
build_04324,2025-08-25T20:35:17.543926,20,0,319.08,858,49,53,4,16,0.739,release,65.04,success,0.1951
build_04325,2026-01-20T06:35:17.543926,6,1,253.64,190,116,49,4,4,0.966,release,95.73,success,0.1915
build_04326,2025-11-19T12:35:17.543926,12,2,3089.34,432,214,41,2,16,0.823,feature,401.92,success,0.8708
build_04327,2026-01-03T18:35:17.543926,18,5,702.19,1016,149,27,2,8,0.753,feature,154.03,success,0.231
build_04328,2025-12-15T09:35:17.543926,9,0,436.82,4286,51,40,2,16,0.394,release,328.83,failed,0.7125
build_04329,2025-12-13T05:35:17.543926,5,5,3138.71,181,65,38,4,32,0.625,release,183.78,success,0.7964
build_04330,2025-08-04T10:35:17.543926,10,0,792.34,340,140,35,2,8,0.98,feature,146.17,success,0.2193
build_04331,2025-09-28T10:35:17.543926,10,6,1823.61,203,83,53,8,8,0.612,feature,183.56,success,0.7343
build_04332,2025-11-09T18:35:17.543926,18,6,1645.53,507,1188,39,16,8,0.829,release,494.03,success,3.6229
build_04333,2025-12-24T13:35:17.543926,13,2,6104.7,1666,19,42,16,16,0.647,feature,192.65,success,1.5412
build_04334,2025-09-16T06:35:17.543926,6,1,370.49,405,2107,42,16,16,0.545,feature,408.48,success,3.2678
build_04335,2025-10-20T05:35:17.543926,5,0,205.88,1188,450,40,2,8,0.673,feature,305.79,success,0.4587
build_04336,2025-12-12T11:35:17.543926,11,4,144.04,163,811,40,4,8,0.698,release,658.8,success,1.5372
build_04337,2025-10-21T21:35:17.543926,21,1,3644.62,607,545,85,2,32,0.728,feature,357.32,failed,1.2506
build_04338,2025-08-27T02:35:17.543926,2,2,941.86,706,151,38,2,4,0.759,main,215.19,success,0.2511
build_04339,2025-07-27T15:35:17.543926,15,6,2360.38,130,96,56,2,16,0.735,feature,273.67,success,0.593
build_04340,2025-09-26T15:35:17.543926,15,4,970.01,165,10,45,4,4,0.85,feature,106.28,success,0.2126
build_04341,2025-10-06T17:35:17.543926,17,0,2155.81,913,6984,51,4,8,0.875,feature,3681.04,success,8.5891
build_04342,2025-09-10T05:35:17.543926,5,2,76910.11,1008,648,49,8,8,0.466,main,5757.35,success,23.0294
build_04343,2025-12-23T13:35:17.543926,13,1,28669.23,454,172,47,2,8,0.819,hotfix,1812.23,success,2.7183
build_04344,2025-07-26T03:35:17.543926,3,5,1583.82,1040,173,50,8,8,0.773,main,172.58,success,0.6903
build_04345,2025-11-02T17:35:17.543926,17,6,176.81,198,122,25,4,4,0.735,feature,120.23,success,0.2405
build_04346,2025-09-15T04:35:17.543926,4,0,4023.79,926,63,22,2,32,0.658,feature,203.59,success,0.7126
build_04347,2025-09-28T09:35:17.543926,9,6,3322.62,1312,142,37,4,4,0.573,hotfix,383.62,success,0.7672
build_04348,2025-11-10T20:35:17.543926,20,0,2313.58,117,378,48,2,8,0.53,main,453.25,success,0.6799
build_04349,2025-11-23T09:35:17.543926,9,6,28649.42,111,13,59,2,4,0.878,main,2854.05,success,3.3297
build_04350,2025-08-05T01:35:17.543926,1,1,120.51,720,8,43,4,4,0.576,main,55.01,success,0.11
build_04351,2025-11-25T12:35:17.543926,12,1,1277.4,2175,172,40,2,4,0.81,feature,299.82,success,0.3498
build_04352,2026-01-07T16:35:17.543926,16,2,292.8,425,107,42,4,4,0.971,feature,89.3,success,0.1786
build_04353,2025-07-28T06:35:17.543926,6,0,27.31,170,4,35,2,4,0.863,feature,13.16,success,0.0154
build_04354,2025-10-02T19:35:17.543926,19,3,940.56,1267,69,44,2,4,0.527,main,210.01,success,0.245
build_04355,2025-07-31T07:35:17.543926,7,3,108.86,289,32,65,2,8,0.918,feature,36.55,success,0.0548
build_04356,2025-08-06T05:35:17.543926,5,2,447.7,766,503,38,16,4,0.816,hotfix,155.75,success,1.0903
build_04357,2025-12-20T14:35:17.543926,14,5,62.97,366,141,34,2,16,0.457,feature,133.68,success,0.2896
build_04358,2025-12-30T16:35:17.543926,16,1,170.77,145,1558,27,2,8,0.845,main,1331.46,failed,1.9972
build_04359,2025-09-27T05:35:17.543926,5,5,2840.61,196,46,67,4,4,0.796,feature,185.47,success,0.3709
build_04360,2025-10-09T04:35:17.543926,4,3,700.66,47,209,49,2,8,0.896,feature,162.95,success,0.2444
build_04361,2026-01-14T01:35:17.543926,1,2,5932.55,120,155,54,4,8,0.785,main,443.09,success,1.0339
build_04362,2025-10-31T13:35:17.543926,13,4,37185.32,1120,42,35,2,4,0.724,main,4034.13,success,4.7065
build_04363,2025-11-14T14:35:17.543926,14,4,293.82,134,221,60,4,16,0.51,feature,147.92,success,0.4438
build_04364,2026-01-12T22:35:17.543926,22,0,920.54,980,49,48,4,4,0.645,feature,134.38,success,0.2688
build_04365,2025-12-28T13:35:17.543926,13,6,6198.77,215,179,39,4,8,0.778,hotfix,436.42,success,1.0183
build_04366,2025-08-11T09:35:17.543926,9,0,1816.53,1139,332,46,4,8,0.362,hotfix,384.53,success,0.8972
build_04367,2026-01-17T03:35:17.543926,3,5,503.66,4790,221,39,16,16,0.893,hotfix,70.72,success,0.5657
build_04368,2025-09-11T16:35:17.543926,16,3,10470.38,868,51,25,2,16,0.529,feature,893.78,success,1.9365
build_04369,2025-11-11T20:35:17.543926,20,1,5202.87,1073,150,35,4,32,0.982,hotfix,152.23,success,0.6596
build_04370,2025-12-18T20:35:17.543926,20,3,2349.03,107,167,50,2,8,0.92,feature,194.62,success,0.2919
build_04371,2025-09-03T22:35:17.543926,22,2,3862.47,641,42,39,4,8,0.828,feature,274.0,success,0.6393
build_04372,2025-12-31T11:35:17.543926,11,2,832.44,759,78,23,4,16,0.622,feature,112.43,success,0.3373
build_04373,2025-12-22T04:35:17.543926,4,0,953.75,987,623,36,2,8,0.896,release,399.31,success,0.599
build_04374,2026-01-11T01:35:17.543926,1,6,201.78,2195,10,39,8,16,0.959,main,48.34,success,0.2256
build_04375,2025-07-29T14:35:17.543926,14,1,4943.66,297,1091,32,8,4,0.525,main,1538.82,failed,5.6423
build_04376,2025-11-30T22:35:17.543926,22,6,4601.86,504,203,43,2,32,0.896,main,377.12,success,1.3199
build_04377,2026-01-13T08:35:17.543926,8,1,2835.44,514,172,54,2,4,0.427,feature,361.03,success,0.4212
build_04378,2025-09-08T15:35:17.543926,15,0,1580.85,3056,336,47,8,8,0.666,hotfix,255.4,success,1.0216
build_04379,2025-12-18T04:35:17.543926,4,3,1523.81,77,14,52,2,8,0.669,feature,95.06,success,0.1426
build_04380,2025-11-21T11:35:17.543926,11,4,945.85,267,1327,52,4,32,0.412,main,842.98,success,3.6529
build_04381,2025-12-07T17:35:17.543926,17,6,4431.32,558,50,39,8,4,0.751,feature,390.4,success,1.4314
build_04382,2025-12-13T16:35:17.543926,16,5,629.62,1348,229,52,4,8,0.915,feature,224.91,success,0.5248
build_04383,2025-08-30T06:35:17.543926,6,5,5190.94,96,51,49,2,16,0.731,main,374.18,success,0.8107
build_04384,2025-09-07T20:35:17.543926,20,6,877.69,365,30,44,2,8,0.658,feature,86.31,success,0.1295
build_04385,2025-11-02T05:35:17.543926,5,6,471.93,268,431,52,2,32,0.779,feature,204.0,success,0.714
build_04386,2025-09-23T10:35:17.543926,10,1,8011.67,983,64,53,2,4,0.799,feature,710.66,failed,0.8291
build_04387,2025-07-29T12:35:17.543926,12,1,314.52,1321,229,43,4,32,0.646,feature,130.73,success,0.5665
build_04388,2025-11-03T08:35:17.543926,8,0,202.04,271,316,46,4,16,0.876,feature,126.97,success,0.3809
build_04389,2025-11-24T23:35:17.543926,23,0,4963.36,210,120,53,4,4,0.607,main,449.65,success,0.8993
build_04390,2025-08-09T08:35:17.543926,8,5,2083.6,220,842,50,2,4,0.62,feature,624.0,failed,0.728
build_04391,2025-08-30T18:35:17.543926,18,5,499.76,151,268,37,8,8,0.465,feature,143.35,success,0.5734
build_04392,2025-10-20T18:35:17.543926,18,0,545.9,3197,28,53,16,8,0.744,release,110.87,success,0.8131
build_04393,2025-08-16T13:35:17.543926,13,5,448.86,322,125,46,2,8,0.892,feature,136.69,failed,0.205
build_04394,2025-11-01T18:35:17.543926,18,5,13157.26,431,863,44,2,4,0.489,main,1752.12,success,2.0441
build_04395,2025-07-26T04:35:17.543926,4,5,4570.26,242,132,40,2,4,0.634,release,506.9,success,0.5914
build_04396,2025-07-26T22:35:17.543926,22,5,343.1,950,23,68,8,16,0.717,feature,46.64,success,0.2176
build_04397,2025-09-24T16:35:17.543926,16,2,415.0,819,360,41,4,4,0.712,main,312.46,success,0.6249
build_04398,2025-08-30T23:35:17.543926,23,5,11007.11,2014,382,49,2,4,0.893,feature,1042.95,success,1.2168
build_04399,2025-09-08T13:35:17.543926,13,0,6332.03,272,27,25,2,32,0.717,feature,416.45,success,1.4576
build_04400,2025-10-22T10:35:17.543926,10,2,1398.29,110,47,38,16,8,0.558,feature,90.04,success,0.6603
build_04401,2025-08-01T14:35:17.543926,14,4,2523.02,659,187,52,4,4,0.812,feature,338.36,failed,0.6767
build_04402,2026-01-17T10:35:17.543926,10,5,391.19,708,34,48,4,4,0.705,feature,100.35,success,0.2007
build_04403,2025-12-03T14:35:17.543926,14,2,179.02,805,17,66,8,8,0.524,feature,59.16,success,0.2366
build_04404,2025-10-28T20:35:17.543926,20,1,395.51,1406,97,42,2,32,0.705,main,114.81,success,0.4018
build_04405,2025-07-31T06:35:17.543926,6,3,44.32,1168,23,48,2,16,0.816,feature,42.5,success,0.0921
build_04406,2025-12-02T14:35:17.543926,14,1,580.86,55,132,37,16,8,0.721,feature,67.52,success,0.4951
build_04407,2026-01-01T06:35:17.543926,6,3,2759.1,168,73,43,4,8,0.625,release,238.0,success,0.5553
build_04408,2025-10-03T19:35:17.543926,19,4,253.1,99,144,26,2,16,0.533,feature,101.87,failed,0.2207
build_04409,2026-01-14T06:35:17.543926,6,2,698.27,1334,29,42,2,16,0.74,feature,82.97,success,0.1798
build_04410,2025-10-30T02:35:17.543926,2,3,25242.55,255,66,31,2,4,0.714,feature,1854.21,success,2.1632
build_04411,2026-01-11T06:35:17.543926,6,6,179.23,131,139,33,4,8,0.541,feature,91.01,success,0.2124
build_04412,2025-10-25T02:35:17.543926,2,5,327.03,835,91,56,2,4,0.597,feature,115.19,success,0.1344
build_04413,2025-12-07T15:35:17.543926,15,6,766.39,2226,65,71,4,16,0.447,feature,166.18,success,0.4985
build_04414,2025-12-05T05:35:17.543926,5,4,6846.15,342,532,50,4,4,0.881,main,853.23,failed,1.7065
build_04415,2025-09-02T23:35:17.543926,23,1,616.63,3423,25,31,4,8,0.595,main,188.41,success,0.4396
build_04416,2025-11-13T06:35:17.543926,6,3,413.04,494,82,55,8,4,0.987,main,76.06,success,0.2789
build_04417,2025-11-01T03:35:17.543926,3,5,559.93,505,212,54,4,8,0.719,hotfix,121.16,success,0.2827
build_04418,2025-08-17T02:35:17.543926,2,6,244.58,524,1439,32,16,4,0.55,hotfix,490.95,success,3.4366
build_04419,2025-12-21T21:35:17.543926,21,6,9802.82,172,56,45,4,8,0.411,hotfix,420.49,success,0.9811
build_04420,2025-10-18T01:35:17.543926,1,5,851.73,35,90,53,4,4,0.586,feature,111.9,failed,0.2238
build_04421,2025-07-25T12:35:17.543926,12,4,56.06,1136,134,38,2,16,0.394,feature,162.75,success,0.3526
build_04422,2025-10-07T02:35:17.543926,2,1,1032.78,515,5065,39,2,4,0.879,feature,2463.68,success,2.8743
build_04423,2025-09-07T14:35:17.543926,14,6,1447.81,605,31,45,2,8,0.829,feature,165.08,success,0.2476
build_04424,2026-01-19T13:35:17.543926,13,0,3866.33,196,626,49,4,4,0.422,feature,989.0,success,1.978
build_04425,2025-08-08T10:35:17.543926,10,4,975.69,867,125,32,4,32,0.585,feature,105.67,success,0.4579
build_04426,2025-09-19T13:35:17.543926,13,4,5045.67,506,594,55,2,8,0.856,hotfix,549.02,failed,0.8235
build_04427,2026-01-06T21:35:17.543926,21,1,2471.51,666,99,37,8,4,0.773,feature,229.55,failed,0.8417
build_04428,2025-10-23T21:35:17.543926,21,3,449.42,194,394,23,2,8,0.899,release,239.31,success,0.359
build_04429,2025-08-22T04:35:17.543926,4,4,7558.07,591,275,52,4,8,0.914,release,673.72,success,1.572
build_04430,2025-12-19T09:35:17.543926,9,4,344.68,213,86,45,16,4,0.938,feature,71.79,success,0.5026
build_04431,2025-11-27T21:35:17.543926,21,3,18540.64,408,102,41,4,8,0.522,main,1421.67,success,3.3172
build_04432,2025-09-28T15:35:17.543926,15,6,1472.9,493,509,71,2,16,0.571,main,668.26,failed,1.4479
build_04433,2025-08-02T13:35:17.543926,13,5,4789.59,1280,317,47,8,8,0.683,feature,437.35,success,1.7494
build_04434,2025-11-17T01:35:17.543926,1,0,262.23,627,174,69,4,8,0.728,feature,127.14,success,0.2967
build_04435,2025-09-02T10:35:17.543926,10,1,1575.55,110,805,47,16,8,0.892,hotfix,267.07,success,1.9585
build_04436,2025-12-14T02:35:17.543926,2,6,928.81,191,27,27,2,4,0.797,feature,79.25,success,0.0925
build_04437,2025-08-13T02:35:17.543926,2,2,1552.2,54,444,41,2,16,0.697,feature,313.12,success,0.6784
build_04438,2025-08-05T11:35:17.543926,11,1,536.0,348,88,49,2,32,0.774,feature,96.9,success,0.3391
build_04439,2026-01-06T22:35:17.543926,22,1,3570.26,1052,53,32,2,8,0.579,feature,305.36,success,0.458
build_04440,2026-01-17T07:35:17.543926,7,5,19267.98,1161,126,60,2,8,0.896,hotfix,1005.94,success,1.5089
build_04441,2025-10-22T10:35:17.543926,10,2,3322.46,1128,137,47,4,8,0.705,feature,344.93,success,0.8048
build_04442,2026-01-14T09:35:17.543926,9,2,1353.01,72,94,36,4,4,0.899,main,206.44,success,0.4129
build_04443,2025-11-04T10:35:17.543926,10,1,1555.17,152,120,31,2,8,0.894,main,205.1,success,0.3076
build_04444,2025-07-29T16:35:17.543926,16,1,151.32,141,31,31,2,8,0.25,feature,54.6,success,0.0819
build_04445,2025-12-18T04:35:17.543926,4,3,13884.27,1091,408,35,2,4,0.836,feature,1134.09,failed,1.3231
build_04446,2025-09-13T11:35:17.543926,11,5,55.82,365,561,39,2,4,0.778,feature,374.43,success,0.4368
build_04447,2025-12-13T18:35:17.543926,18,5,154.94,109,191,70,2,16,0.855,hotfix,82.27,success,0.1783
build_04448,2025-08-23T01:35:17.543926,1,5,712.78,1046,10,42,8,4,0.522,feature,84.06,success,0.3082
build_04449,2025-10-09T04:35:17.543926,4,3,704.28,35,190,45,4,16,0.745,release,133.5,success,0.4005
build_04450,2025-11-28T08:35:17.543926,8,4,432.47,165,133,33,4,8,0.714,feature,88.72,success,0.207
build_04451,2025-08-24T16:35:17.543926,16,6,4602.43,674,87,56,4,4,0.713,feature,498.27,success,0.9965
build_04452,2025-08-01T17:35:17.543926,17,4,28504.27,292,71,58,2,4,0.718,main,3552.73,success,4.1449
build_04453,2025-10-01T15:35:17.543926,15,2,705.58,365,1744,51,2,4,0.813,main,1464.97,success,1.7091
build_04454,2025-12-13T16:35:17.543926,16,5,688.93,91,70,49,8,8,0.865,release,99.59,success,0.3984
build_04455,2025-09-01T00:35:17.543926,0,0,2717.01,196,388,43,4,8,0.875,feature,362.75,success,0.8464
build_04456,2025-12-21T00:35:17.543926,0,6,495.44,970,54,34,4,4,0.556,feature,95.26,success,0.1905
build_04457,2025-08-20T15:35:17.543926,15,2,96.37,51,81,58,2,16,0.678,release,91.81,success,0.1989
build_04458,2025-12-06T20:35:17.543926,20,5,477.36,270,189,50,4,8,0.741,feature,102.41,success,0.2389
build_04459,2025-08-08T08:35:17.543926,8,4,1157.21,437,411,39,2,32,0.749,main,266.77,success,0.9337
build_04460,2025-09-21T05:35:17.543926,5,6,1847.45,205,107,27,4,4,0.508,feature,177.97,success,0.3559
build_04461,2025-11-13T11:35:17.543926,11,3,524.27,495,605,54,8,16,0.87,main,216.89,success,1.0122
build_04462,2025-10-18T18:35:17.543926,18,5,1069.34,169,71,38,4,4,0.6,feature,104.3,success,0.2086
build_04463,2025-08-04T20:35:17.543926,20,0,408.9,224,107,58,4,8,0.591,feature,98.91,success,0.2308
build_04464,2025-10-06T13:35:17.543926,13,0,2226.83,117,92,41,4,8,0.826,feature,228.6,success,0.5334
build_04465,2025-10-20T08:35:17.543926,8,0,445.81,205,124,47,16,8,0.914,feature,41.28,success,0.3027
build_04466,2026-01-18T07:35:17.543926,7,6,21192.11,130,71,37,8,8,0.511,main,1267.64,success,5.0705
build_04467,2025-09-24T13:35:17.543926,13,2,189.35,1916,58,35,2,8,0.699,hotfix,83.1,success,0.1246
build_04468,2025-07-25T23:35:17.543926,23,4,97.76,273,1006,51,2,8,0.642,feature,581.21,success,0.8718
build_04469,2025-11-18T17:35:17.543926,17,1,515.0,565,12,30,2,8,0.83,feature,80.66,success,0.121
build_04470,2026-01-19T13:35:17.543926,13,0,2360.7,578,202,42,16,8,0.86,feature,175.88,success,1.2898
build_04471,2025-07-31T01:35:17.543926,1,3,1210.72,813,445,41,4,8,0.757,hotfix,213.17,success,0.4974
build_04472,2025-11-20T22:35:17.543926,22,3,9192.65,895,99,40,2,16,0.898,feature,585.23,success,1.268
build_04473,2026-01-16T22:35:17.543926,22,4,1792.68,398,45,53,4,4,0.813,feature,155.32,success,0.3106
build_04474,2025-12-02T00:35:17.543926,0,1,1755.34,674,177,35,16,4,0.73,release,199.05,success,1.3934
build_04475,2025-08-01T06:35:17.543926,6,4,123.38,181,397,30,2,4,0.523,feature,244.64,success,0.2854
build_04476,2026-01-10T18:35:17.543926,18,5,217.52,371,150,34,2,4,0.6,main,127.86,success,0.1492
build_04477,2025-09-06T14:35:17.543926,14,5,1210.95,714,304,66,16,4,0.729,release,280.65,success,1.9645
build_04478,2025-11-15T04:35:17.543926,4,5,7217.55,738,53,59,2,8,0.759,feature,537.61,success,0.8064
build_04479,2025-11-22T21:35:17.543926,21,5,4427.53,72,268,49,4,4,0.66,hotfix,339.62,success,0.6792
build_04480,2025-09-05T05:35:17.543926,5,4,1378.47,2210,265,63,4,8,0.95,feature,234.56,success,0.5473
build_04481,2025-10-20T11:35:17.543926,11,0,6392.28,1354,77,64,4,4,0.729,feature,552.66,success,1.1053
build_04482,2025-07-29T12:35:17.543926,12,1,4641.66,186,26,43,4,8,0.819,feature,405.62,success,0.9464
build_04483,2025-12-11T12:35:17.543926,12,3,1384.96,2445,28,65,4,4,0.69,feature,273.32,success,0.5466
build_04484,2025-09-10T02:35:17.543926,2,2,655.58,182,161,53,4,4,0.77,main,168.24,success,0.3365
build_04485,2025-08-26T20:35:17.543926,20,1,201.39,1424,58,26,2,4,0.977,feature,94.01,success,0.1097
build_04486,2025-08-02T23:35:17.543926,23,5,5034.34,293,814,49,4,16,0.684,feature,494.84,success,1.4845
build_04487,2025-09-06T10:35:17.543926,10,5,471.58,453,369,28,2,16,0.824,feature,238.62,success,0.517
build_04488,2025-11-21T04:35:17.543926,4,4,1458.19,313,318,45,16,8,0.463,feature,198.51,success,1.4558
build_04489,2025-08-22T03:35:17.543926,3,4,423.51,835,1049,45,2,4,0.646,feature,593.68,success,0.6926
build_04490,2025-09-08T09:35:17.543926,9,0,1198.24,1056,58,32,16,4,0.651,main,143.64,failed,1.0055
build_04491,2025-08-29T08:35:17.543926,8,4,1033.63,947,188,59,4,4,0.711,main,252.88,success,0.5058
build_04492,2026-01-02T00:35:17.543926,0,4,4886.85,307,98,56,4,16,0.661,hotfix,224.05,success,0.6721
build_04493,2025-11-26T22:35:17.543926,22,2,165.12,352,219,36,4,16,0.519,feature,99.88,success,0.2997
build_04494,2025-12-11T02:35:17.543926,2,3,3636.44,332,156,43,8,8,0.825,hotfix,165.74,failed,0.663
build_04495,2026-01-11T16:35:17.543926,16,6,147.03,962,90,52,2,4,0.616,feature,119.53,success,0.1395
build_04496,2026-01-16T09:35:17.543926,9,4,218.93,535,147,38,2,4,0.856,hotfix,126.41,success,0.1475
build_04497,2025-08-03T12:35:17.543926,12,6,563.57,185,78,48,2,8,0.856,hotfix,90.39,failed,0.1356
build_04498,2025-10-09T23:35:17.543926,23,3,2645.98,1115,133,47,2,4,0.615,main,323.77,failed,0.3777
build_04499,2025-08-28T03:35:17.543926,3,3,496.55,2925,931,56,8,32,0.774,main,233.89,success,1.4034
build_04500,2025-08-19T09:35:17.543926,9,1,897.62,498,116,49,2,16,0.624,feature,124.74,success,0.2703
build_04501,2026-01-04T20:35:17.543926,20,6,945.28,331,888,54,4,4,0.516,release,683.34,success,1.3667
build_04502,2026-01-04T04:35:17.543926,4,6,1650.9,687,63,32,2,4,0.738,feature,179.71,success,0.2097
build_04503,2025-12-23T12:35:17.543926,12,1,14684.28,416,877,62,4,16,0.918,feature,848.48,success,2.5454
build_04504,2025-10-19T07:35:17.543926,7,6,339.31,49,1008,50,4,4,0.447,feature,646.04,success,1.2921
build_04505,2025-09-06T16:35:17.543926,16,5,5183.16,241,29,42,2,4,0.762,main,477.5,success,0.5571
build_04506,2025-10-31T23:35:17.543926,23,4,251.86,167,126,50,4,4,0.691,feature,93.19,success,0.1864
build_04507,2026-01-06T23:35:17.543926,23,1,2100.25,242,424,45,4,8,0.594,release,411.63,success,0.9605
build_04508,2025-08-02T05:35:17.543926,5,5,338.99,794,42,39,2,4,0.824,feature,72.58,success,0.0847
build_04509,2025-12-23T18:35:17.543926,18,1,2167.21,656,150,50,8,32,0.928,feature,57.58,success,0.3455
build_04510,2025-12-21T11:35:17.543926,11,6,583.93,239,140,39,16,32,0.856,feature,26.28,success,0.2453
build_04511,2025-08-03T01:35:17.543926,1,6,384.67,63,461,48,2,8,0.808,main,299.5,failed,0.4493
build_04512,2025-10-09T01:35:17.543926,1,3,1146.13,2223,234,29,4,8,0.622,feature,223.98,success,0.5226
build_04513,2025-10-10T09:35:17.543926,9,4,554.75,2089,119,38,2,4,0.458,main,281.09,success,0.3279
build_04514,2025-11-28T01:35:17.543926,1,4,5205.48,606,569,24,8,4,0.464,feature,721.73,success,2.6463
build_04515,2025-07-25T11:35:17.543926,11,4,77.09,847,150,37,8,4,0.708,feature,122.43,success,0.4489
build_04516,2026-01-01T10:35:17.543926,10,3,1946.97,95,15,37,2,8,0.824,hotfix,129.05,success,0.1936
build_04517,2025-10-11T14:35:17.543926,14,5,402.67,269,266,32,16,8,0.568,feature,129.29,success,0.9481
build_04518,2026-01-16T04:35:17.543926,4,4,481.14,994,71,68,2,4,0.629,feature,117.16,failed,0.1367
build_04519,2025-11-28T10:35:17.543926,10,4,25168.88,899,142,46,4,16,0.725,feature,1614.03,success,4.8421
build_04520,2025-10-07T21:35:17.543926,21,1,1092.23,9731,302,49,8,4,0.893,feature,512.89,success,1.8806
build_04521,2025-09-30T21:35:17.543926,21,1,87.94,727,322,48,2,8,0.855,release,258.1,success,0.3871
build_04522,2025-10-29T06:35:17.543926,6,2,1439.32,119,10,39,2,4,0.474,main,145.84,success,0.1702
build_04523,2025-11-05T09:35:17.543926,9,2,1326.84,559,78,43,8,16,0.766,feature,79.95,failed,0.3731
build_04524,2025-09-22T11:35:17.543926,11,0,213.68,270,30,34,16,4,0.89,release,46.77,success,0.3274
build_04525,2025-10-16T16:35:17.543926,16,3,47377.84,452,350,50,4,4,0.531,feature,4350.64,success,8.7013
build_04526,2025-10-12T17:35:17.543926,17,6,34977.64,83,109,38,8,16,0.349,feature,1386.61,success,6.4708
build_04527,2025-12-13T11:35:17.543926,11,5,3141.42,99,80,85,8,8,0.781,feature,234.09,success,0.9363
build_04528,2025-10-16T22:35:17.543926,22,3,1276.61,1210,661,31,2,16,0.616,feature,370.57,success,0.8029
build_04529,2025-09-23T08:35:17.543926,8,1,1231.12,1076,616,36,16,4,0.694,release,360.98,success,2.5269
build_04530,2025-08-04T04:35:17.543926,4,0,1103.46,1273,116,29,4,16,0.499,feature,140.43,success,0.4213
build_04531,2025-12-19T13:35:17.543926,13,4,581.2,226,48,43,8,8,0.888,feature,67.36,failed,0.2694
build_04532,2025-09-21T19:35:17.543926,19,6,5648.41,695,329,50,2,8,0.82,feature,537.23,success,0.8058
build_04533,2025-09-13T16:35:17.543926,16,5,31239.41,880,31,46,4,8,0.455,feature,2520.06,failed,5.8801
build_04534,2025-12-18T18:35:17.543926,18,3,388.58,254,13,62,8,8,0.697,release,41.32,success,0.1653
build_04535,2025-12-23T12:35:17.543926,12,1,497.56,155,67,24,8,8,0.857,main,86.28,success,0.3451
build_04536,2025-10-25T08:35:17.543926,8,5,1160.53,275,101,41,2,4,0.742,feature,130.11,success,0.1518
build_04537,2025-12-14T14:35:17.543926,14,6,750.13,197,57,48,4,8,0.646,hotfix,80.29,success,0.1873
build_04538,2025-10-23T00:35:17.543926,0,3,764.55,741,1315,31,2,4,0.834,release,890.45,success,1.0389
build_04539,2025-09-30T19:35:17.543926,19,1,377.03,608,280,35,2,8,0.518,feature,186.43,success,0.2796
build_04540,2025-11-10T23:35:17.543926,23,0,1506.72,291,75,50,2,8,0.507,hotfix,108.8,success,0.1632
build_04541,2026-01-11T01:35:17.543926,1,6,1688.41,1791,154,36,2,16,0.961,feature,203.77,success,0.4415
build_04542,2025-07-30T02:35:17.543926,2,2,258.24,207,72,32,2,16,0.634,feature,61.88,success,0.1341
build_04543,2025-10-07T10:35:17.543926,10,1,556.71,2088,30,50,8,4,0.845,hotfix,106.73,success,0.3913
build_04544,2025-09-10T23:35:17.543926,23,2,353.59,169,32,36,8,8,0.845,release,46.24,success,0.185
build_04545,2025-09-12T06:35:17.543926,6,4,598.99,258,189,26,16,8,0.765,hotfix,62.22,success,0.4562
build_04546,2025-11-05T04:35:17.543926,4,2,12046.54,236,128,52,2,16,0.644,feature,725.49,success,1.5719
build_04547,2025-07-31T21:35:17.543926,21,3,1110.37,573,281,51,2,8,0.551,feature,254.53,success,0.3818
build_04548,2026-01-01T22:35:17.543926,22,3,968.46,341,507,58,4,4,0.761,feature,297.01,success,0.594
build_04549,2025-08-18T01:35:17.543926,1,0,2869.61,502,144,40,16,8,0.886,feature,138.48,success,1.0155
build_04550,2025-10-16T02:35:17.543926,2,3,1725.14,346,336,66,8,32,0.734,main,115.02,success,0.6901
build_04551,2025-08-12T14:35:17.543926,14,1,2306.71,2489,1269,42,2,8,0.906,main,1184.39,success,1.7766
build_04552,2025-09-16T21:35:17.543926,21,1,678.91,601,210,33,4,8,0.58,feature,176.45,success,0.4117
build_04553,2025-09-01T19:35:17.543926,19,0,196.85,971,147,37,2,4,0.828,feature,118.07,success,0.1378
build_04554,2025-12-31T01:35:17.543926,1,2,26934.18,246,94,44,16,8,0.842,feature,810.55,success,5.9441
build_04555,2025-10-28T19:35:17.543926,19,1,156.42,173,231,39,4,16,0.48,feature,111.2,success,0.3336
build_04556,2025-10-26T20:35:17.543926,20,6,4442.22,470,388,42,2,4,0.505,feature,627.47,success,0.732
build_04557,2025-09-05T08:35:17.543926,8,4,822.55,3086,43,51,4,4,0.565,feature,211.6,success,0.4232
build_04558,2025-08-07T11:35:17.543926,11,3,72.99,1246,105,41,2,32,0.795,main,89.74,success,0.3141
build_04559,2025-12-17T13:35:17.543926,13,2,2254.0,79,183,40,4,8,0.863,release,284.77,success,0.6645
build_04560,2026-01-08T21:35:17.543926,21,3,363.67,1171,905,24,2,8,0.54,feature,600.53,success,0.9008
build_04561,2026-01-08T12:35:17.543926,12,3,8324.83,376,445,41,2,8,0.959,main,1115.42,success,1.6731
build_04562,2025-08-07T20:35:17.543926,20,3,882.26,699,22,22,4,16,0.503,feature,65.41,success,0.1962
build_04563,2026-01-10T01:35:17.543926,1,5,2224.84,266,85,60,4,4,0.716,feature,202.07,success,0.4041
build_04564,2025-09-29T19:35:17.543926,19,0,270.37,2441,390,61,2,8,0.736,feature,333.44,success,0.5002
build_04565,2025-12-21T16:35:17.543926,16,6,1733.09,152,667,46,16,4,0.807,feature,384.48,failed,2.6914
build_04566,2025-08-09T02:35:17.543926,2,5,998.83,395,95,55,2,32,0.807,release,125.61,success,0.4396
build_04567,2025-07-25T13:35:17.543926,13,4,3778.57,326,244,52,4,16,0.821,release,370.04,success,1.1101
build_04568,2025-09-06T00:35:17.543926,0,5,161.01,88,28,69,4,4,0.703,feature,43.07,success,0.0861
build_04569,2025-09-19T14:35:17.543926,14,4,3088.55,775,499,50,8,4,0.699,hotfix,453.34,success,1.6622
build_04570,2025-12-27T14:35:17.543926,14,5,724.46,727,137,34,8,16,0.829,main,115.27,success,0.5379
build_04571,2025-11-15T03:35:17.543926,3,5,79.07,59,284,60,8,4,0.834,feature,121.09,success,0.444
build_04572,2025-09-18T12:35:17.543926,12,3,4114.49,526,73,56,8,16,0.704,feature,250.23,success,1.1677
build_04573,2025-09-09T18:35:17.543926,18,1,529.97,184,278,51,2,4,0.857,main,204.09,success,0.2381
build_04574,2025-08-14T03:35:17.543926,3,3,312.12,475,180,49,4,4,0.906,feature,125.14,failed,0.2503
build_04575,2025-07-27T16:35:17.543926,16,6,168.97,559,1190,41,4,16,0.644,feature,554.99,success,1.665
build_04576,2025-08-28T00:35:17.543926,0,3,1072.26,210,27,48,2,4,0.845,feature,95.31,success,0.1112
build_04577,2025-12-15T05:35:17.543926,5,0,637.64,1043,268,48,2,8,0.622,feature,244.5,success,0.3668
build_04578,2025-08-17T15:35:17.543926,15,6,1362.08,470,430,57,16,8,0.693,feature,219.58,success,1.6103
build_04579,2026-01-06T09:35:17.543926,9,1,2346.32,768,21,30,2,8,0.604,main,325.77,success,0.4887
build_04580,2025-11-19T06:35:17.543926,6,2,2412.39,1516,981,49,8,8,0.446,hotfix,434.53,success,1.7381
build_04581,2025-10-30T21:35:17.543926,21,3,190.97,104,288,65,2,16,0.673,feature,142.47,success,0.3087
build_04582,2025-08-28T18:35:17.543926,18,3,202.93,909,250,48,2,16,0.654,feature,188.18,success,0.4077
build_04583,2025-10-06T11:35:17.543926,11,0,100.77,169,113,52,2,4,0.833,feature,105.16,success,0.1227
build_04584,2025-08-14T23:35:17.543926,23,3,345.33,468,43,50,2,8,0.821,feature,60.03,success,0.0901
build_04585,2025-09-14T10:35:17.543926,10,6,268.17,77,1362,62,8,4,0.827,feature,742.27,success,2.7216
build_04586,2025-12-25T02:35:17.543926,2,3,1712.84,317,317,44,2,4,0.881,main,334.17,success,0.3899
build_04587,2025-10-31T04:35:17.543926,4,4,67.25,318,65,55,2,32,0.822,feature,40.59,success,0.1421
build_04588,2026-01-14T16:35:17.543926,16,2,299.03,567,345,67,8,16,0.925,hotfix,99.78,success,0.4657
build_04589,2025-10-18T05:35:17.543926,5,5,4625.19,340,438,35,2,16,0.775,feature,442.89,success,0.9596
build_04590,2025-12-29T03:35:17.543926,3,0,1465.01,917,884,47,8,8,0.536,feature,473.12,success,1.8925
build_04591,2025-12-07T10:35:17.543926,10,6,480.94,85,322,20,2,8,0.89,feature,221.49,success,0.3322
build_04592,2025-07-25T02:35:17.543926,2,4,2294.82,679,94,34,2,8,0.733,release,316.25,success,0.4744
build_04593,2025-09-26T13:35:17.543926,13,4,2715.34,830,440,67,4,16,0.945,feature,349.4,success,1.0482
build_04594,2025-10-03T12:35:17.543926,12,4,994.99,825,10,25,4,32,0.787,release,89.47,success,0.3877
build_04595,2025-11-24T03:35:17.543926,3,0,41.16,234,105,53,4,8,0.798,feature,54.83,success,0.1279
build_04596,2025-10-05T20:35:17.543926,20,6,6942.7,951,94,38,4,8,0.887,main,445.44,success,1.0393
build_04597,2025-09-28T23:35:17.543926,23,6,6892.27,1129,24,33,4,4,0.75,feature,407.95,success,0.8159
build_04598,2025-10-28T00:35:17.543926,0,1,100.5,850,199,38,8,4,0.603,main,164.4,success,0.6028
build_04599,2025-11-17T05:35:17.543926,5,0,2217.58,3603,300,47,8,4,0.928,feature,339.42,success,1.2446
build_04600,2025-10-31T07:35:17.543926,7,4,14452.45,155,99,36,16,16,0.895,hotfix,266.67,success,2.1333
build_04601,2025-10-29T11:35:17.543926,11,2,1037.6,199,20,34,4,32,0.54,feature,50.78,success,0.2201
build_04602,2025-08-19T12:35:17.543926,12,1,889.74,136,13,24,2,8,0.698,feature,98.04,success,0.1471
build_04603,2025-11-10T00:35:17.543926,0,0,172.47,187,45,45,8,32,0.85,feature,13.43,success,0.0806
build_04604,2025-11-24T13:35:17.543926,13,0,399.83,612,1956,56,4,8,0.709,main,1639.42,success,3.8253
build_04605,2025-11-16T12:35:17.543926,12,6,3841.54,22,40,57,2,8,0.881,feature,341.7,success,0.5126
build_04606,2025-12-27T03:35:17.543926,3,5,414.0,1451,29,48,4,4,0.755,main,100.29,success,0.2006
build_04607,2025-08-08T09:35:17.543926,9,4,7899.02,1058,83,42,2,32,0.623,main,647.79,success,2.2673
build_04608,2026-01-04T02:35:17.543926,2,6,192.65,71,400,51,4,16,0.556,feature,156.05,failed,0.4682
build_04609,2025-11-27T17:35:17.543926,17,3,445.09,478,744,32,2,4,0.75,main,653.13,success,0.762
build_04610,2025-10-31T13:35:17.543926,13,4,1706.45,309,63,67,2,32,0.874,main,185.05,success,0.6477
build_04611,2025-10-13T19:35:17.543926,19,0,2334.44,999,1595,40,4,16,0.88,feature,644.78,success,1.9343
build_04612,2025-12-12T05:35:17.543926,5,4,146.44,112,86,46,4,4,0.736,feature,70.78,success,0.1416
build_04613,2026-01-20T01:35:17.543926,1,1,498.49,174,392,47,2,16,0.771,feature,233.47,success,0.5059
build_04614,2025-08-11T19:35:17.543926,19,0,1899.43,516,187,37,4,8,0.357,hotfix,208.9,success,0.4874
build_04615,2025-08-24T14:35:17.543926,14,6,2102.64,150,3047,37,4,4,0.885,main,2394.46,success,4.7889
build_04616,2025-11-07T13:35:17.543926,13,4,3227.61,764,134,61,8,4,0.63,main,433.41,success,1.5892
build_04617,2026-01-13T14:35:17.543926,14,1,1112.6,175,78,26,2,16,0.757,main,176.24,success,0.3818
build_04618,2025-11-27T21:35:17.543926,21,3,989.79,350,159,36,16,16,0.762,feature,56.44,success,0.4515
build_04619,2025-09-24T00:35:17.543926,0,2,9018.44,308,261,49,2,16,0.684,feature,684.27,success,1.4826
build_04620,2026-01-13T19:35:17.543926,19,1,419.42,281,494,48,2,8,0.713,feature,286.7,success,0.43
build_04621,2025-11-02T10:35:17.543926,10,6,1277.87,314,54,39,4,8,0.813,feature,135.73,failed,0.3167
build_04622,2025-12-20T03:35:17.543926,3,5,1613.05,720,9,46,8,8,0.743,feature,90.93,success,0.3637
build_04623,2025-11-12T18:35:17.543926,18,2,3032.16,750,84,44,2,4,0.341,feature,304.39,success,0.3551
build_04624,2025-11-09T10:35:17.543926,10,6,221.63,291,160,46,8,16,0.637,feature,82.3,success,0.3841
build_04625,2025-12-27T10:35:17.543926,10,5,4394.81,113,545,30,4,4,0.49,main,988.33,success,1.9767
build_04626,2025-09-11T23:35:17.543926,23,3,848.97,65,186,43,2,32,0.417,feature,127.48,success,0.4462
build_04627,2026-01-18T20:35:17.543926,20,6,15724.54,229,46,87,4,4,0.669,hotfix,742.78,success,1.4856
build_04628,2025-09-08T01:35:17.543926,1,0,990.81,148,900,47,8,8,0.538,feature,373.71,success,1.4948
build_04629,2026-01-17T19:35:17.543926,19,5,2399.03,380,104,47,16,4,0.724,main,188.04,success,1.3163
build_04630,2026-01-19T11:35:17.543926,11,0,25135.83,1197,62,33,2,8,0.614,feature,2188.79,success,3.2832
build_04631,2025-09-13T04:35:17.543926,4,5,4639.12,99,246,55,8,4,0.68,feature,490.23,success,1.7975
build_04632,2025-10-24T13:35:17.543926,13,4,5853.07,356,27,39,16,8,0.757,feature,279.34,success,2.0485
build_04633,2025-09-15T00:35:17.543926,0,0,1076.61,108,228,41,8,4,0.688,release,246.13,failed,0.9025
build_04634,2025-12-07T11:35:17.543926,11,6,161.77,465,77,39,4,16,0.099,feature,82.55,success,0.2476
build_04635,2025-08-11T21:35:17.543926,21,0,142.79,100,122,38,4,4,0.502,feature,99.69,success,0.1994
build_04636,2025-09-18T07:35:17.543926,7,3,1405.58,668,47,68,2,4,0.771,feature,147.19,success,0.1717
build_04637,2025-11-24T07:35:17.543926,7,0,819.01,244,774,33,4,4,0.867,feature,376.54,success,0.7531
build_04638,2025-12-01T19:35:17.543926,19,0,750.28,78,239,58,2,16,0.601,main,183.79,success,0.3982
build_04639,2025-12-27T18:35:17.543926,18,5,61.27,678,158,25,4,4,0.692,main,137.08,success,0.2742
build_04640,2025-09-30T04:35:17.543926,4,1,794.14,528,78,45,8,8,0.918,feature,67.66,success,0.2706
build_04641,2025-12-16T11:35:17.543926,11,1,190.7,533,184,53,2,8,0.808,feature,177.21,success,0.2658
build_04642,2025-12-05T01:35:17.543926,1,4,435.82,689,138,48,2,4,0.926,main,144.51,success,0.1686
build_04643,2025-10-11T18:35:17.543926,18,5,1913.1,474,740,43,4,32,0.414,feature,329.73,success,1.4288
build_04644,2025-11-05T16:35:17.543926,16,2,2221.72,286,31,43,4,32,0.868,feature,99.71,success,0.4321
build_04645,2025-10-31T16:35:17.543926,16,4,3547.86,136,232,46,2,4,0.563,feature,519.44,success,0.606
build_04646,2025-12-19T12:35:17.543926,12,4,458.93,392,97,52,4,16,0.616,feature,98.26,success,0.2948
build_04647,2025-12-24T20:35:17.543926,20,2,118.9,111,262,41,4,8,0.405,feature,169.14,success,0.3947
build_04648,2025-10-23T11:35:17.543926,11,3,111345.26,287,179,47,2,16,0.408,release,12601.18,success,27.3026
build_04649,2026-01-11T03:35:17.543926,3,6,10820.39,147,116,34,4,8,0.661,release,871.25,success,2.0329
build_04650,2025-07-28T10:35:17.543926,10,0,275.03,217,518,52,2,8,0.8,feature,360.53,success,0.5408
build_04651,2025-09-22T15:35:17.543926,15,0,16581.55,23,318,39,8,16,0.477,feature,978.63,success,4.567
build_04652,2025-12-04T11:35:17.543926,11,3,128.99,852,33,41,8,8,0.477,feature,59.22,success,0.2369
build_04653,2025-08-05T07:35:17.543926,7,1,6183.08,315,94,64,8,4,0.967,feature,355.49,success,1.3035
build_04654,2025-07-31T13:35:17.543926,13,3,700.81,149,235,63,16,4,0.904,feature,141.9,success,0.9933
build_04655,2025-09-05T07:35:17.543926,7,4,432.27,555,40,31,2,4,0.67,feature,77.6,success,0.0905
build_04656,2025-10-09T10:35:17.543926,10,3,1549.28,125,5,50,4,8,0.566,feature,126.55,failed,0.2953
build_04657,2025-10-24T15:35:17.543926,15,4,474.03,524,136,45,16,8,0.633,feature,82.04,success,0.6016
build_04658,2025-12-23T12:35:17.543926,12,1,16868.53,297,89,48,2,4,0.627,feature,1435.39,success,1.6746
build_04659,2025-11-06T07:35:17.543926,7,3,1912.2,8906,677,41,4,4,0.786,feature,807.31,success,1.6146
build_04660,2025-12-20T11:35:17.543926,11,5,216.19,1631,128,32,8,4,0.785,feature,122.42,success,0.4489
build_04661,2025-11-08T18:35:17.543926,18,5,580.27,175,31,49,4,8,0.895,feature,48.18,success,0.1124
build_04662,2026-01-18T11:35:17.543926,11,6,1000.74,1077,156,41,4,8,0.697,feature,219.0,success,0.511
build_04663,2025-10-07T14:35:17.543926,14,1,431.24,85,276,46,2,32,0.793,feature,181.43,success,0.635
build_04664,2025-09-19T08:35:17.543926,8,4,1210.08,902,59,57,4,4,0.784,feature,128.21,success,0.2564
build_04665,2026-01-01T18:35:17.543926,18,3,176.25,1531,723,37,2,16,0.805,release,445.21,success,0.9646
build_04666,2025-11-06T20:35:17.543926,20,3,707.53,1998,283,44,2,4,0.546,hotfix,243.59,success,0.2842
build_04667,2025-09-22T01:35:17.543926,1,0,871.57,4321,317,61,2,32,0.818,feature,237.96,success,0.8329
build_04668,2025-11-12T22:35:17.543926,22,2,173.23,195,13,36,2,32,0.621,feature,19.28,success,0.0675
build_04669,2025-08-08T21:35:17.543926,21,4,205.13,750,26,47,8,4,0.866,main,51.63,success,0.1893
build_04670,2025-09-27T18:35:17.543926,18,5,4699.7,2215,1044,49,2,4,0.773,feature,919.97,success,1.0733
build_04671,2025-11-08T19:35:17.543926,19,5,1580.87,565,68,48,2,8,0.627,feature,177.41,success,0.2661
build_04672,2025-12-08T03:35:17.543926,3,0,964.25,1246,123,46,2,16,0.792,hotfix,117.89,success,0.2554
build_04673,2025-07-25T20:35:17.543926,20,4,9814.27,199,52,39,16,16,0.508,main,281.84,success,2.2547
build_04674,2025-08-12T23:35:17.543926,23,1,678.24,182,162,45,8,8,0.837,hotfix,78.51,success,0.314
build_04675,2025-08-09T09:35:17.543926,9,5,16073.82,119,182,31,2,4,0.285,feature,2196.6,success,2.5627
build_04676,2026-01-06T14:35:17.543926,14,1,422.26,341,32,40,2,4,0.593,release,132.77,success,0.1549
build_04677,2025-08-28T02:35:17.543926,2,3,1682.75,357,78,45,8,4,0.718,release,180.12,success,0.6604
build_04678,2025-09-20T15:35:17.543926,15,5,1733.68,352,387,68,2,4,0.957,main,458.65,failed,0.5351
build_04679,2025-08-25T10:35:17.543926,10,0,4300.78,296,272,43,4,8,0.684,release,667.63,success,1.5578
build_04680,2025-11-24T07:35:17.543926,7,0,2311.98,3172,372,43,8,4,0.576,main,480.4,success,1.7615
build_04681,2025-07-26T03:35:17.543926,3,5,3515.38,251,54,42,2,16,0.793,release,272.71,success,0.5909
build_04682,2026-01-20T10:35:17.543926,10,1,1267.08,525,33,45,4,8,0.68,feature,149.28,success,0.3483
build_04683,2025-10-06T11:35:17.543926,11,0,402.32,339,60,50,4,16,0.83,release,89.45,success,0.2684
build_04684,2025-09-04T10:35:17.543926,10,3,2982.35,381,453,30,8,8,0.951,feature,309.08,success,1.2363
build_04685,2026-01-07T17:35:17.543926,17,2,133.73,399,574,50,4,8,0.502,hotfix,318.64,success,0.7435
build_04686,2025-09-12T22:35:17.543926,22,4,362.6,234,19,45,2,32,0.878,feature,34.17,success,0.1196
build_04687,2025-10-24T17:35:17.543926,17,4,1287.64,631,200,38,2,8,0.496,release,373.25,success,0.5599
build_04688,2025-10-01T00:35:17.543926,0,2,1103.24,79,167,69,4,4,0.822,main,162.67,success,0.3253
build_04689,2025-11-19T14:35:17.543926,14,2,3049.92,183,1083,44,2,32,0.645,feature,805.73,success,2.8201
build_04690,2025-11-24T13:35:17.543926,13,0,613.9,548,135,46,2,4,0.629,main,228.05,success,0.2661
build_04691,2026-01-17T07:35:17.543926,7,5,991.99,186,15,41,16,4,0.662,feature,60.95,success,0.4266
build_04692,2025-09-30T19:35:17.543926,19,1,590.74,179,399,40,2,4,0.276,release,472.21,success,0.5509
build_04693,2025-11-21T17:35:17.543926,17,4,226.69,767,269,50,4,4,0.599,release,278.33,success,0.5567
build_04694,2025-10-06T01:35:17.543926,1,0,113.36,484,97,38,4,8,0.854,main,72.58,success,0.1694
build_04695,2025-11-29T02:35:17.543926,2,5,422.2,311,96,41,16,8,0.823,release,59.24,success,0.4344
build_04696,2025-09-30T17:35:17.543926,17,1,1987.97,774,173,29,2,8,0.847,feature,320.92,success,0.4814
build_04697,2025-07-27T17:35:17.543926,17,6,343.16,91,15,28,4,4,0.769,feature,40.98,success,0.082
build_04698,2026-01-05T01:35:17.543926,1,0,208.35,597,11,57,2,8,0.97,feature,42.21,success,0.0633
build_04699,2025-07-25T21:35:17.543926,21,4,1370.37,66,1863,67,8,16,0.806,feature,516.12,success,2.4086
build_04700,2025-12-10T16:35:17.543926,16,2,982.58,182,129,35,2,8,0.39,hotfix,150.13,success,0.2252
build_04701,2025-09-24T02:35:17.543926,2,2,858.96,162,20,48,4,8,0.831,hotfix,50.84,success,0.1186
build_04702,2025-11-21T01:35:17.543926,1,4,1042.12,568,146,75,2,4,0.394,feature,214.0,failed,0.2497
build_04703,2025-09-05T17:35:17.543926,17,4,649.0,725,568,43,8,4,0.423,hotfix,320.78,success,1.1762
build_04704,2025-09-06T08:35:17.543926,8,5,1307.83,2932,235,42,2,4,0.466,feature,340.26,failed,0.397
build_04705,2025-10-30T13:35:17.543926,13,3,446.15,72,186,25,4,16,0.604,feature,108.82,success,0.3265
build_04706,2025-08-31T12:35:17.543926,12,6,274.65,883,203,35,4,4,0.609,hotfix,123.78,success,0.2476
build_04707,2025-08-17T02:35:17.543926,2,6,669.17,1649,29,32,2,8,0.552,feature,117.13,success,0.1757
build_04708,2025-09-11T19:35:17.543926,19,3,297.72,481,248,45,2,4,0.75,feature,168.99,success,0.1972
build_04709,2025-12-15T18:35:17.543926,18,0,200.56,1410,127,50,8,8,0.732,feature,100.41,success,0.4016
build_04710,2026-01-12T15:35:17.543926,15,0,1908.57,3783,500,34,8,8,0.928,feature,383.44,success,1.5338
build_04711,2025-10-26T18:35:17.543926,18,6,7653.85,315,32,35,4,8,0.454,hotfix,324.4,success,0.7569
build_04712,2025-11-29T08:35:17.543926,8,5,4902.13,59,155,45,2,8,0.743,release,511.7,success,0.7675
build_04713,2025-08-02T11:35:17.543926,11,5,1870.85,1079,974,29,2,8,0.56,main,932.15,success,1.3982
build_04714,2025-10-01T04:35:17.543926,4,2,341.81,137,28,43,2,8,0.885,feature,44.1,success,0.0662
build_04715,2026-01-02T18:35:17.543926,18,4,3227.39,419,96,79,2,4,0.714,feature,231.79,success,0.2704
build_04716,2025-12-15T02:35:17.543926,2,0,3134.34,3417,1029,25,2,4,0.737,main,1008.33,success,1.1764
build_04717,2025-12-13T11:35:17.543926,11,5,2062.43,107,366,51,4,4,0.657,hotfix,309.58,failed,0.6192
build_04718,2025-09-18T04:35:17.543926,4,3,66.45,537,372,51,4,32,0.518,feature,113.84,success,0.4933
build_04719,2025-07-31T10:35:17.543926,10,3,1278.97,422,101,33,2,8,0.532,release,247.99,success,0.372
build_04720,2025-10-12T18:35:17.543926,18,6,522.48,401,20,53,4,4,0.89,feature,54.51,success,0.109
build_04721,2026-01-15T10:35:17.543926,10,3,1875.4,490,154,36,16,4,0.518,feature,227.68,failed,1.5937
build_04722,2025-09-11T07:35:17.543926,7,3,276.44,493,152,34,2,8,0.616,feature,113.28,success,0.1699
build_04723,2025-09-25T06:35:17.543926,6,3,65.66,286,45,36,16,32,0.47,main,11.1,success,0.1036
build_04724,2025-12-10T19:35:17.543926,19,2,212.0,1773,241,48,2,16,0.794,feature,131.84,success,0.2856
build_04725,2025-11-07T12:35:17.543926,12,4,1409.39,229,64,57,4,8,0.711,feature,189.58,success,0.4424
build_04726,2025-09-24T00:35:17.543926,0,2,358.01,964,89,39,2,4,0.435,feature,128.99,success,0.1505
build_04727,2025-11-02T04:35:17.543926,4,6,5442.91,249,216,28,4,8,0.772,feature,343.5,success,0.8015
build_04728,2025-10-12T21:35:17.543926,21,6,4173.03,214,26,45,16,16,0.856,main,91.31,success,0.7305
build_04729,2025-09-28T15:35:17.543926,15,6,103.32,305,462,37,2,8,0.881,feature,306.09,success,0.4591
build_04730,2025-08-07T08:35:17.543926,8,3,49469.16,3204,308,55,2,4,0.831,hotfix,2609.48,failed,3.0444
build_04731,2025-10-23T11:35:17.543926,11,3,130.85,332,183,50,4,4,0.755,hotfix,103.78,success,0.2076
build_04732,2025-11-03T00:35:17.543926,0,0,2209.25,254,32,61,4,32,0.897,hotfix,70.76,success,0.3066
build_04733,2025-11-28T00:35:17.543926,0,4,259.37,213,262,58,2,4,0.872,feature,156.01,success,0.182
build_04734,2026-01-19T00:35:17.543926,0,0,10014.2,154,76,50,8,8,0.615,feature,594.59,success,2.3784
build_04735,2025-12-26T13:35:17.543926,13,4,2860.6,1085,2356,53,4,8,0.63,feature,1500.87,success,3.502
build_04736,2026-01-11T04:35:17.543926,4,6,3541.26,134,62,46,16,4,0.949,main,190.09,failed,1.3306
build_04737,2025-08-15T01:35:17.543926,1,4,1337.45,646,73,47,8,8,0.825,feature,104.33,success,0.4173
build_04738,2025-10-27T16:35:17.543926,16,0,546.28,534,141,46,16,16,0.887,main,63.59,success,0.5087
build_04739,2025-08-15T21:35:17.543926,21,4,7810.75,469,135,43,2,8,0.71,hotfix,412.09,success,0.6181
build_04740,2025-08-25T22:35:17.543926,22,0,929.89,1436,2831,27,4,4,0.936,feature,1376.78,success,2.7536
build_04741,2025-08-04T02:35:17.543926,2,0,271.65,412,43,58,2,8,0.548,feature,66.28,success,0.0994
build_04742,2025-08-21T17:35:17.543926,17,3,861.48,88,18,33,4,4,0.702,feature,89.29,success,0.1786
build_04743,2025-09-08T08:35:17.543926,8,0,3902.64,303,68,62,2,16,0.594,feature,245.88,success,0.5327
build_04744,2025-08-08T04:35:17.543926,4,4,695.51,312,40,64,4,8,0.726,feature,81.87,success,0.191
build_04745,2025-12-30T18:35:17.543926,18,1,102.34,1089,88,45,2,32,0.875,main,73.04,success,0.2556
build_04746,2025-12-13T17:35:17.543926,17,5,29.79,213,95,28,4,16,0.772,main,52.76,success,0.1583
build_04747,2026-01-12T19:35:17.543926,19,0,879.11,138,426,39,4,4,0.812,main,315.63,success,0.6313
build_04748,2025-08-23T05:35:17.543926,5,5,588.33,292,849,38,2,32,0.711,feature,360.39,success,1.2614
build_04749,2025-09-11T14:35:17.543926,14,3,1503.0,533,139,59,4,4,0.793,feature,193.58,success,0.3872
build_04750,2025-08-18T01:35:17.543926,1,0,320.37,308,171,40,16,8,0.647,feature,69.85,success,0.5122
build_04751,2025-12-02T21:35:17.543926,21,1,872.65,34,420,37,2,8,0.567,feature,330.98,success,0.4965
build_04752,2025-12-26T05:35:17.543926,5,4,2496.89,644,84,45,2,4,0.969,hotfix,168.68,success,0.1968
build_04753,2025-12-03T14:35:17.543926,14,2,421.44,801,106,46,4,4,0.519,release,210.39,success,0.4208
build_04754,2025-12-21T14:35:17.543926,14,6,6524.81,2260,2224,34,2,4,0.338,main,3511.55,success,4.0968
build_04755,2025-11-18T19:35:17.543926,19,1,1719.47,1939,23,45,2,4,0.735,feature,201.41,success,0.235
build_04756,2025-11-13T04:35:17.543926,4,3,2851.7,113,223,40,4,16,0.502,main,291.62,success,0.8749
build_04757,2026-01-13T03:35:17.543926,3,1,451.61,445,134,51,2,8,0.967,release,106.21,success,0.1593
build_04758,2025-08-27T13:35:17.543926,13,2,377.78,343,448,44,2,4,0.8,release,397.4,success,0.4636
build_04759,2026-01-18T01:35:17.543926,1,6,3086.49,90,133,59,4,8,0.684,feature,238.89,success,0.5574
build_04760,2025-10-21T07:35:17.543926,7,1,1578.98,225,71,44,2,4,0.68,feature,138.58,success,0.1617
build_04761,2026-01-19T22:35:17.543926,22,0,360.47,317,126,54,4,32,0.729,feature,52.05,success,0.2256
build_04762,2026-01-12T08:35:17.543926,8,0,6225.83,106,31,29,8,16,0.894,feature,209.87,success,0.9794
build_04763,2026-01-15T11:35:17.543926,11,3,635.66,1717,252,32,4,32,0.734,release,189.6,success,0.8216
build_04764,2025-09-02T01:35:17.543926,1,1,2432.18,181,458,53,2,4,0.575,feature,503.19,success,0.5871
build_04765,2025-10-04T00:35:17.543926,0,5,145.36,146,25,29,2,8,0.649,hotfix,27.94,success,0.0419
build_04766,2025-12-26T06:35:17.543926,6,4,14560.96,509,336,40,8,4,0.885,main,1201.71,success,4.4063
build_04767,2025-09-27T04:35:17.543926,4,5,709.16,369,163,36,8,16,0.679,feature,74.92,success,0.3496
build_04768,2025-10-12T11:35:17.543926,11,6,1438.18,470,219,31,2,4,0.884,main,275.58,success,0.3215
build_04769,2025-12-25T14:35:17.543926,14,3,2664.3,736,15,50,2,16,0.787,feature,201.19,success,0.4359
build_04770,2025-11-11T13:35:17.543926,13,1,2915.76,1179,13,44,2,16,0.642,feature,287.86,success,0.6237
build_04771,2025-11-26T23:35:17.543926,23,2,89.79,1529,40,54,16,16,0.668,feature,31.65,success,0.2532
build_04772,2025-12-28T22:35:17.543926,22,6,933.35,760,71,30,8,4,0.818,feature,101.43,success,0.3719
build_04773,2025-10-28T22:35:17.543926,22,1,2610.78,958,250,75,8,16,0.794,feature,135.03,failed,0.6301
build_04774,2025-11-21T11:35:17.543926,11,4,106.45,230,152,44,2,8,0.748,feature,129.3,success,0.194
build_04775,2025-10-30T14:35:17.543926,14,3,484.83,1353,69,45,2,16,0.532,main,161.34,success,0.3496
build_04776,2025-08-30T02:35:17.543926,2,5,434.68,199,141,24,2,8,0.879,hotfix,90.13,success,0.1352
build_04777,2025-08-11T19:35:17.543926,19,0,7888.67,533,215,24,2,32,0.429,feature,506.64,success,1.7733
build_04778,2026-01-01T15:35:17.543926,15,3,2522.75,1776,517,62,16,16,0.899,feature,163.28,success,1.3062
build_04779,2025-09-22T05:35:17.543926,5,0,4422.21,594,239,38,4,8,0.787,feature,333.42,failed,0.778
build_04780,2025-09-21T03:35:17.543926,3,6,464.13,301,734,39,8,16,0.826,feature,207.35,success,0.9676
build_04781,2025-08-24T10:35:17.543926,10,6,9589.01,307,298,40,2,32,0.709,feature,648.96,success,2.2713
build_04782,2025-10-03T20:35:17.543926,20,4,1193.12,399,95,57,4,8,0.921,release,158.13,success,0.369
build_04783,2025-12-18T10:35:17.543926,10,3,303.69,1610,95,58,2,16,0.541,hotfix,124.64,success,0.2701
build_04784,2025-12-09T05:35:17.543926,5,1,23.34,185,119,37,4,32,0.918,feature,36.82,success,0.1595
build_04785,2025-09-16T10:35:17.543926,10,1,1269.63,435,51,53,8,16,0.813,feature,84.36,success,0.3937
build_04786,2025-12-07T03:35:17.543926,3,6,297.15,997,80,49,8,8,0.265,feature,87.67,success,0.3507
build_04787,2025-09-24T03:35:17.543926,3,2,2021.95,111,139,43,4,4,0.739,feature,205.86,success,0.4117
build_04788,2025-08-09T04:35:17.543926,4,5,8844.93,1983,197,56,4,4,0.824,feature,693.81,failed,1.3876
build_04789,2025-11-03T05:35:17.543926,5,0,136.66,724,112,42,8,16,0.836,feature,43.12,success,0.2012
build_04790,2025-11-27T17:35:17.543926,17,3,170.12,198,806,40,8,8,0.788,main,463.0,success,1.852
build_04791,2025-12-31T23:35:17.543926,23,2,1337.05,237,204,41,4,4,0.574,feature,251.64,failed,0.5033
build_04792,2025-07-27T04:35:17.543926,4,6,1168.68,604,25,47,8,32,0.835,feature,30.72,success,0.1843
build_04793,2025-10-02T09:35:17.543926,9,3,262.2,1694,129,84,2,8,0.818,feature,159.93,success,0.2399
build_04794,2025-09-11T14:35:17.543926,14,3,694.55,511,45,27,2,32,0.582,feature,78.63,success,0.2752
build_04795,2025-11-15T10:35:17.543926,10,5,2330.5,988,96,24,2,8,0.844,main,305.26,success,0.4579
build_04796,2025-10-10T23:35:17.543926,23,4,94.44,292,48,33,8,4,0.853,feature,41.2,success,0.1511
build_04797,2025-11-10T23:35:17.543926,23,0,4479.5,317,230,42,4,4,0.729,release,504.05,success,1.0081
build_04798,2025-09-05T03:35:17.543926,3,4,15142.68,2299,455,47,4,16,0.796,main,922.26,success,2.7668
build_04799,2025-11-11T04:35:17.543926,4,1,1591.7,225,301,40,2,8,0.856,main,294.94,success,0.4424
build_04800,2025-10-09T18:35:17.543926,18,3,138.55,1270,88,40,4,8,0.671,feature,86.0,success,0.2007
build_04801,2025-10-26T13:35:17.543926,13,6,682.53,91,30,62,8,16,0.541,hotfix,39.84,success,0.1859
build_04802,2025-09-26T07:35:17.543926,7,4,1263.66,338,559,40,4,16,0.749,feature,292.13,success,0.8764
build_04803,2025-09-29T02:35:17.543926,2,0,6072.78,59,266,55,4,16,0.947,feature,322.22,success,0.9667
build_04804,2025-12-27T17:35:17.543926,17,5,1400.2,40,27,52,8,4,0.597,release,165.57,success,0.6071
build_04805,2025-12-16T07:35:17.543926,7,1,5530.64,518,107,49,8,8,0.76,feature,256.05,success,1.0242
build_04806,2025-12-10T14:35:17.543926,14,2,129.34,131,28,21,4,4,0.712,main,40.11,success,0.0802
build_04807,2025-08-05T12:35:17.543926,12,1,4077.22,1331,599,33,2,8,0.971,feature,680.44,success,1.0207
build_04808,2025-11-20T14:35:17.543926,14,3,1648.29,1303,314,44,2,16,0.781,feature,424.28,success,0.9193
build_04809,2025-08-16T14:35:17.543926,14,5,335.34,123,165,35,2,4,0.644,main,193.34,success,0.2256
build_04810,2025-08-03T10:35:17.543926,10,6,628.57,368,46,20,8,8,0.535,hotfix,58.94,success,0.2357
build_04811,2026-01-08T10:35:17.543926,10,3,5129.1,1357,202,43,16,16,0.732,feature,204.69,success,1.6375
build_04812,2025-08-17T07:35:17.543926,7,6,3213.11,242,82,42,2,8,0.694,release,374.39,success,0.5616
build_04813,2025-11-19T20:35:17.543926,20,2,25338.55,177,76,46,4,4,0.543,feature,1656.31,success,3.3126
build_04814,2025-09-21T17:35:17.543926,17,6,4590.1,362,44,58,4,16,0.827,main,337.07,success,1.0112
build_04815,2026-01-07T23:35:17.543926,23,2,2525.13,299,180,63,4,8,0.741,feature,223.77,success,0.5221
build_04816,2025-09-12T02:35:17.543926,2,4,2980.15,759,350,66,2,4,0.805,feature,364.07,success,0.4248
build_04817,2025-11-06T13:35:17.543926,13,3,506.73,266,74,43,8,16,0.643,feature,57.74,success,0.2695
build_04818,2025-10-16T07:35:17.543926,7,3,20006.35,928,43,24,4,16,0.227,main,1480.12,success,4.4404
build_04819,2025-08-01T09:35:17.543926,9,4,20683.28,255,20,35,16,8,0.703,feature,995.73,success,7.302
build_04820,2025-12-19T01:35:17.543926,1,4,504.05,147,158,48,8,16,0.95,release,74.38,success,0.3471
build_04821,2025-10-27T00:35:17.543926,0,0,1321.52,1317,336,29,8,8,0.952,hotfix,139.27,success,0.5571
build_04822,2025-12-30T15:35:17.543926,15,1,6104.26,342,251,26,8,8,0.888,feature,372.12,success,1.4885
build_04823,2025-12-16T22:35:17.543926,22,1,2594.66,88,1227,43,4,32,0.813,main,478.16,success,2.072
build_04824,2025-12-15T07:35:17.543926,7,0,1001.99,356,231,49,4,4,0.813,feature,197.88,success,0.3958
build_04825,2025-09-21T14:35:17.543926,14,6,3369.05,105,2165,52,4,4,0.564,feature,1676.26,success,3.3525
build_04826,2025-09-11T01:35:17.543926,1,3,5482.64,162,1262,52,8,16,0.675,release,669.36,success,3.1237
build_04827,2025-11-28T16:35:17.543926,16,4,138.19,73,90,42,8,8,0.843,main,67.47,success,0.2699
build_04828,2025-08-06T04:35:17.543926,4,2,48966.96,1482,188,49,8,8,0.532,main,3329.45,success,13.3178
build_04829,2025-09-28T16:35:17.543926,16,6,67.04,563,403,58,8,16,0.546,release,228.9,success,1.0682
build_04830,2025-08-06T12:35:17.543926,12,2,367.61,126,514,36,16,8,0.711,release,283.27,success,2.0773
build_04831,2025-12-16T01:35:17.543926,1,1,143.84,258,4830,38,4,32,0.962,feature,1093.48,success,4.7384
build_04832,2025-09-23T22:35:17.543926,22,1,562.08,586,11,42,16,16,0.606,main,20.85,success,0.1668
build_04833,2025-11-19T17:35:17.543926,17,2,330.12,406,149,25,4,4,0.776,main,141.42,success,0.2828
build_04834,2025-08-02T22:35:17.543926,22,5,3788.28,50,346,69,2,16,0.922,feature,334.9,success,0.7256
build_04835,2025-12-11T09:35:17.543926,9,3,1981.63,66,341,44,2,4,0.705,release,581.17,success,0.678
build_04836,2025-10-11T01:35:17.543926,1,5,2948.76,1880,130,41,4,4,0.838,main,342.98,failed,0.686
build_04837,2025-10-19T03:35:17.543926,3,6,147.09,70,527,36,16,8,0.487,feature,160.62,success,1.1779
build_04838,2025-07-27T01:35:17.543926,1,6,582.04,829,31,41,2,32,0.604,main,75.06,success,0.2627
build_04839,2025-11-15T21:35:17.543926,21,5,499.23,1117,836,30,16,8,0.634,feature,242.85,success,1.7809
build_04840,2025-08-13T17:35:17.543926,17,2,2411.54,341,623,30,2,4,0.731,feature,763.86,success,0.8912
build_04841,2025-12-24T02:35:17.543926,2,2,2274.44,1883,252,34,4,16,0.571,feature,293.81,success,0.8814
build_04842,2025-11-14T18:35:17.543926,18,4,3496.62,138,55,28,2,16,0.784,release,329.66,success,0.7143
build_04843,2025-10-05T12:35:17.543926,12,6,1151.61,363,565,48,2,4,0.814,feature,404.05,success,0.4714
build_04844,2026-01-16T14:35:17.543926,14,4,789.73,293,149,41,4,4,0.541,hotfix,161.15,success,0.3223
build_04845,2025-11-27T18:35:17.543926,18,3,1110.44,165,1009,31,2,16,0.773,hotfix,423.75,success,0.9181
build_04846,2025-09-13T18:35:17.543926,18,5,179.57,119,271,71,4,4,0.502,feature,198.04,success,0.3961
build_04847,2025-08-21T21:35:17.543926,21,3,5048.86,251,59,53,8,4,0.828,feature,299.7,success,1.0989
build_04848,2025-11-17T14:35:17.543926,14,0,910.57,1256,1428,47,2,4,0.84,feature,978.15,success,1.1412
build_04849,2025-12-17T00:35:17.543926,0,2,12124.54,725,281,43,8,16,0.758,main,542.33,success,2.5309
build_04850,2025-12-14T22:35:17.543926,22,6,397.43,253,398,41,2,16,0.614,feature,205.66,success,0.4456
build_04851,2025-11-14T22:35:17.543926,22,4,1022.24,339,241,52,2,8,0.601,hotfix,166.1,success,0.2491
build_04852,2025-10-11T09:35:17.543926,9,5,1940.43,215,226,53,8,4,0.596,hotfix,192.98,success,0.7076
build_04853,2025-12-27T20:35:17.543926,20,5,77991.48,741,113,25,8,8,0.785,release,5087.29,success,20.3492
build_04854,2026-01-03T09:35:17.543926,9,5,310.22,2612,186,55,4,16,0.776,feature,200.58,success,0.6017
build_04855,2025-11-15T12:35:17.543926,12,5,908.96,787,203,30,8,4,0.787,feature,186.72,success,0.6846
build_04856,2025-10-04T11:35:17.543926,11,5,469.39,1500,14,65,2,16,0.765,release,119.23,success,0.2583
build_04857,2025-12-30T21:35:17.543926,21,1,494.15,220,83,40,2,4,0.778,hotfix,61.24,success,0.0714
build_04858,2025-08-05T19:35:17.543926,19,1,5747.63,235,15,44,2,4,0.9,feature,338.55,failed,0.395
build_04859,2025-12-24T07:35:17.543926,7,2,5737.64,559,646,56,2,4,0.835,main,895.83,failed,1.0451
build_04860,2025-12-24T20:35:17.543926,20,2,901.98,476,711,30,2,32,0.699,feature,326.9,success,1.1441
build_04861,2025-08-11T08:35:17.543926,8,0,3887.03,297,58,40,4,32,0.529,feature,189.2,success,0.8199
build_04862,2025-08-04T10:35:17.543926,10,0,5734.92,53,30,44,2,16,0.776,feature,440.98,success,0.9555
build_04863,2025-07-29T22:35:17.543926,22,1,18.15,89,186,28,4,4,0.682,feature,105.2,success,0.2104
build_04864,2025-08-16T23:35:17.543926,23,5,4197.32,248,828,22,2,8,0.791,main,727.3,success,1.091
build_04865,2025-12-24T00:35:17.543926,0,2,211.13,72,270,48,4,4,0.561,feature,149.78,success,0.2996
build_04866,2025-08-27T23:35:17.543926,23,2,575.98,250,790,36,4,32,0.899,feature,195.16,success,0.8457
build_04867,2025-08-27T03:35:17.543926,3,2,228.75,39,17,32,4,4,0.678,feature,33.26,failed,0.0665
build_04868,2025-12-31T05:35:17.543926,5,2,10036.79,169,148,32,2,32,0.774,main,534.75,success,1.8716
build_04869,2025-07-28T07:35:17.543926,7,0,293.93,488,64,45,4,4,0.562,release,99.97,success,0.1999
build_04870,2025-10-09T05:35:17.543926,5,3,578.08,572,65,45,8,8,0.611,feature,76.93,success,0.3077
build_04871,2025-10-22T13:35:17.543926,13,2,1257.93,926,308,47,8,4,0.964,main,379.54,failed,1.3917
build_04872,2025-10-21T02:35:17.543926,2,1,165.5,305,391,51,8,4,0.838,feature,212.97,success,0.7809
build_04873,2025-08-17T18:35:17.543926,18,6,1503.51,960,18,55,8,16,0.303,main,104.81,success,0.4891
build_04874,2025-10-08T13:35:17.543926,13,2,331.4,38,139,59,2,8,0.966,feature,123.58,success,0.1854
build_04875,2025-11-11T00:35:17.543926,0,1,948.75,109,81,48,2,8,0.803,feature,98.91,success,0.1484
build_04876,2025-11-22T10:35:17.543926,10,5,41.41,1953,29,38,4,4,0.769,release,134.3,success,0.2686
build_04877,2025-08-16T19:35:17.543926,19,5,956.25,581,138,46,8,4,0.903,feature,81.97,success,0.3006
build_04878,2025-12-27T22:35:17.543926,22,5,60.67,1167,84,67,2,4,0.575,release,130.97,success,0.1528
build_04879,2025-09-29T11:35:17.543926,11,0,6659.04,102,904,26,4,8,0.758,feature,1028.38,success,2.3995
build_04880,2025-09-08T11:35:17.543926,11,0,7175.67,139,248,43,4,8,0.832,feature,712.18,success,1.6618
build_04881,2025-12-01T00:35:17.543926,0,0,1102.89,50,288,46,4,16,0.859,feature,147.59,success,0.4428
build_04882,2025-10-23T05:35:17.543926,5,3,694.75,454,29,33,8,8,0.753,hotfix,41.57,success,0.1663
build_04883,2025-11-08T11:35:17.543926,11,5,1131.97,754,76,32,2,16,0.797,feature,183.82,success,0.3983
build_04884,2026-01-10T10:35:17.543926,10,5,676.64,362,241,56,2,4,0.465,feature,262.36,success,0.3061
build_04885,2025-11-21T13:35:17.543926,13,4,1557.14,63,84,36,8,32,0.845,main,64.51,success,0.3871
build_04886,2026-01-16T02:35:17.543926,2,4,25.17,334,158,37,4,4,0.661,hotfix,87.7,success,0.1754
build_04887,2025-08-09T21:35:17.543926,21,5,1203.54,356,319,40,2,8,0.738,feature,263.0,success,0.3945
build_04888,2025-10-02T11:35:17.543926,11,3,18806.02,424,413,40,2,16,0.833,release,1616.64,success,3.5027
build_04889,2025-11-15T02:35:17.543926,2,5,337.06,223,179,31,2,4,0.863,feature,129.26,success,0.1508
build_04890,2025-11-01T05:35:17.543926,5,5,24668.35,744,625,50,8,8,0.697,release,1671.8,success,6.6872
build_04891,2025-11-09T21:35:17.543926,21,6,2014.3,910,22,56,4,8,0.972,feature,135.2,success,0.3155
build_04892,2025-11-12T07:35:17.543926,7,2,6830.34,282,155,52,2,8,0.775,feature,527.15,failed,0.7907
build_04893,2026-01-20T07:35:17.543926,7,1,2014.98,450,43,61,8,4,0.898,release,174.07,failed,0.6383
build_04894,2025-10-28T10:35:17.543926,10,1,2903.34,111,1937,36,4,4,0.631,feature,1650.94,success,3.3019
build_04895,2025-08-27T15:35:17.543926,15,2,100.7,225,17,47,8,8,0.94,feature,24.87,success,0.0995
build_04896,2025-11-17T13:35:17.543926,13,0,3058.79,309,354,43,4,8,0.584,feature,395.56,success,0.923
build_04897,2025-08-21T10:35:17.543926,10,3,5392.09,837,555,46,4,16,0.964,feature,504.52,success,1.5136
build_04898,2025-09-25T10:35:17.543926,10,3,767.88,880,31,43,2,16,0.579,release,163.27,success,0.3538
build_04899,2025-10-12T23:35:17.543926,23,6,469.78,57,405,44,8,16,0.724,hotfix,104.43,failed,0.4873
build_04900,2025-11-01T18:35:17.543926,18,5,1040.94,1160,97,59,16,4,0.679,feature,112.0,success,0.784
build_04901,2025-12-24T08:35:17.543926,8,2,251.65,116,76,40,8,4,0.354,main,84.42,success,0.3095
build_04902,2025-12-27T04:35:17.543926,4,5,181.99,406,62,24,8,16,0.891,main,30.96,success,0.1445
build_04903,2025-12-02T10:35:17.543926,10,1,2256.26,293,334,41,4,4,0.665,release,526.1,success,1.0522
build_04904,2025-07-25T09:35:17.543926,9,4,20685.43,1147,133,48,16,4,0.629,hotfix,1008.77,success,7.0614
build_04905,2025-09-29T22:35:17.543926,22,0,2471.01,236,125,64,2,16,0.933,main,205.3,failed,0.4448
build_04906,2026-01-18T06:35:17.543926,6,6,796.97,2117,146,26,2,8,0.597,main,283.23,success,0.4248
build_04907,2025-10-21T02:35:17.543926,2,1,655.67,127,50,37,2,32,0.652,feature,49.05,success,0.1717
build_04908,2025-12-22T19:35:17.543926,19,0,1238.75,402,645,34,4,16,0.826,main,343.67,success,1.031
build_04909,2025-08-29T04:35:17.543926,4,4,247.52,256,90,50,8,8,0.854,feature,56.94,success,0.2278
build_04910,2025-11-25T10:35:17.543926,10,1,322.12,219,50,25,8,32,0.813,hotfix,19.2,success,0.1152
build_04911,2026-01-02T19:35:17.543926,19,4,3444.7,1144,90,40,8,16,0.519,feature,170.42,success,0.7953
build_04912,2025-12-09T01:35:17.543926,1,1,398.35,1045,299,25,16,4,0.926,release,148.6,success,1.0402
build_04913,2025-10-10T20:35:17.543926,20,4,8681.96,550,255,78,2,8,0.945,feature,627.93,failed,0.9419
build_04914,2025-12-30T19:35:17.543926,19,1,464.68,1542,74,35,4,4,0.787,feature,94.3,success,0.1886
build_04915,2025-12-17T00:35:17.543926,0,2,448.98,175,31,36,4,4,0.799,main,60.86,success,0.1217
build_04916,2025-10-11T17:35:17.543926,17,5,70.89,794,40,66,2,32,0.759,release,77.68,success,0.2719
build_04917,2025-07-31T01:35:17.543926,1,3,1507.79,540,2405,29,2,8,0.834,feature,965.37,failed,1.4481
build_04918,2025-08-31T06:35:17.543926,6,6,979.46,3048,64,59,4,4,0.594,feature,185.61,failed,0.3712
build_04919,2025-09-20T03:35:17.543926,3,5,496.91,136,95,44,2,32,0.891,feature,55.98,success,0.1959
build_04920,2025-08-04T08:35:17.543926,8,0,6269.61,771,472,40,16,32,0.638,main,151.15,success,1.4107
build_04921,2025-08-17T17:35:17.543926,17,6,511.89,203,51,22,2,4,0.809,main,108.73,success,0.1269
build_04922,2026-01-14T22:35:17.543926,22,2,435.33,138,11,36,4,32,0.918,main,23.92,success,0.1036
build_04923,2025-08-09T01:35:17.543926,1,5,303.48,654,61,34,4,8,0.847,main,64.48,success,0.1505
build_04924,2025-09-19T20:35:17.543926,20,4,68.87,339,318,29,2,4,0.656,hotfix,153.07,success,0.1786
build_04925,2026-01-12T13:35:17.543926,13,0,2112.54,197,230,27,8,8,0.844,main,232.98,success,0.9319
build_04926,2026-01-04T03:35:17.543926,3,6,1644.04,36,319,41,16,4,0.867,feature,211.91,success,1.4834
build_04927,2026-01-04T09:35:17.543926,9,6,54.59,999,88,61,2,16,0.662,feature,107.4,success,0.2327
build_04928,2025-07-27T10:35:17.543926,10,6,760.9,248,364,55,8,16,0.458,feature,195.84,success,0.9139
build_04929,2026-01-08T22:35:17.543926,22,3,42207.53,811,152,28,4,4,0.389,main,4395.07,success,8.7901
build_04930,2025-10-30T11:35:17.543926,11,3,1546.23,168,338,40,8,4,0.416,feature,413.97,failed,1.5179
build_04931,2025-11-07T00:35:17.543926,0,4,69.43,274,228,68,2,8,0.735,main,178.0,success,0.267
build_04932,2025-10-27T17:35:17.543926,17,0,1098.03,1061,16,56,2,8,0.883,feature,126.65,success,0.19
build_04933,2025-09-18T08:35:17.543926,8,3,1615.43,414,838,23,2,4,0.812,feature,645.47,success,0.753
build_04934,2025-11-27T12:35:17.543926,12,3,4029.71,195,60,43,2,16,0.841,main,344.89,success,0.7473
build_04935,2025-07-25T02:35:17.543926,2,4,49.89,733,395,52,8,8,0.625,feature,183.64,success,0.7345
build_04936,2025-10-19T07:35:17.543926,7,6,3245.35,202,88,42,2,8,0.903,feature,232.15,success,0.3482
build_04937,2025-11-23T09:35:17.543926,9,6,214.47,3325,122,67,16,16,0.847,hotfix,56.64,success,0.4531
build_04938,2025-12-30T16:35:17.543926,16,1,128.02,444,47,54,2,16,0.918,hotfix,35.31,success,0.0765
build_04939,2025-09-11T00:35:17.543926,0,3,392.75,328,10,43,8,16,0.75,main,27.45,success,0.1281
build_04940,2025-10-11T21:35:17.543926,21,5,518.26,213,95,38,16,8,0.911,hotfix,32.79,success,0.2405
build_04941,2025-09-19T19:35:17.543926,19,4,249.36,307,546,54,2,32,0.829,hotfix,156.16,success,0.5466
build_04942,2025-11-14T09:35:17.543926,9,4,30646.85,481,103,41,4,4,0.531,release,3030.4,success,6.0608
build_04943,2025-09-10T23:35:17.543926,23,2,11862.39,513,893,44,8,16,0.877,release,898.53,success,4.1931
build_04944,2025-11-26T09:35:17.543926,9,2,2160.67,93,147,46,4,32,0.599,feature,168.14,success,0.7286
build_04945,2026-01-14T14:35:17.543926,14,2,1092.29,125,69,36,2,8,0.726,main,146.86,success,0.2203
build_04946,2025-08-07T03:35:17.543926,3,3,1652.86,394,96,35,2,16,0.74,release,188.31,success,0.408
build_04947,2025-11-21T06:35:17.543926,6,4,188.07,2588,91,33,8,8,0.74,feature,104.45,failed,0.4178
build_04948,2025-11-30T06:35:17.543926,6,6,538.52,146,28,43,4,8,0.618,release,87.15,success,0.2034
build_04949,2025-08-19T01:35:17.543926,1,1,1131.57,515,711,33,16,16,0.951,feature,121.06,success,0.9685
build_04950,2026-01-01T22:35:17.543926,22,3,29629.67,1028,300,41,16,8,0.638,hotfix,884.65,success,6.4874
build_04951,2026-01-05T09:35:17.543926,9,0,527.2,828,269,27,8,4,0.483,main,344.2,success,1.2621
build_04952,2025-09-10T18:35:17.543926,18,2,1786.28,357,427,19,4,4,0.537,main,452.15,success,0.9043
build_04953,2025-11-04T03:35:17.543926,3,1,2296.62,911,1159,50,2,8,0.292,feature,829.92,success,1.2449
build_04954,2026-01-09T01:35:17.543926,1,4,6250.5,1147,286,37,2,8,0.692,feature,640.51,success,0.9608
build_04955,2026-01-15T20:35:17.543926,20,3,236.98,82,727,29,4,8,0.469,feature,386.99,success,0.903
build_04956,2026-01-01T08:35:17.543926,8,3,993.56,563,69,71,2,4,0.871,feature,122.53,success,0.143
build_04957,2025-08-16T10:35:17.543926,10,5,2584.88,79,283,51,16,4,0.727,feature,355.75,success,2.4903
build_04958,2025-10-23T03:35:17.543926,3,3,14527.39,288,261,46,4,16,0.696,release,990.09,success,2.9703
build_04959,2025-11-29T07:35:17.543926,7,5,316.06,2183,320,59,4,4,0.578,release,326.47,success,0.6529
build_04960,2025-11-13T02:35:17.543926,2,3,872.87,631,41,30,4,4,0.328,main,159.02,success,0.318
build_04961,2025-08-31T10:35:17.543926,10,6,4538.06,412,464,41,2,8,0.774,feature,553.87,success,0.8308
build_04962,2025-12-09T18:35:17.543926,18,1,1741.18,817,320,40,8,8,0.856,feature,199.97,failed,0.7999
build_04963,2025-10-02T18:35:17.543926,18,3,3224.03,266,123,36,4,4,0.73,release,332.78,failed,0.6656
build_04964,2025-10-16T14:35:17.543926,14,3,4185.64,7242,107,34,2,4,0.808,main,1031.4,success,1.2033
build_04965,2026-01-13T13:35:17.543926,13,1,11.32,307,89,41,2,8,0.502,feature,84.35,success,0.1265
build_04966,2026-01-05T12:35:17.543926,12,0,1493.49,401,421,46,8,4,0.689,feature,358.44,success,1.3143
build_04967,2025-08-11T12:35:17.543926,12,0,2425.13,435,227,41,2,8,0.699,feature,371.42,success,0.5571
build_04968,2025-11-26T12:35:17.543926,12,2,5065.8,287,331,53,2,4,0.837,feature,687.7,failed,0.8023
build_04969,2025-10-10T19:35:17.543926,19,4,398.41,173,53,48,2,8,0.49,feature,71.06,success,0.1066
build_04970,2026-01-04T12:35:17.543926,12,6,9295.88,155,61,39,2,8,0.691,hotfix,732.95,success,1.0994
build_04971,2026-01-01T01:35:17.543926,1,3,219.79,598,646,26,16,4,0.82,feature,264.8,success,1.8536
build_04972,2025-09-14T07:35:17.543926,7,6,7099.86,717,642,42,4,4,0.873,feature,617.94,success,1.2359
build_04973,2025-09-15T20:35:17.543926,20,0,2383.82,346,93,63,4,8,0.747,feature,223.09,failed,0.5206
build_04974,2025-12-06T19:35:17.543926,19,5,9768.18,436,129,41,8,32,0.948,hotfix,191.73,success,1.1504
build_04975,2025-08-12T18:35:17.543926,18,1,1746.5,102,471,55,4,8,0.926,feature,301.6,success,0.7037
build_04976,2025-08-09T20:35:17.543926,20,5,40749.99,565,134,38,2,4,0.792,hotfix,1793.42,success,2.0923
build_04977,2025-07-31T04:35:17.543926,4,3,1100.89,455,69,24,4,8,0.621,feature,126.63,success,0.2955
build_04978,2025-11-21T07:35:17.543926,7,4,1464.48,697,341,29,2,4,0.717,feature,267.03,success,0.3115
build_04979,2025-12-10T18:35:17.543926,18,2,7805.72,571,374,36,8,8,0.729,feature,462.63,success,1.8505
build_04980,2025-12-02T05:35:17.543926,5,1,1152.76,216,61,47,2,16,0.629,main,120.94,success,0.262
build_04981,2026-01-08T13:35:17.543926,13,3,5370.89,1284,215,68,2,16,0.481,feature,659.58,failed,1.4291
build_04982,2026-01-05T07:35:17.543926,7,0,68.68,548,184,48,4,16,0.697,release,103.04,success,0.3091
build_04983,2025-10-02T16:35:17.543926,16,3,11273.18,494,111,28,2,8,0.746,release,1232.2,success,1.8483
build_04984,2025-09-30T15:35:17.543926,15,1,2077.01,555,176,34,16,16,0.734,feature,98.58,success,0.7887
build_04985,2025-09-11T00:35:17.543926,0,3,1818.22,1507,1145,27,8,4,0.67,feature,722.6,success,2.6495
build_04986,2026-01-07T16:35:17.543926,16,2,2023.03,679,12,43,2,8,0.521,feature,250.2,success,0.3753
build_04987,2025-08-16T21:35:17.543926,21,5,4638.41,201,381,68,4,16,0.462,feature,355.72,success,1.0672
build_04988,2025-11-10T16:35:17.543926,16,0,10914.14,700,94,39,16,4,0.844,feature,599.41,success,4.1959
build_04989,2026-01-01T09:35:17.543926,9,3,638.34,530,265,66,4,4,0.712,main,359.99,success,0.72
build_04990,2025-12-07T09:35:17.543926,9,6,1179.95,362,99,54,4,16,0.615,feature,128.93,success,0.3868
build_04991,2025-11-29T22:35:17.543926,22,5,1216.6,650,133,61,4,4,0.623,hotfix,135.85,failed,0.2717
build_04992,2025-08-07T17:35:17.543926,17,3,95.88,724,52,52,4,8,0.68,feature,78.51,success,0.1832
build_04993,2025-07-26T09:35:17.543926,9,5,770.45,427,81,63,2,8,0.632,main,184.08,success,0.2761
build_04994,2026-01-16T04:35:17.543926,4,4,2248.48,242,164,29,2,4,0.779,feature,259.41,success,0.3026
build_04995,2026-01-06T09:35:17.543926,9,1,148.0,55,480,49,4,16,0.45,feature,295.09,success,0.8853
build_04996,2025-08-24T07:35:17.543926,7,6,507.64,3537,40,58,4,16,0.544,feature,133.48,success,0.4004
build_04997,2025-10-13T03:35:17.543926,3,0,58.82,367,65,41,4,16,0.72,release,47.42,success,0.1422
build_04998,2025-07-29T21:35:17.543926,21,1,318.98,2957,128,43,8,8,0.878,feature,134.79,success,0.5391
build_04999,2025-09-10T05:35:17.543926,5,2,228.23,411,1976,50,16,32,0.426,feature,242.87,success,2.2668
